Date,regime,ma_20,ma_50
1990-03-13,0,332.8370025634766,335.75500122070315
1990-03-14,0,333.12950286865237,335.29860107421877
1990-03-15,0,333.43250274658203,334.88480102539063
1990-03-16,0,333.78350219726565,334.60960083007814
1990-03-19,0,334.3240020751953,334.43620056152344
1990-03-20,1,335.0030029296875,334.1918005371094
1990-03-21,1,335.6065017700195,333.99420043945315
1990-03-22,1,336.10600128173826,333.76180053710937
1990-03-23,1,336.7595016479492,333.5356005859375
1990-03-26,1,337.20750122070314,333.48960083007813
1990-03-27,1,337.7695007324219,333.5796008300781
1990-03-28,1,338.275,333.60460083007814
1990-03-29,1,338.67750091552733,333.6724011230469
1990-03-30,1,338.8975006103516,333.70740112304685
1990-04-02,1,339.1455017089844,333.69840148925783
1990-04-03,1,339.4310028076172,333.96360168457034
1990-04-04,1,339.6380020141602,334.15320190429685
1990-04-05,1,339.66100311279297,334.36260192871094
1990-04-06,1,339.7685028076172,334.6426019287109
1990-04-09,1,339.9035018920898,334.9540020751953
1990-04-10,1,340.2070022583008,335.29140197753907
1990-04-11,1,340.4595031738281,335.6702020263672
1990-04-12,1,340.7730026245117,335.9754022216797
1990-04-16,1,340.914501953125,336.2944018554688
1990-04-17,1,340.97200164794924,336.56960144042966
1990-04-18,1,340.92950134277345,336.74700134277344
1990-04-19,1,340.84700164794924,336.91560119628906
1990-04-20,1,340.8185012817383,336.9430010986328
1990-04-23,1,340.51000061035154,336.9048010253906
1990-04-24,1,340.14649963378906,336.8396008300781
1990-04-25,1,339.6729995727539,336.87860107421875
1990-04-26,1,339.2190002441406,336.9166015625
1990-04-27,1,338.63499908447267,336.85860107421877
1990-04-30,1,338.1779983520508,336.77680053710935
1990-05-01,1,337.8554977416992,336.7674005126953
1990-05-02,1,337.3974975585937,336.8972009277344
1990-05-03,1,337.12149810791016,337.0552008056641
1990-05-04,0,337.00449829101564,337.3090008544922
1990-05-07,0,337.02699890136716,337.63660095214846
1990-05-08,0,337.0589996337891,337.90340087890627
1990-05-09,0,337.09849853515624,338.155400390625
1990-05-10,0,337.1934982299805,338.3940002441406
1990-05-11,0,337.5764984130859,338.7792004394531
1990-05-14,0,338.0769989013672,339.1634002685547
1990-05-15,0,338.55699920654297,339.57420043945314
1990-05-16,0,339.2209991455078,339.8956005859375
1990-05-17,0,340.0399993896484,340.2460003662109
1990-05-18,1,341.01600036621096,340.53340087890626
1990-05-21,1,342.3635009765625,340.93480102539064
1990-05-22,1,343.7670013427734,341.3300006103516
1990-05-23,1,345.1300018310547,341.79580078125
1990-05-24,1,346.4045013427734,342.22660095214843
1990-05-25,1,347.6780014038086,342.5568005371094
1990-05-29,1,349.1705017089844,342.93160034179687
1990-05-30,1,350.6010009765625,343.2782000732422
1990-05-31,1,351.9385009765625,343.67140014648436
1990-06-01,1,353.31800079345703,344.1398004150391
1990-06-04,1,354.76849975585935,344.7740002441406
1990-06-05,1,356.0740005493164,345.36240051269533
1990-06-06,1,357.22149963378905,345.9090002441406
1990-06-07,1,358.23600006103516,346.3420001220703
1990-06-08,1,358.9804992675781,346.6761999511719
1990-06-11,1,359.4619995117188,347.0929998779297
1990-06-12,1,360.03699951171876,347.61919982910155
1990-06-13,1,360.5679992675781,348.1431994628906
1990-06-14,1,361.0129989624023,348.52839904785156
1990-06-15,1,361.4349990844727,348.9647991943359
1990-06-18,1,361.54699859619143,349.2877990722656
1990-06-19,1,361.57049865722655,349.65559936523437
1990-06-20,1,361.60399932861327,350.01019958496096
1990-06-21,1,361.66299896240236,350.3781994628906
1990-06-22,1,361.5139984130859,350.64839904785157
1990-06-25,1,361.40049896240237,350.80779907226565
1990-06-26,1,360.9709991455078,350.95419921875
1990-06-27,1,360.68500061035155,351.1633996582031
1990-06-28,1,360.50500030517577,351.5015997314453
1990-06-29,1,360.2479995727539,351.90019958496094
1990-07-02,1,359.8550003051758,352.38859985351564
1990-07-03,1,359.5309997558594,352.9708001708984
1990-07-05,1,359.0669998168945,353.4772003173828
1990-07-06,1,358.830500793457,354.00500061035154
1990-07-09,1,358.8710006713867,354.5370001220703
1990-07-10,1,358.61399993896487,355.08460021972655
1990-07-11,1,358.3630004882813,355.6932006835938
1990-07-12,1,358.39000091552737,356.35700073242185
1990-07-13,1,358.6105010986328,357.0136004638672
1990-07-16,1,358.9125015258789,357.68120056152344
1990-07-17,1,359.4445007324219,358.2638000488281
1990-07-18,1,359.73200073242185,358.73760009765624
1990-07-19,1,360.04300079345705,359.2038000488281
1990-07-20,1,360.1,359.5788000488281
1990-07-23,1,360.0940002441406,359.8085998535156
1990-07-24,1,360.268000793457,359.88440002441405
1990-07-25,1,360.5195007324219,359.9311999511719
1990-07-26,1,360.5580001831055,359.96380004882815
1990-07-27,1,360.34850006103517,359.9526000976563
1990-07-30,1,360.225,359.97419982910156
1990-07-31,1,360.0554992675781,360.0043994140625
1990-08-01,0,359.82349853515626,359.9547991943359
1990-08-02,0,359.6134994506836,359.81579956054685
1990-08-03,0,358.935498046875,359.5271990966797
1990-08-06,0,357.68099822998045,359.04759887695315
1990-08-07,0,356.597998046875,358.6525988769531
1990-08-08,0,355.45399780273436,358.20659912109375
1990-08-09,0,354.1789978027344,357.78819946289065
1990-08-10,0,352.5894973754883,357.2739990234375
1990-08-13,0,351.08399658203126,356.7875988769531
1990-08-14,0,349.67749786376953,356.2273992919922
1990-08-15,0,348.46949768066406,355.6957989501953
1990-08-16,0,346.822998046875,355.0443994140625
1990-08-17,0,345.13399810791014,354.33799926757814
1990-08-20,0,343.7939987182617,353.73399963378904
1990-08-21,0,342.0974975585938,352.93859924316405
1990-08-22,0,340.0704971313477,351.9445989990234
1990-08-23,0,337.62799682617185,350.7877990722656
1990-08-24,0,335.5314971923828,349.75999938964844
1990-08-27,0,333.8259979248047,348.9305993652344
1990-08-28,0,332.085498046875,348.21979919433596
1990-08-29,0,330.51899871826174,347.53419921875
1990-08-30,0,328.88049774169923,346.72639892578127
1990-08-31,0,327.76549835205077,345.96819885253905
1990-09-04,0,327.19849853515626,345.32139892578124
1990-09-05,0,326.67649993896487,344.76299926757815
1990-09-06,0,325.781999206543,344.1309991455078
1990-09-07,0,324.9549987792969,343.49619873046873
1990-09-10,0,324.26049957275393,342.77619873046876
1990-09-11,0,323.3705001831055,342.03659912109373
1990-09-12,0,322.5279998779297,341.2965991210938
1990-09-13,0,321.4574996948242,340.4663989257813
1990-09-14,0,320.67949829101565,339.68939880371096
1990-09-17,0,320.17649841308594,338.8763983154297
1990-09-18,0,319.68099822998045,338.05799865722656
1990-09-19,0,319.4179992675781,337.26019897460935
1990-09-20,0,319.1645004272461,336.26519897460935
1990-09-21,0,319.3775009155273,335.18279907226565
1990-09-24,0,319.0315002441406,333.92839904785154
1990-09-25,0,318.37250061035155,332.71459899902345
1990-09-26,0,317.5585006713867,331.46539916992185
1990-09-27,0,316.3975006103516,330.20039916992187
1990-09-28,0,315.7645004272461,329.0149987792969
1990-10-01,0,315.38350067138674,328.08159912109375
1990-10-02,0,314.98950042724607,327.27959899902345
1990-10-03,0,314.3399993896484,326.3917987060547
1990-10-04,0,313.95149993896484,325.503798828125
1990-10-05,0,313.35650024414065,324.6155987548828
1990-10-08,0,312.9490005493164,323.81639892578124
1990-10-09,0,312.1520004272461,322.80739929199217
1990-10-10,0,311.04450073242185,321.69219970703125
1990-10-11,0,309.88500061035154,320.4909997558594
1990-10-12,0,309.0450012207031,319.4619995117188
1990-10-15,0,308.31800231933596,318.62940002441405
1990-10-16,0,307.33400268554686,317.9192004394531
1990-10-17,0,306.44200286865237,317.1978009033203
1990-10-18,0,306.1550018310547,316.5456005859375
1990-10-19,0,306.21300201416017,315.99640075683595
1990-10-22,0,306.72150268554685,315.581201171875
1990-10-23,0,306.92650146484374,315.0516009521484
1990-10-24,0,307.30350189208986,314.51580078125
1990-10-25,0,307.7635025024414,313.9180010986328
1990-10-26,0,307.6965026855469,313.3644006347656
1990-10-29,0,307.0435028076172,312.84540100097655
1990-10-30,0,306.48600311279296,312.3564007568359
1990-10-31,0,306.1160034179687,311.9992010498047
1990-11-01,0,305.832502746582,311.80860107421876
1990-11-02,0,305.8500030517578,311.9044012451172
1990-11-05,0,305.90550231933594,311.9660009765625
1990-11-06,0,306.2315017700195,311.7696008300781
1990-11-07,0,306.5125015258789,311.4630010986328
1990-11-08,0,307.1200012207031,311.13140075683594
1990-11-09,0,307.80550079345704,311.03200073242186
1990-11-12,0,308.61800079345704,310.97040100097655
1990-11-13,0,309.55550079345704,310.86200134277345
1990-11-14,0,310.6375,310.7822009277344
1990-11-15,1,311.20149993896484,310.71340087890627
1990-11-16,1,311.4334991455078,310.5878009033203
1990-11-19,1,311.6624984741211,310.54200073242185
1990-11-20,1,311.8099990844727,310.4274005126953
1990-11-21,1,311.9814987182617,310.2972003173828
1990-11-23,1,312.2279983520508,310.22620056152346
1990-11-26,1,312.8179992675781,310.2198010253906
1990-11-27,1,313.6289993286133,310.2264013671875
1990-11-28,1,314.32350006103513,310.2134014892578
1990-11-29,1,314.9445007324219,310.20980163574217
1990-11-30,1,315.7045013427734,310.4246014404297
1990-12-03,1,316.31700134277344,310.6802014160156
1990-12-04,1,316.9050018310547,311.11540161132814
1990-12-05,1,317.820002746582,311.5486016845703
1990-12-06,1,318.9730026245117,312.0288018798828
1990-12-07,1,319.9800033569336,312.56440185546876
1990-12-10,1,320.73750457763674,313.0212023925781
1990-12-11,1,321.08550415039065,313.25120239257814
1990-12-12,1,321.71150360107424,313.55080261230466
1990-12-13,1,322.1585037231445,313.9096026611328
1990-12-14,1,322.64850463867185,314.19220275878905
1990-12-17,1,323.09350433349607,314.4826025390625
1990-12-18,1,323.62900390625,314.81400207519533
1990-12-19,1,324.3735046386719,315.3160021972656
1990-12-20,1,325.07800445556643,315.9106018066406
1990-12-21,1,325.91050415039064,316.63640197753904
1990-12-24,1,326.5800033569336,317.23380187988283
1990-12-26,1,327.2175033569336,317.78620178222656
1990-12-27,1,327.7345031738281,318.3736016845703
1990-12-28,1,328.34950256347656,318.97280151367187
1990-12-31,1,328.74950256347654,319.46240173339845
1991-01-02,1,328.8670028686523,319.7418017578125
1991-01-03,1,328.645002746582,319.8848016357422
1991-01-04,1,328.1990020751953,320.05760192871094
1991-01-07,1,327.5175018310547,320.11440185546877
1991-01-08,1,326.87500152587893,320.20900146484377
1991-01-09,1,326.00500030517577,320.3446014404297
1991-01-10,1,325.4095001220703,320.59760131835935
1991-01-11,1,324.66150054931643,320.82100158691406
1991-01-14,1,323.8190002441406,320.99080139160156
1991-01-15,1,323.1645004272461,321.1250018310547
1991-01-16,1,322.67200164794923,321.2114019775391
1991-01-17,1,322.56800231933596,321.4790020751953
1991-01-18,1,322.6695022583008,321.8912023925781
1991-01-21,1,322.7165023803711,322.3922021484375
1991-01-22,0,322.5445022583007,322.80620239257814
1991-01-23,0,322.5600021362304,323.1356024169922
1991-01-24,0,322.7565017700195,323.44160217285156
1991-01-25,0,323.14550170898434,323.8096020507812
1991-01-28,0,323.511001586914,324.1222021484375
1991-01-29,0,323.7920013427734,324.49860229492185
1991-01-30,0,324.5150009155273,324.97440246582033
1991-01-31,1,325.61600036621087,325.4662023925781
1991-02-01,1,326.71849975585934,326.0210021972656
1991-02-04,1,328.36349945068355,326.6672021484375
1991-02-05,1,330.1815002441406,327.39040222167966
1991-02-06,1,332.51050109863274,328.2216021728516
1991-02-07,1,334.6100006103515,328.9900018310547
1991-02-08,1,336.8160003662109,329.81800170898435
1991-02-11,1,339.62050018310543,330.861201171875
1991-02-12,1,342.208999633789,331.72680114746095
1991-02-13,1,344.8514984130859,332.62520080566406
1991-02-14,1,346.6639984130859,333.3826007080078
1991-02-15,1,348.5054977416992,334.165400390625
1991-02-19,1,350.42199859619143,334.9718005371094
1991-02-20,1,352.2634994506836,335.71960083007815
1991-02-21,1,354.00149993896486,336.44120056152343
1991-02-22,1,355.54499969482424,337.225400390625
1991-02-25,1,357.10449981689453,337.96680053710935
1991-02-26,1,358.44349975585936,338.6362005615234
1991-02-27,1,360.0384994506836,339.45460021972656
1991-02-28,1,361.34649963378905,340.2756005859375
1991-03-01,1,362.67350006103516,341.08400085449216
1991-03-04,1,363.9875,341.86660034179687
1991-03-05,1,365.4065002441406,342.79860046386716
1991-03-06,1,366.6520004272461,343.6870007324219
1991-03-07,1,367.54400024414065,344.60720092773437
1991-03-08,1,368.4655014038086,345.4892010498047
1991-03-11,1,369.1460006713868,346.3826007080078
1991-03-12,1,369.2185012817383,347.2088006591797
1991-03-13,1,369.6720016479493,348.09580078125
1991-03-14,1,369.89600219726566,349.0368005371094
1991-03-15,1,370.36450195312506,350.070400390625
1991-03-18,1,370.5170013427735,351.09260009765626
1991-03-19,1,370.3770004272461,352.11559997558595
1991-03-20,1,370.51600036621096,353.1760003662109
1991-03-21,1,370.5964996337891,354.2778002929688
1991-03-22,1,370.6880004882813,355.33680053710935
1991-03-25,1,370.8164993286133,356.4288000488281
1991-03-26,1,371.49099884033205,357.705
1991-03-27,1,371.8714996337891,358.93739990234377
1991-03-28,1,372.2789993286133,360.11839965820315
1991-04-01,1,372.32049865722655,360.98499938964846
1991-04-02,1,372.8289993286133,361.9303991699219
1991-04-03,1,372.93999938964845,362.88799926757815
1991-04-04,1,373.1199981689453,363.91719909667967
1991-04-05,1,373.09249725341795,364.82019897460935
1991-04-08,1,373.2779968261719,365.69779907226564
1991-04-09,1,373.30799713134763,366.4475988769531
1991-04-10,1,373.46399688720703,367.1899987792969
1991-04-11,1,373.6169967651367,368.02579895019534
1991-04-12,1,373.9619964599609,368.8155987548828
1991-04-15,1,374.34199676513674,369.5607989501953
1991-04-16,1,375.117497253418,370.4521990966797
1991-04-17,1,376.310498046875,371.2943994140625
1991-04-18,1,377.3374969482422,372.03839904785156
1991-04-19,1,378.21849822998047,372.5609991455078
1991-04-22,1,378.8919982910156,373.049599609375
1991-04-23,1,379.4884994506836,373.4977996826172
1991-04-24,1,379.8115005493164,373.7814001464844
1991-04-25,1,380.0065002441406,374.05640014648435
1991-04-26,1,380.1964996337891,374.2564001464844
1991-04-29,1,380.3145004272461,374.4452001953125
1991-04-30,1,380.10650024414065,374.57080017089845
1991-05-01,1,380.1740005493164,374.78880004882814
1991-05-02,1,380.2115005493164,375.0963995361328
1991-05-03,1,380.4835006713867,375.41299926757813
1991-05-06,1,380.5544998168945,375.70159912109375
1991-05-07,1,380.7425003051758,375.9027990722656
1991-05-08,1,381.0105010986328,376.21679931640625
1991-05-09,1,381.2915008544922,376.52699951171877
1991-05-10,1,381.0585006713867,376.70039916992187
1991-05-13,1,380.83700103759764,376.8261993408203
1991-05-14,1,380.03700103759763,376.87199951171874
1991-05-15,1,378.94300079345703,376.70899963378906
1991-05-16,1,378.12950134277344,376.6293994140625
1991-05-17,1,377.53900146484375,376.5589996337891
1991-05-20,1,377.10550079345705,376.5055993652344
1991-05-21,1,376.7850006103516,376.55339965820315
1991-05-22,0,376.4565002441406,376.6765997314453
1991-05-23,0,376.2419998168945,376.6843994140625
1991-05-24,0,376.1654998779297,376.76419921875
1991-05-28,0,376.57949981689455,376.9311993408203
1991-05-29,0,376.9520004272461,377.1447998046875
1991-05-30,0,377.2854995727539,377.55219970703126
1991-05-31,0,377.7509994506836,377.9903991699219
1991-06-03,0,378.11399993896487,378.4199993896484
1991-06-04,0,378.4970001220703,378.82519897460935
1991-06-05,0,378.88549957275393,379.1303991699219
1991-06-06,0,379.1414993286133,379.27699951171877
1991-06-07,0,378.9504989624023,379.35859924316406
1991-06-10,0,379.0919998168946,379.42559936523435
1991-06-11,0,379.30649871826176,379.6205993652344
1991-06-12,0,379.5579986572266,379.56359924316405
1991-06-13,1,380.0109985351563,379.5373992919922
1991-06-14,1,380.5159988403321,379.5877996826172
1991-06-17,1,380.9029983520508,379.6832000732422
1991-06-18,1,381.2184982299805,379.68179992675783
1991-06-19,1,381.2054977416993,379.71239990234375
1991-06-20,1,381.16699829101566,379.75780029296874
1991-06-21,1,381.30649871826176,379.7602001953125
1991-06-24,1,380.9789993286133,379.5710003662109
1991-06-25,1,380.4144989013672,379.3602001953125
1991-06-26,1,379.85449829101566,379.03960021972654
1991-06-27,1,379.226498413086,378.7185998535156
1991-06-28,0,378.2929992675782,378.37260009765623
1991-07-01,0,377.7860000610352,378.2470001220703
1991-07-02,0,377.2725006103516,378.1773999023437
1991-07-03,0,376.68450012207035,378.00879943847656
1991-07-05,0,376.206999206543,377.8351989746094
1991-07-08,0,376.1324996948242,377.8089990234375
1991-07-09,0,376.0094985961914,377.7507989501953
1991-07-10,0,375.7439987182617,377.79239868164063
1991-07-11,0,375.75999908447267,377.8249987792969
1991-07-12,0,375.89099884033203,377.82419860839843
1991-07-15,0,375.8959991455078,377.8615991210938
1991-07-16,0,375.9664993286133,377.8763995361328
1991-07-17,0,376.0959991455078,377.8983996582031
1991-07-18,0,376.60999908447263,378.0593994140625
1991-07-19,0,377.0499984741211,378.17359924316406
1991-07-22,0,377.3064987182617,378.1661993408203
1991-07-23,0,377.7304992675781,378.2397998046875
1991-07-24,0,378.13000030517577,378.27739990234375
1991-07-25,1,378.59850006103517,378.4641998291016
1991-07-26,1,378.925,378.71139953613283
1991-07-29,1,379.5244995117188,378.9305993652344
1991-07-30,1,379.96299896240237,379.21659912109374
1991-07-31,1,380.47999877929686,379.5271990966797
1991-08-01,1,381.169499206543,379.7625988769531
1991-08-02,1,381.8244995117187,379.98239868164063
1991-08-05,1,382.1804992675781,380.18439880371096
1991-08-06,1,382.9059997558594,380.4469989013672
1991-08-07,1,383.6470001220703,380.61939880371096
1991-08-08,1,384.2645004272461,380.7499987792969
1991-08-09,1,384.60800018310545,380.7531988525391
1991-08-12,1,384.8894989013672,380.71699890136716
1991-08-13,1,385.29349822998046,380.7481988525391
1991-08-14,1,385.7294982910156,380.79139892578127
1991-08-15,1,385.92749786376953,380.87619873046873
1991-08-16,1,385.99549713134763,380.91519836425783
1991-08-19,1,385.6749969482422,380.85599853515623
1991-08-20,1,385.67549591064454,380.8731982421875
1991-08-21,1,386.2729949951172,381.0639984130859
1991-08-22,1,386.79149475097654,381.35759826660154
1991-08-23,1,387.45349578857423,381.6883984375
1991-08-26,1,387.9884963989258,381.9195983886719
1991-08-27,1,388.30699615478517,382.1781982421875
1991-08-28,1,388.74849700927734,382.53919860839846
1991-08-29,1,389.21599731445315,382.9667987060547
1991-08-30,1,389.6284973144531,383.36699829101565
1991-09-03,1,389.98299713134764,383.6549981689453
1991-09-04,1,389.95049743652345,384.03559814453126
1991-09-05,1,389.87949829101564,384.4053985595703
1991-09-06,1,389.86849822998045,384.75559875488284
1991-09-09,1,389.94099884033204,385.0389990234375
1991-09-10,1,389.76799926757815,385.3069989013672
1991-09-11,1,389.54149932861327,385.4503985595703
1991-09-12,1,389.4134994506836,385.6477984619141
1991-09-13,1,389.12649993896486,385.8529986572266
1991-09-16,1,389.1365005493164,386.08699890136717
1991-09-17,1,389.58800048828124,386.2381988525391
1991-09-18,1,389.9635009765625,386.4547991943359
1991-09-19,1,389.81200103759767,386.69119934082033
1991-09-20,1,389.6415023803711,386.91019958496094
1991-09-23,1,389.22900238037107,387.02359985351563
1991-09-24,1,388.92200164794923,387.12999938964845
1991-09-25,1,388.61300201416014,387.23679931640623
1991-09-26,1,388.10550079345705,387.34299926757814
1991-09-27,1,387.5770004272461,387.35359924316407
1991-09-30,0,387.19850006103513,387.42639892578126
1991-10-01,0,387.0510009765625,387.5527990722656
1991-10-02,0,386.9655014038086,387.72959899902344
1991-10-03,0,386.73200073242185,387.84619873046876
1991-10-04,0,386.3395004272461,387.8519989013672
1991-10-07,0,385.88600006103513,387.8233990478516
1991-10-08,0,385.6915008544922,387.77379943847654
1991-10-09,0,385.2770004272461,387.5759991455078
1991-10-10,0,384.9375,387.4307989501953
1991-10-11,0,384.8305007934571,387.31739929199216
1991-10-14,0,384.8650009155274,387.30319946289063
1991-10-15,0,385.1405014038086,387.42219970703127
1991-10-16,0,385.43350067138675,387.4657995605469
1991-10-17,0,385.6515014648438,387.49299987792966
1991-10-18,0,385.8805007934571,387.5565997314453
1991-10-21,0,386.085499572754,387.614599609375
1991-10-22,0,386.09149932861334,387.61079956054687
1991-10-23,0,386.144499206543,387.57719970703124
1991-10-24,0,386.0735000610352,387.48059997558596
1991-10-25,0,385.98850097656253,387.37800048828126
1991-10-28,0,386.071501159668,387.45680053710936
1991-10-29,0,386.18550109863287,387.7570007324219
1991-10-30,0,386.4205001831055,388.0276007080078
1991-10-31,0,386.81950073242194,388.06480102539064
1991-11-01,0,387.32300109863286,388.06460144042967
1991-11-04,0,387.8620010375977,387.98680114746094
1991-11-05,1,388.2639999389649,387.8840008544922
1991-11-06,1,388.9225006103516,387.8222009277344
1991-11-07,1,389.5810012817383,387.7638006591797
1991-11-08,1,390.1530014038086,387.69220092773435
1991-11-11,1,390.4855010986328,387.6460009765625
1991-11-12,1,390.7720001220703,387.7378009033203
1991-11-13,1,391.0025009155273,387.88660095214846
1991-11-14,1,391.26399993896484,388.0468005371094
1991-11-15,1,390.7699996948242,387.9172003173828
1991-11-18,1,390.5309997558594,387.85059997558596
1991-11-19,1,390.1105010986328,387.74780029296875
1991-11-20,1,389.64000091552737,387.61660034179687
1991-11-21,1,389.3895004272461,387.47100036621094
1991-11-22,1,388.9865005493164,387.3220007324219
1991-11-25,1,388.27750091552736,387.11320068359373
1991-11-26,1,387.6014999389648,386.9624005126953
1991-11-27,1,386.7809997558594,386.75460021972657
1991-11-29,0,385.919499206543,386.50780029296874
1991-12-02,0,385.4234985351562,386.37739990234377
1991-12-03,0,384.95749816894534,386.2781994628906
1991-12-04,0,384.52549896240237,386.1253997802735
1991-12-05,0,383.89649963378906,385.935599975586
1991-12-06,0,383.1654998779297,385.7878002929688
1991-12-09,0,382.4339996337891,385.63500061035165
1991-12-10,0,381.6729995727539,385.43580078125007
1991-12-11,0,380.7210006713867,385.20580078125005
1991-12-12,0,379.92799987792966,385.07160034179697
1991-12-13,0,379.29400024414065,385.07160034179697
1991-12-16,0,379.38600006103513,385.1358001708985
1991-12-17,0,379.26100006103513,385.200599975586
1991-12-18,0,379.46399993896483,385.2567999267579
1991-12-19,0,379.6634994506836,385.37119995117195
1991-12-20,0,380.0125,385.50100036621103
1991-12-23,0,381.04649963378904,385.80840026855475
1991-12-24,0,382.2459991455078,386.065599975586
1991-12-26,0,383.5899993896484,386.34219970703134
1991-12-27,0,385.0854995727539,386.6153997802735
1991-12-30,1,387.0815002441406,387.0797998046876
1991-12-31,1,388.8660003662109,387.57159973144536
1992-01-02,1,390.6810012817383,388.11640014648447
1992-01-03,1,392.6445007324219,388.7466003417969
1992-01-06,1,394.6729995727539,389.34700012207037
1992-01-07,1,396.58799896240237,389.9935998535157
1992-01-08,1,398.5799987792969,390.6715997314454
1992-01-09,1,400.5654983520508,391.2333996582032
1992-01-10,1,402.435498046875,391.70579956054695
1992-01-13,1,404.0749984741211,392.1333996582032
1992-01-14,1,405.8734985351563,392.6931994628907
1992-01-15,1,407.6889984130859,393.28219909667973
1992-01-16,1,409.4624984741211,393.8407989501954
1992-01-17,1,411.2314971923828,394.44379882812507
1992-01-20,1,412.92349700927736,394.97159851074224
1992-01-21,1,414.2034973144531,395.3499987792969
1992-01-22,1,415.2689971923828,395.85479858398446
1992-01-23,1,416.0504974365234,396.29159851074223
1992-01-24,1,416.58249816894534,396.6663989257813
1992-01-27,1,417.00899810791014,397.01799865722666
1992-01-28,1,416.9999969482422,397.3741986083985
1992-01-29,1,416.66249694824216,397.92859863281257
1992-01-30,1,416.3804962158203,398.4561987304688
1992-01-31,1,415.8524963378906,399.04339843750006
1992-02-03,1,415.4309967041016,399.66339843750006
1992-02-04,1,415.2534973144531,400.33919860839853
1992-02-05,1,415.0404968261719,401.09319824218755
1992-02-06,1,414.8509979248047,401.8627984619141
1992-02-07,1,414.65049743652344,402.52539855957036
1992-02-10,1,414.6219970703125,403.26979858398437
1992-02-11,1,414.2879974365234,404.0405987548828
1992-02-12,1,414.10599822998046,404.75519897460936
1992-02-13,1,413.8799987792969,405.40979919433596
1992-02-14,1,413.56100006103514,406.0579992675781
1992-02-18,1,413.1120010375977,406.6577990722656
1992-02-19,1,412.893000793457,407.2409991455078
1992-02-20,1,412.68150024414064,407.953798828125
1992-02-21,1,412.50500030517577,408.62439880371096
1992-02-24,1,412.344499206543,409.31579833984375
1992-02-25,1,412.1175003051758,409.893798828125
1992-02-26,1,412.13700103759766,410.51139892578124
1992-02-27,1,412.31300048828126,411.0993988037109
1992-02-28,1,412.36700134277345,411.69859924316404
1992-03-02,1,412.55050201416014,412.27799926757814
1992-03-03,0,412.7165023803711,412.884599609375
1992-03-04,0,412.4905014038086,413.33039916992186
1992-03-05,0,412.12400207519534,413.52419921875
1992-03-06,0,411.6550018310547,413.6263995361328
1992-03-09,0,411.3610015869141,413.63379943847656
1992-03-10,0,411.01700286865236,413.64239990234375
1992-03-11,0,410.53050231933594,413.4201995849609
1992-03-12,0,409.8685028076172,413.15619995117186
1992-03-13,0,409.4760025024415,412.9277996826172
1992-03-16,0,409.1715026855469,412.66880004882813
1992-03-17,0,409.2815017700196,412.5011999511719
1992-03-18,0,409.32600097656257,412.33619995117186
1992-03-19,0,409.12100067138675,412.1701995849609
1992-03-20,0,409.11450042724607,412.04399963378904
1992-03-23,0,408.99650115966796,411.94019958496096
1992-03-24,0,408.91800079345705,411.83099975585935
1992-03-25,0,408.52649993896483,411.5725994873047
1992-03-26,0,408.2264999389648,411.3143994140625
1992-03-27,0,407.7664993286133,411.02019958496095
1992-03-30,0,407.2939987182617,410.7029998779297
1992-03-31,0,406.83599853515625,410.44960021972656
1992-04-01,0,406.58099975585935,410.2814001464844
1992-04-02,0,406.28049926757814,409.9288000488281
1992-04-03,0,406.13599853515626,409.6605999755859
1992-04-06,0,406.1549987792969,409.4627996826172
1992-04-07,0,405.7134979248047,409.12419982910154
1992-04-08,0,405.2369979858398,408.715
1992-04-09,0,405.07449798583986,408.52100036621096
1992-04-10,0,404.9969985961914,408.3744006347656
1992-04-13,0,404.9814971923828,408.320400390625
1992-04-14,0,405.1219985961914,408.37760070800783
1992-04-15,0,405.478498840332,408.42620056152344
1992-04-16,0,405.7904998779297,408.47020080566404
1992-04-20,0,405.7345001220703,408.3974005126953
1992-04-21,0,405.7520004272461,408.38080078125
1992-04-22,0,405.79850006103516,408.3016009521484
1992-04-23,0,406.0025009155273,408.25840087890623
1992-04-24,0,406.0605010986328,408.09620056152346
1992-04-27,0,406.30800170898436,407.99140075683596
1992-04-28,0,406.6135009765625,407.92400024414064
1992-04-29,0,407.0300003051758,408.0167999267578
1992-04-30,0,407.5660003662109,408.1505999755859
1992-05-01,1,408.1675003051758,408.1232000732422
1992-05-04,1,408.9355010986328,408.23280029296876
1992-05-05,1,409.4980010986328,408.32420043945314
1992-05-06,1,410.4345016479492,408.45100036621096
1992-05-07,1,411.502001953125,408.46100036621095
1992-05-08,1,412.2725006103516,408.5048004150391
1992-05-11,1,412.98249969482424,408.62059997558595
1992-05-12,1,413.49300079345704,408.69739990234376
1992-05-13,1,413.69600067138674,408.76940002441404
1992-05-14,1,413.53900146484375,408.8456005859375
1992-05-15,1,413.2415008544922,408.9172003173828
1992-05-18,1,413.3730010986328,409.08460021972655
1992-05-19,1,413.6785003662109,409.30780029296875
1992-05-20,1,413.95750122070314,409.47780029296877
1992-05-21,1,414.00750122070315,409.6492004394531
1992-05-22,1,414.25750122070315,409.8517999267578
1992-05-26,1,414.405500793457,409.9632000732422
1992-05-27,1,414.5585021972656,410.0788000488281
1992-05-28,1,414.7945022583008,410.2220001220703
1992-05-29,1,414.814501953125,410.34600036621094
1992-06-01,1,415.0530014038086,410.4960003662109
1992-06-02,1,414.88250122070315,410.54000061035157
1992-06-03,1,414.77000122070314,410.6336004638672
1992-06-04,1,414.59350128173827,410.72120056152346
1992-06-05,1,414.4750015258789,410.84040100097656
1992-06-08,1,414.3405014038086,410.95040100097657
1992-06-09,1,413.9190017700195,411.08160095214845
1992-06-10,1,413.4670013427734,411.1666009521484
1992-06-11,1,413.0970001220703,411.2738006591797
1992-06-12,1,412.92799987792966,411.3844006347656
1992-06-15,1,412.93800048828126,411.58020080566405
1992-06-16,1,412.7135009765625,411.7156011962891
1992-06-17,1,412.00800170898435,411.64900146484376
1992-06-18,0,411.28650054931643,411.7070013427734
1992-06-19,0,410.84000091552736,411.8904016113281
1992-06-22,0,410.30900115966796,411.9456011962891
1992-06-23,0,409.9405014038086,411.94060119628904
1992-06-24,0,409.5240005493164,411.89580139160154
1992-06-25,0,408.843000793457,411.71040100097656
1992-06-26,0,408.24800109863287,411.45380126953125
1992-06-29,0,407.83000183105474,411.3118011474609
1992-06-30,0,407.5620025634766,411.27100158691405
1992-07-01,0,407.4765029907227,411.32340148925783
1992-07-02,0,407.402001953125,411.3626013183594
1992-07-06,0,407.42000122070317,411.4074011230469
1992-07-07,0,407.2100021362305,411.41020141601564
1992-07-08,0,407.22100219726565,411.4468011474609
1992-07-09,0,407.5700027465821,411.54920166015626
1992-07-10,0,407.848503112793,411.60120178222655
1992-07-13,0,408.1040023803711,411.5996014404297
1992-07-14,0,408.4735015869141,411.70260131835937
1992-07-15,0,408.9125015258789,411.7064013671875
1992-07-16,0,409.67650146484374,411.7204016113281
1992-07-17,0,410.40950164794924,411.69700134277343
1992-07-20,0,410.9135009765625,411.6550012207031
1992-07-21,0,411.4315017700195,411.60920166015626
1992-07-22,1,411.7760009765625,411.4580017089844
1992-07-23,1,412.18800048828126,411.37380126953127
1992-07-24,1,412.6120010375977,411.27680114746096
1992-07-27,1,413.01650085449216,411.24480102539064
1992-07-28,1,413.4455001831055,411.3934008789063
1992-07-29,1,414.15,411.58180114746096
1992-07-30,1,414.7020004272461,411.73280151367186
1992-07-31,1,415.3240005493164,411.90920104980466
1992-08-03,1,415.8865005493164,412.1590008544922
1992-08-04,1,416.64649963378906,412.36580078125
1992-08-05,1,417.2419998168945,412.58140075683593
1992-08-06,1,417.5599990844727,412.7498004150391
1992-08-07,1,417.7729995727539,412.7926007080078
1992-08-10,1,418.00050048828126,412.8740008544922
1992-08-11,1,418.0615005493164,412.9060009765625
1992-08-12,1,418.09550018310546,412.9916009521484
1992-08-13,1,418.1050003051758,413.05440124511716
1992-08-14,1,418.3195007324219,413.18740112304687
1992-08-17,1,418.66900024414065,413.3326007080078
1992-08-18,1,419.0479995727539,413.49220092773436
1992-08-19,1,419.41100006103517,413.6548010253906
1992-08-20,1,419.7200012207031,413.8750012207031
1992-08-21,1,419.88250122070315,413.9910015869141
1992-08-24,1,419.8415008544922,414.0102014160156
1992-08-25,1,419.5460006713867,414.03660095214843
1992-08-26,1,419.11000061035156,414.14040100097657
1992-08-27,1,418.5904998779297,414.36580078125
1992-08-28,1,418.1220001220703,414.6434008789063
1992-08-31,1,417.5690002441406,414.8506005859375
1992-09-01,1,417.1545013427734,415.1040008544922
1992-09-02,1,416.94400177001955,415.3828009033203
1992-09-03,1,416.8135025024414,415.66560119628906
1992-09-04,1,416.72350158691404,415.94480102539063
1992-09-08,1,416.47450103759763,416.16460083007814
1992-09-09,1,416.3475006103516,416.31300048828126
1992-09-10,0,416.4560012817383,416.5492004394531
1992-09-11,0,416.54850006103516,416.6832000732422
1992-09-14,0,416.8164993286133,416.9532000732422
1992-09-15,0,416.76799926757815,417.0717999267578
1992-09-16,0,416.69700012207034,417.2870001220703
1992-09-17,0,416.78399963378905,417.48
1992-09-18,0,417.0174987792969,417.65399963378906
1992-09-21,0,417.38199920654296,417.80440002441406
1992-09-22,0,417.7029998779297,417.84980041503906
1992-09-23,1,417.9945007324219,417.8450006103516
1992-09-24,1,418.2425003051758,417.8724005126953
1992-09-25,1,418.2835006713867,417.8086004638672
1992-09-28,1,418.37250061035155,417.8286004638672
1992-09-29,1,418.51100006103513,417.88960021972656
1992-09-30,1,418.59749908447264,417.97039978027345
1992-10-01,1,418.5129989624023,418.0776000976563
1992-10-02,1,418.1374984741211,418.045400390625
1992-10-05,0,417.66199951171876,417.96480041503906
1992-10-06,0,417.2989990234375,417.8776000976562
1992-10-07,0,416.69349975585936,417.6122003173828
1992-10-08,0,416.0834991455078,417.3226000976563
1992-10-09,0,415.2375,416.89739990234375
1992-10-12,0,414.3460006713867,416.5620001220703
1992-10-13,0,413.82250061035154,416.2461999511719
1992-10-14,0,413.29499969482424,415.9464001464844
1992-10-15,0,412.77850036621095,415.69460021972657
1992-10-16,0,412.21850128173827,415.5174005126953
1992-10-19,0,411.8605010986328,415.4394006347656
1992-10-20,0,411.77750091552736,415.3606005859375
1992-10-21,0,411.6890014648437,415.2960009765625
1992-10-22,0,411.5105010986328,415.23840087890625
1992-10-23,0,411.4980010986328,415.16580078125
1992-10-26,0,411.5750015258789,415.13080078125
1992-10-27,0,411.65950164794924,415.08580078125
1992-10-28,0,411.77600250244143,415.0616009521484
1992-10-29,0,412.00450134277344,415.11500061035156
1992-10-30,0,412.41500091552734,415.1234002685547
1992-11-02,0,413.1740005493164,415.2814001464844
1992-11-03,0,413.8110015869141,415.465400390625
1992-11-04,0,414.45400085449216,415.575400390625
1992-11-05,0,414.9835006713867,415.6720001220703
1992-11-06,0,415.72949981689453,415.7529998779297
1992-11-09,1,416.28699951171876,415.8279998779297
1992-11-10,1,416.7529998779297,415.9197998046875
1992-11-11,1,417.3945007324219,416.04239990234373
1992-11-12,1,418.0580001831055,416.14019958496095
1992-11-13,1,418.59299926757814,416.22919921875
1992-11-16,1,418.8779983520508,416.3011993408203
1992-11-17,1,419.06749725341797,416.3977990722656
1992-11-18,1,419.426496887207,416.5275994873047
1992-11-19,1,419.86199645996095,416.6007989501953
1992-11-20,1,420.4894958496094,416.7421990966797
1992-11-23,1,420.8374954223633,416.73919921875
1992-11-24,1,421.29249572753906,416.8955993652344
1992-11-25,1,421.74549560546876,417.0809991455078
1992-11-27,1,422.2104965209961,417.28559936523436
1992-11-30,1,422.8439971923828,417.45399963378907
1992-12-01,1,423.24549713134763,417.6267993164063
1992-12-02,1,423.74399719238284,417.8817993164063
1992-12-03,1,424.38399810791014,418.13119934082033
1992-12-04,1,425.0699981689453,418.40299926757814
1992-12-07,1,425.95649871826174,418.8221990966797
1992-12-08,1,426.8764984130859,419.22959899902344
1992-12-09,1,427.7279983520508,419.6065991210937
1992-12-10,1,428.3499984741211,419.94339965820313
1992-12-11,1,428.89299926757815,420.2921997070313
1992-12-14,1,429.4134994506836,420.739599609375
1992-12-15,1,430.0080001831055,421.239599609375
1992-12-16,1,430.6205001831055,421.7263995361328
1992-12-17,1,431.24949951171874,422.3499993896484
1992-12-18,1,432.1330001831055,423.0205993652344
1992-12-21,1,432.8355010986328,423.7813995361328
1992-12-22,1,433.5950012207031,424.43879943847656
1992-12-23,1,434.16700134277346,425.0333996582031
1992-12-24,1,434.69600067138674,425.64139953613284
1992-12-28,1,435.14550018310547,426.2323992919922
1992-12-29,1,435.4770004272461,426.7573992919922
1992-12-30,1,435.8790008544922,427.23419921875
1992-12-31,1,436.16999969482424,427.638798828125
1993-01-04,1,436.44349975585936,428.0329986572266
1993-01-05,1,436.55749969482423,428.4217987060547
1993-01-06,1,436.51799926757815,428.8301983642578
1993-01-07,1,436.20500030517576,429.0815985107422
1993-01-08,1,435.875,429.29279846191406
1993-01-11,1,435.6904998779297,429.50919860839844
1993-01-12,1,435.5559997558594,429.7127990722656
1993-01-13,1,435.5654998779297,429.99979919433594
1993-01-14,1,435.73399963378904,430.26359924316404
1993-01-15,1,436.0154998779297,430.6081988525391
1993-01-18,1,436.0860000610352,431.00279907226565
1993-01-19,1,435.77850036621095,431.3385992431641
1993-01-20,1,435.41199951171876,431.6543994140625
1993-01-21,1,435.17099914550784,431.9923992919922
1993-01-22,1,435.0249984741211,432.3421990966797
1993-01-25,1,435.03699951171876,432.6983990478516
1993-01-26,1,435.0770004272461,433.0399993896484
1993-01-27,1,435.0834991455078,433.35359924316407
1993-01-28,1,435.0754989624023,433.7131994628906
1993-01-29,1,435.22899932861327,434.1033996582031
1993-02-01,1,435.58599853515625,434.4967993164062
1993-02-02,1,435.99649810791016,434.8755993652344
1993-02-03,1,436.6304992675781,435.28659973144534
1993-02-04,1,437.5719985961914,435.77539978027346
1993-02-05,1,438.56599884033204,436.20219970703124
1993-02-08,1,439.41099853515624,436.5753997802734
1993-02-09,1,440.12549743652346,436.87879943847656
1993-02-10,1,440.785498046875,437.1763995361328
1993-02-11,1,441.37149810791016,437.51399963378907
1993-02-12,1,441.74299774169924,437.80779907226565
1993-02-16,1,441.5964981079102,437.88779907226564
1993-02-17,1,441.50499725341797,437.9125988769531
1993-02-18,1,441.43149719238284,437.84439880371093
1993-02-19,1,441.36799774169924,437.7889990234375
1993-02-22,1,441.32449798583986,437.78079895019533
1993-02-23,1,441.06399688720705,437.78399841308595
1993-02-24,1,441.10999603271483,437.92679809570313
1993-02-25,1,441.3214965820313,438.11679809570313
1993-02-26,1,441.55749664306643,438.332998046875
1993-03-01,1,441.7189971923828,438.54279846191406
1993-03-02,1,441.9879974365234,438.7921984863281
1993-03-03,1,442.32349853515626,438.95179870605466
1993-03-04,1,442.3304977416992,439.08459838867185
1993-03-05,1,442.15799713134766,439.2005981445312
1993-03-08,1,442.4469970703125,439.5141979980469
1993-03-09,1,442.7744964599609,439.80679809570313
1993-03-10,1,443.3244964599609,440.15039794921876
1993-03-11,1,443.69899597167966,440.46519775390624
1993-03-12,1,443.8074951171875,440.6853973388672
1993-03-15,1,444.1499954223633,440.99979736328123
1993-03-16,1,445.0229949951172,441.31959716796877
1993-03-17,1,445.77349548339845,441.5989971923828
1993-03-18,1,446.7729965209961,441.94639770507814
1993-03-19,1,447.57099609375,442.3353973388672
1993-03-22,1,448.25299682617185,442.73199768066405
1993-03-23,1,448.9509979248047,443.08819763183595
1993-03-24,1,449.3109985351563,443.42879760742187
1993-03-25,1,449.73799896240234,443.7857977294922
1993-03-26,1,449.95799865722654,444.02259765625
1993-03-29,1,450.39599761962893,444.29499755859376
1993-03-30,1,450.59949798583983,444.59759765625
1993-03-31,1,450.7199981689453,444.92839782714844
1993-04-01,1,450.86799774169924,445.2669976806641
1993-04-02,1,450.63199920654296,445.3849981689453
1993-04-05,1,450.01100006103513,445.5085986328125
1993-04-06,1,449.34900054931643,445.5315985107422
1993-04-07,1,448.6690017700195,445.58719848632813
1993-04-08,1,448.0750015258789,445.6617987060547
1993-04-12,1,448.002001953125,445.85599853515623
1993-04-13,1,447.8915023803711,446.0647985839844
1993-04-14,1,447.75600280761716,446.18759887695313
1993-04-15,1,447.76050262451173,446.3045989990234
1993-04-16,1,447.61300201416026,446.339398803711
1993-04-19,1,447.47700195312507,446.2973986816407
1993-04-20,1,447.28800201416027,446.2207989501954
1993-04-21,1,447.03150177001964,446.13639892578135
1993-04-22,1,446.6010009765626,446.0189990234376
1993-04-23,1,445.90850067138683,445.83499877929694
1993-04-26,0,445.19650115966806,445.5525988769532
1993-04-27,0,444.55850219726574,445.4211993408204
1993-04-28,0,443.86100158691414,445.50339904785164
1993-04-29,0,443.2220016479493,445.61519958496103
1993-04-30,0,442.7165023803711,445.78099975585945
1993-05-03,0,442.77000122070314,445.94579956054696
1993-05-04,0,442.85800018310545,446.1219995117188
1993-05-05,0,443.02599945068357,446.3163995361329
1993-05-06,0,443.05249938964846,446.3641998291016
1993-05-07,0,443.0759994506836,446.3635998535157
1993-05-10,0,442.79749908447263,446.3519995117188
1993-05-11,0,442.55449829101565,446.39899902343757
1993-05-12,0,442.3614974975586,446.3369989013673
1993-05-13,0,441.90299835205076,446.13639892578135
1993-05-14,0,441.43399810791016,445.9807989501954
1993-05-17,0,441.0794982910156,445.8659991455079
1993-05-18,0,440.84049835205076,445.5781994628907
1993-05-19,0,441.0374984741211,445.44159973144536
1993-05-20,0,441.59399871826173,445.3267999267579
1993-05-21,0,442.0344985961914,445.1691998291016
1993-05-24,0,442.7574981689453,445.13260009765634
1993-05-25,0,443.2994979858398,445.081000366211
1993-05-26,0,444.07049865722655,445.1224005126954
1993-05-27,0,444.74649810791016,445.2044006347657
1993-05-28,1,445.24649810791016,445.17040039062505
1993-06-01,1,445.8149978637695,445.24340026855475
1993-06-02,1,446.30499877929685,445.34280029296883
1993-06-03,1,446.70349884033203,445.41739990234385
1993-06-04,1,447.04349822998046,445.45719970703135
1993-06-07,1,447.31249847412107,445.3933996582032
1993-06-08,1,447.4079986572266,445.33199951171883
1993-06-09,1,447.47899932861327,445.2321997070313
1993-06-10,1,447.5080001831055,445.1003997802735
1993-06-11,1,447.9095001220703,445.0121997070313
1993-06-14,1,448.3169998168945,444.96039978027346
1993-06-15,1,448.61199951171875,445.0579992675781
1993-06-16,1,448.9674987792969,445.1607989501953
1993-06-17,1,449.01599884033203,445.30839904785154
1993-06-18,1,448.6704986572266,445.3273986816406
1993-06-21,1,448.6894989013672,445.41499877929687
1993-06-22,1,448.58599853515625,445.36619873046874
1993-06-23,1,448.3029983520508,445.2455987548828
1993-06-24,1,447.96199798583984,445.20479858398437
1993-06-25,1,447.7214981079102,445.188798828125
1993-06-28,1,447.80449829101565,445.2469989013672
1993-06-29,1,447.64749908447266,445.31159912109376
1993-06-30,1,447.4814987182617,445.4201989746094
1993-07-01,1,447.30799865722656,445.5279986572266
1993-07-02,1,447.0969985961914,445.6555987548828
1993-07-06,1,446.7839981079102,445.7435986328125
1993-07-07,1,446.6899978637695,445.92939819335936
1993-07-08,1,446.83299865722654,446.1419982910156
1993-07-09,1,446.96949768066406,446.34379821777344
1993-07-12,1,447.05549774169924,446.54559814453125
1993-07-13,1,447.07449798583986,446.70359802246094
1993-07-14,1,447.2649978637695,446.8559979248047
1993-07-15,1,447.3544982910156,446.9593981933594
1993-07-16,1,447.21499786376955,446.98399841308594
1993-07-19,1,447.33249816894534,447.0393981933594
1993-07-20,1,447.38699798583986,447.1393981933594
1993-07-21,1,447.44949798583986,447.2269982910156
1993-07-22,1,447.51549835205077,447.22999877929686
1993-07-23,1,447.5394989013672,447.2759991455078
1993-07-26,1,447.61399841308594,447.47319885253904
1993-07-27,0,447.4334976196289,447.6467987060547
1993-07-28,0,447.2584976196289,447.78319885253904
1993-07-29,0,447.24399719238284,447.9815985107422
1993-07-30,0,447.19949798583986,447.99279846191405
1993-08-02,0,447.41499786376954,447.98399841308594
1993-08-03,0,447.80699768066404,448.05259826660154
1993-08-04,1,448.0924987792969,448.0633984375
1993-08-05,1,448.06699829101564,448.04899841308594
1993-08-06,1,448.0954986572266,447.95379821777345
1993-08-09,1,448.1824981689453,447.9199981689453
1993-08-10,1,448.25049896240233,447.9051983642578
1993-08-11,1,448.26949920654295,447.8377984619141
1993-08-12,1,448.2564987182617,447.7399981689453
1993-08-13,1,448.4759994506836,447.69299865722655
1993-08-16,1,448.7934997558594,447.7393988037109
1993-08-17,1,449.0845001220703,447.84819885253904
1993-08-18,1,449.52750091552736,448.0747991943359
1993-08-19,1,450.12350006103514,448.2877990722656
1993-08-20,1,450.57649993896484,448.5033990478516
1993-08-23,1,450.88350067138674,448.6627990722656
1993-08-24,1,451.4600006103516,448.9039990234375
1993-08-25,1,452.10700073242185,449.1811993408203
1993-08-26,1,452.6470016479492,449.4533996582031
1993-08-27,1,453.2675018310547,449.69339965820313
1993-08-30,1,453.85500183105466,450.0577996826172
1993-08-31,1,454.56950225830076,450.404599609375
1993-09-01,1,455.3000015258789,450.7489996337891
1993-09-02,1,455.95850067138673,451.1111993408203
1993-09-03,1,456.5915008544922,451.40559936523437
1993-09-07,1,456.98150024414065,451.6239990234375
1993-09-08,1,457.3414993286133,451.7199987792969
1993-09-09,1,457.69349975585936,451.85619873046875
1993-09-10,1,458.3315002441406,452.0799987792969
1993-09-13,1,458.92749938964846,452.34079895019534
1993-09-14,1,459.30349884033205,452.6219989013672
1993-09-15,1,459.7269989013672,453.02539916992185
1993-09-16,1,459.89649810791013,453.3573992919922
1993-09-17,1,460.01649780273436,453.56119873046873
1993-09-20,1,459.9609970092773,453.6999987792969
1993-09-21,1,459.8469970703125,453.77939880371093
1993-09-22,1,459.66849822998046,453.94159912109376
1993-09-23,1,459.5489974975586,454.09479919433596
1993-09-24,1,459.3784973144531,454.26299926757815
1993-09-27,1,459.44149627685545,454.5839990234375
1993-09-28,1,459.4229965209961,454.8939990234375
1993-09-29,1,459.25049591064453,455.1499987792969
1993-09-30,1,459.03949584960935,455.3849987792969
1993-10-01,1,459.03849639892576,455.7203985595703
1993-10-04,1,459.03849639892576,456.0051983642578
1993-10-05,1,459.17249755859376,456.2473986816406
1993-10-06,1,459.37699737548826,456.4973986816406
1993-10-07,1,459.4609970092773,456.7371984863281
1993-10-08,1,459.3904968261719,456.9385986328125
1993-10-11,1,459.3314971923828,457.1935986328125
1993-10-12,1,459.39249725341796,457.4129986572266
1993-10-13,1,459.3869964599609,457.65739868164064
1993-10-14,1,459.75699615478516,458.0231982421875
1993-10-15,1,460.2904968261719,458.4505981445312
1993-10-18,1,460.960498046875,458.84599853515624
1993-10-19,1,461.62349700927734,459.1557983398437
1993-10-20,1,462.1169967651367,459.4881982421875
1993-10-21,1,462.4979965209961,459.7861981201172
1993-10-22,1,462.7799957275391,460.07239807128906
1993-10-25,1,462.8999969482423,460.3535980224609
1993-10-26,1,463.0384963989259,460.59199768066406
1993-10-27,1,463.2634963989259,460.82159729003905
1993-10-28,1,463.7034973144532,461.0553973388672
1993-10-29,1,464.03099670410165,461.28339721679686
1993-11-01,1,464.4189971923829,461.542197265625
1993-11-02,1,464.78099670410165,461.80639709472655
1993-11-03,1,464.8949966430665,461.87139709472655
1993-11-04,1,464.8104965209962,461.8185968017578
1993-11-05,1,464.77349700927743,461.78919677734376
1993-11-08,1,464.7399963378907,461.78259643554685
1993-11-09,1,464.70049591064463,461.7511962890625
1993-11-10,1,464.81199645996105,461.7543963623047
1993-11-11,1,464.6024978637696,461.74419677734375
1993-11-12,1,464.3969985961915,461.8259973144531
1993-11-15,1,464.16199798583995,461.8741973876953
1993-11-16,1,464.1884979248048,462.03859741210937
1993-11-17,1,464.12549743652346,462.20179748535156
1993-11-18,1,464.0384979248047,462.32419738769534
1993-11-19,1,464.0049987792969,462.34179748535155
1993-11-22,1,463.7514984130859,462.28319763183595
1993-11-23,1,463.58799896240237,462.3057977294922
1993-11-24,1,463.47549896240236,462.3209973144531
1993-11-26,1,463.24199829101565,462.3935974121094
1993-11-29,1,462.94549865722655,462.45499755859373
1993-11-30,0,462.5799987792969,462.5897979736328
1993-12-01,0,462.25249938964845,462.76859802246094
1993-12-02,0,462.25699920654296,462.90679748535155
1993-12-03,0,462.6270004272461,463.0497979736328
1993-12-06,0,462.9699996948242,463.2257977294922
1993-12-07,0,463.29750061035156,463.3249981689453
1993-12-08,1,463.5955017089844,463.4201983642578
1993-12-09,1,463.6185012817383,463.5015985107422
1993-12-10,1,463.6830001831055,463.6015985107422
1993-12-13,1,463.69850006103513,463.6899987792969
1993-12-14,0,463.6639999389648,463.7243988037109
1993-12-15,0,463.41900024414065,463.7371984863281
1993-12-16,0,463.34550018310546,463.78919860839846
1993-12-17,0,463.4835006713867,463.9331988525391
1993-12-20,0,463.64600067138673,464.0439990234375
1993-12-21,0,463.95449981689455,464.1323986816406
1993-12-22,1,464.2690002441406,464.25639892578124
1993-12-23,1,464.52000122070314,464.37419921875
1993-12-27,1,464.89400177001954,464.44839965820313
1993-12-28,1,465.34600219726565,464.4771997070313
1993-12-29,1,465.78550109863284,464.5197991943359
1993-12-30,1,466.1230010986328,464.56839965820313
1993-12-31,1,466.2900024414063,464.57599975585936
1994-01-03,1,466.3175018310547,464.5776000976563
1994-01-04,1,466.3405029296875,464.6500006103516
1994-01-05,1,466.3800018310547,464.7170001220703
1994-01-06,1,466.42150115966797,464.77340026855467
1994-01-07,1,466.70750122070314,464.87920043945314
1994-01-10,1,467.27450103759764,465.03
1994-01-11,1,467.69600067138674,465.15600036621095
1994-01-12,1,468.2515014648437,465.2574005126953
1994-01-13,1,468.7830017089844,465.33800048828124
1994-01-14,1,469.3615020751953,465.57580078125
1994-01-17,1,469.70750122070314,465.8920007324219
1994-01-18,1,470.1275009155273,466.1856005859375
1994-01-19,1,470.57750091552737,466.4674005126953
1994-01-20,1,470.9605010986328,466.7604010009766
1994-01-21,1,471.32750091552737,466.98040100097654
1994-01-24,1,471.3990005493164,467.16700073242185
1994-01-25,1,471.3980010986328,467.2776007080078
1994-01-26,1,471.5290023803711,467.46660095214844
1994-01-27,1,471.94950103759766,467.6728009033203
1994-01-28,1,472.56200103759767,467.9506011962891
1994-01-31,1,473.3705001831055,468.3104010009766
1994-02-01,1,474.00699920654296,468.65080078125
1994-02-02,1,474.72949981689453,469.10820068359374
1994-02-03,1,475.40899963378905,469.5018005371094
1994-02-04,1,475.40449981689454,469.65080078125
1994-02-07,1,475.2290008544922,469.8248010253906
1994-02-08,1,475.075,470.0078009033203
1994-02-09,1,475.0049987792969,470.22740051269534
1994-02-10,1,474.82799835205077,470.3682000732422
1994-02-11,1,474.59149780273435,470.50960021972656
1994-02-14,1,474.43799896240233,470.61640014648435
1994-02-15,1,474.35149841308595,470.7382000732422
1994-02-16,1,474.27599945068357,470.85880004882813
1994-02-17,1,474.0439987182617,470.9397998046875
1994-02-18,1,473.6924987792969,471.01
1994-02-22,1,473.6669982910156,471.1605999755859
1994-02-23,1,473.6554977416992,471.2603997802734
1994-02-24,1,473.20849761962893,471.2844000244141
1994-02-25,1,472.6594985961914,471.36900024414064
1994-02-28,1,472.08149871826174,471.44500061035154
1994-03-01,0,471.2229995727539,471.40620056152346
1994-03-02,0,470.48249969482424,471.385400390625
1994-03-03,0,469.53300018310546,471.3396008300781
1994-03-04,0,468.7345001220703,471.2880004882812
1994-03-07,0,468.5895004272461,471.2786004638672
1994-03-08,0,468.29550018310545,471.185400390625
1994-03-09,0,468.0960006713867,471.10780029296876
1994-03-10,0,467.65250091552736,470.9742004394531
1994-03-11,0,467.5280014038086,470.9302001953125
1994-03-14,0,467.3885025024414,470.9490002441406
1994-03-15,0,467.2275024414063,470.980400390625
1994-03-16,0,467.0725036621094,471.03100036621095
1994-03-17,0,466.9780029296875,471.09800048828123
1994-03-18,0,467.01400299072264,471.1768005371094
1994-03-21,0,467.05650329589844,471.1496008300781
1994-03-22,0,466.92350311279296,471.02020080566405
1994-03-23,0,466.8160034179688,470.90840087890626
1994-03-24,0,466.8205032348633,470.71200073242187
1994-03-25,0,466.54600219726564,470.4742004394531
1994-03-28,0,466.1890014648437,470.1760003662109
1994-03-29,0,465.5910018920898,469.7596008300781
1994-03-30,0,464.6280014038086,469.1856005859375
1994-03-31,0,463.76600036621096,468.61500061035156
1994-04-04,0,462.4750015258789,467.8938006591797
1994-04-05,0,461.5440017700195,467.3652008056641
1994-04-06,0,460.65250091552736,466.88680053710937
1994-04-07,0,459.84350128173827,466.48600036621093
1994-04-08,0,459.00350189208984,465.9640002441406
1994-04-11,0,458.1750015258789,465.420400390625
1994-04-12,0,457.18400115966796,464.79780029296876
1994-04-13,0,456.146501159668,464.09080078125
1994-04-14,0,454.9945007324219,463.4260009765625
1994-04-15,0,453.75850067138674,462.7096008300781
1994-04-18,0,452.32850036621096,461.9446008300781
1994-04-19,0,451.02850036621095,461.3992010498047
1994-04-20,0,449.6865005493164,460.80320068359373
1994-04-21,0,448.69600067138674,460.35680114746094
1994-04-22,0,447.86000061035156,459.85400146484375
1994-04-25,0,447.4665008544922,459.5296014404297
1994-04-26,0,447.06000061035155,459.1634014892578
1994-04-28,0,446.89100036621096,458.74080139160156
1994-04-29,0,447.159001159668,458.3086016845703
1994-05-02,0,447.521501159668,457.9132012939453
1994-05-03,0,448.2270004272461,457.56700134277344
1994-05-04,0,448.3985000610352,457.2476013183594
1994-05-05,0,448.5650009155273,456.84600158691404
1994-05-06,0,448.41200103759775,456.3886016845704
1994-05-09,0,448.1730010986329,455.94980163574223
1994-05-10,0,447.9800018310548,455.5486016845704
1994-05-11,0,447.6760009765626,455.0356011962891
1994-05-12,0,447.55050048828133,454.621801147461
1994-05-13,0,447.4385009765626,454.2084014892579
1994-05-16,0,447.3540008544922,453.8380010986329
1994-05-17,0,447.69950103759766,453.5306011962891
1994-05-18,0,448.2570007324219,453.2662011718751
1994-05-19,0,448.9830017089844,453.07820129394537
1994-05-20,0,449.29250183105466,452.8354016113282
1994-05-23,0,449.5710021972656,452.6214019775391
1994-05-24,0,449.6760025024414,452.38880187988286
1994-05-25,0,449.8995025634766,452.167801513672
1994-05-26,0,450.2975021362305,451.9688012695313
1994-05-27,0,450.6185012817383,451.72700073242197
1994-05-31,0,450.79250183105466,451.43900085449224
1994-06-01,0,451.02250213623046,451.17040100097665
1994-06-02,1,451.31900177001955,450.9526007080079
1994-06-03,1,451.75650177001955,450.7792010498048
1994-06-06,1,452.3095016479492,450.58600097656256
1994-06-07,1,453.1040008544922,450.4632006835938
1994-06-08,1,453.6565002441406,450.3928009033204
1994-06-09,1,454.475,450.35000061035163
1994-06-10,1,455.2210006713867,450.47380065917974
1994-06-13,1,455.9690002441406,450.7448010253907
1994-06-14,1,456.8630004882813,451.076801147461
1994-06-15,1,457.425,451.5106005859376
1994-06-16,1,457.8369995117188,451.7834002685548
1994-06-17,1,457.9354995727539,451.991400756836
1994-06-20,1,457.96349945068357,452.08340087890633
1994-06-21,1,457.87049865722656,452.1682006835938
1994-06-22,1,457.7844985961914,452.2326007080079
1994-06-23,1,457.4489990234375,452.27380065917976
1994-06-24,1,456.7359985351562,452.2046002197266
1994-06-27,1,456.23499908447263,452.22320007324225
1994-06-28,1,455.71349945068357,452.22100036621094
1994-06-29,1,455.21349945068357,452.32440063476565
1994-06-30,1,454.544499206543,452.35900024414065
1994-07-01,1,453.8479995727539,452.4438006591797
1994-07-05,1,453.22249908447264,452.3966003417969
1994-07-06,1,452.6184997558594,452.36660034179687
1994-07-07,0,452.1845001220703,452.2800006103516
1994-07-08,0,451.7690002441406,452.23360046386716
1994-07-11,0,451.2384994506836,452.2128002929687
1994-07-12,0,450.6809997558594,452.1536004638672
1994-07-13,0,449.9990005493164,452.0678009033203
1994-07-14,0,449.6390014648438,452.07540100097657
1994-07-15,0,449.25050201416013,452.1242010498047
1994-07-18,0,449.08900146484376,452.2010009765625
1994-07-19,0,449.0080001831055,452.32180053710937
1994-07-20,0,449.02100067138673,452.5074005126953
1994-07-21,0,448.9970001220703,452.63940002441404
1994-07-22,0,449.17099914550784,452.87179992675783
1994-07-25,0,449.7434997558594,453.0817999267578
1994-07-26,0,450.04599914550784,453.2661993408203
1994-07-27,0,450.3709991455078,453.4277996826172
1994-07-28,0,450.7014984130859,453.52519958496094
1994-07-29,0,451.40099945068357,453.6165997314453
1994-08-01,0,452.1414993286133,453.70719970703124
1994-08-02,0,452.8509994506836,453.81999938964844
1994-08-03,0,453.6169998168945,453.98499938964846
1994-08-04,1,454.1179992675781,454.0567993164062
1994-08-05,1,454.49499969482423,454.07179931640627
1994-08-08,1,454.9865005493164,454.0883996582031
1994-08-09,1,455.48500061035156,454.1002001953125
1994-08-10,1,456.0634994506836,454.1761999511719
1994-08-11,1,456.3369995117188,454.2011999511719
1994-08-12,1,456.7259994506836,454.2870001220703
1994-08-15,1,457.02649993896483,454.30900024414063
1994-08-16,1,457.584001159668,454.43160034179687
1994-08-17,1,458.2625015258789,454.57080078125
1994-08-18,1,458.7905029296875,454.6930010986328
1994-08-19,1,459.3190032958984,454.8094012451172
1994-08-22,1,459.7225036621094,454.88240112304686
1994-08-23,1,460.2800048828125,454.99060119628905
1994-08-24,1,461.1030044555664,455.12380126953127
1994-08-25,1,461.7950042724609,455.2732012939453
1994-08-26,1,462.57200317382814,455.5106011962891
1994-08-29,1,463.2510025024414,455.8334008789063
1994-08-30,1,464.02650299072263,456.24520080566407
1994-08-31,1,464.72850189208987,456.72820068359374
1994-09-01,1,465.46700286865234,457.12980102539063
1994-09-02,1,466.16200256347656,457.5570007324219
1994-09-06,1,466.8605010986328,458.13820068359377
1994-09-07,1,467.51399993896484,458.6118005371094
1994-09-08,1,468.15600128173827,459.15320068359375
1994-09-09,1,468.6210006713867,459.56420043945315
1994-09-12,1,468.8345001220703,460.00300048828126
1994-09-13,1,469.1485000610352,460.4292004394531
1994-09-14,1,469.33799896240237,460.87780029296874
1994-09-15,1,469.8199981689453,461.4514001464844
1994-09-16,1,470.2209976196289,461.90760009765626
1994-09-19,1,470.5794982910156,462.3336004638672
1994-09-20,1,470.6314971923828,462.63960021972656
1994-09-21,1,470.47899627685547,462.9097998046875
1994-09-22,1,470.0909957885742,463.16059936523436
1994-09-23,1,469.67049713134764,463.2857995605469
1994-09-26,1,469.02149810791013,463.41899963378904
1994-09-27,1,468.3944976806641,463.5555993652344
1994-09-28,1,467.83299713134767,463.77519958496094
1994-09-29,1,467.17049713134764,463.9879992675781
1994-09-30,1,466.64749603271486,464.18999938964845
1994-10-03,1,466.1849960327148,464.3625994873047
1994-10-04,1,465.3214965820313,464.3693994140625
1994-10-05,1,464.44799652099607,464.3725994873047
1994-10-06,0,463.4089950561523,464.36839904785154
1994-10-07,0,462.75499572753904,464.3855993652344
1994-10-10,0,462.39649658203126,464.4011993408203
1994-10-11,0,462.3104965209961,464.4967993164062
1994-10-12,0,462.1439971923828,464.5949993896484
1994-10-13,0,461.7929977416992,464.72179931640625
1994-10-14,0,461.68849792480466,464.93579956054685
1994-10-17,0,461.5939971923828,465.17319946289064
1994-10-18,0,461.80899810791016,465.36859924316406
1994-10-19,0,462.24999847412107,465.6157989501953
1994-10-20,0,462.5289993286133,465.7467993164062
1994-10-21,0,462.7899993896484,465.86699951171875
1994-10-24,0,462.7904983520508,465.84479919433596
1994-10-25,0,462.7644989013672,465.8507989501953
1994-10-26,0,462.653498840332,465.80299865722657
1994-10-27,0,462.83399963378906,465.8165985107422
1994-10-28,0,463.3869995117187,466.0285980224609
1994-10-31,0,463.9175003051758,466.2019982910156
1994-11-01,0,464.60900115966797,466.3239984130859
1994-11-02,0,465.2585021972656,466.36399841308594
1994-11-03,0,466.03600311279297,466.3415985107422
1994-11-04,1,466.395002746582,466.2255987548828
1994-11-07,1,466.59650268554685,466.0109991455078
1994-11-08,1,466.589501953125,465.8321990966797
1994-11-09,1,466.58600158691405,465.618798828125
1994-11-10,1,466.41500091552734,465.3963989257812
1994-11-11,1,466.07750091552737,465.17999877929685
1994-11-14,1,465.9315017700195,465.0809991455078
1994-11-15,1,465.8000015258789,464.9443994140625
1994-11-16,1,465.56700134277344,464.8369995117188
1994-11-17,1,465.4030014038086,464.6455993652344
1994-11-18,1,465.23200073242185,464.5113995361328
1994-11-21,1,465.10550079345705,464.35319946289064
1994-11-22,1,464.5335006713867,464.00479919433593
1994-11-23,1,463.8990005493164,463.62739929199216
1994-11-25,1,463.2210006713867,463.17699951171875
1994-11-28,0,462.2405014038086,462.83639953613283
1994-11-29,0,461.38150177001955,462.5227996826172
1994-11-30,0,460.64500122070314,462.32940002441404
1994-12-01,0,459.76550140380857,462.0786004638672
1994-12-02,0,459.0350006103516,461.9192004394531
1994-12-05,0,458.58700103759764,461.7922003173828
1994-12-06,0,458.08899993896483,461.6379998779297
1994-12-07,0,457.36800079345704,461.4216003417969
1994-12-08,0,456.37050170898436,461.0338006591797
1994-12-09,0,455.50000152587893,460.72820068359374
1994-12-12,0,454.85600128173826,460.46340087890627
1994-12-13,0,454.0615005493164,460.2316009521484
1994-12-14,0,453.5585006713867,460.2392010498047
1994-12-15,0,453.04450073242185,460.2756011962891
1994-12-16,0,452.8059997558595,460.4044012451172
1994-12-19,0,452.62799987792977,460.4606011962891
1994-12-20,0,452.56800079345714,460.42180114746094
1994-12-21,0,453.0440002441407,460.29820068359373
1994-12-22,0,453.5315002441407,460.1824005126953
1994-12-23,0,453.9084991455079,460.0232000732422
1994-12-27,0,454.3239990234376,459.8905999755859
1994-12-28,0,454.608497619629,459.7285998535156
1994-12-29,0,454.9824981689454,459.59880004882814
1994-12-30,0,455.49999694824226,459.37859985351565
1995-01-03,0,455.790496826172,459.2237994384766
1995-01-04,0,456.15999603271496,459.14019897460935
1995-01-05,0,456.5214965820313,459.1303991699219
1995-01-06,0,456.993995666504,459.11339904785154
1995-01-09,0,457.76299438476565,459.0775988769531
1995-01-10,0,458.4989944458008,458.99419860839845
1995-01-11,1,459.1084945678711,458.7519989013672
1995-01-12,1,459.68299560546876,458.5377990722656
1995-01-13,1,460.2329956054688,458.488798828125
1995-01-16,1,460.9349960327148,458.54619873046875
1995-01-17,1,461.4974960327148,458.58899841308596
1995-01-18,1,462.0874954223633,458.73759826660154
1995-01-19,1,462.5799957275391,458.8151983642578
1995-01-20,1,462.83849639892577,458.79779846191406
1995-01-23,1,463.14549713134767,458.80619873046874
1995-01-24,1,463.4469970703125,458.83599853515625
1995-01-25,1,463.6954971313477,458.93779846191404
1995-01-26,1,464.0684982299805,458.9833984375
1995-01-27,1,464.5294982910156,459.0905987548828
1995-01-30,1,464.99149932861326,459.14839904785157
1995-01-31,1,465.5570007324219,459.2853991699219
1995-02-01,1,466.0415008544922,459.4639990234375
1995-02-02,1,466.66400146484375,459.75379943847656
1995-02-03,1,467.56250152587893,460.32499938964844
1995-02-06,1,468.5780029296875,460.9491998291016
1995-02-07,1,469.5345031738281,461.519599609375
1995-02-08,1,470.511003112793,462.0601995849609
1995-02-09,1,471.4385025024414,462.5605993652344
1995-02-10,1,472.21300201416017,463.1159991455078
1995-02-13,1,472.8265014648438,463.7705987548828
1995-02-14,1,473.4515014648438,464.3555987548828
1995-02-15,1,474.19300231933596,464.97999877929686
1995-02-16,1,475.1065017700195,465.6221990966797
1995-02-17,1,475.9660018920898,466.2369989013672
1995-02-21,1,476.8110015869141,466.98239868164063
1995-02-22,1,477.77150268554686,467.7445989990234
1995-02-23,1,478.74500274658203,468.49339904785154
1995-02-24,1,479.73450164794923,469.25259887695313
1995-02-27,1,480.405500793457,469.82939880371094
1995-02-28,1,481.34950103759763,470.47039916992185
1995-03-01,1,482.11100006103516,471.0073992919922
1995-03-02,1,482.8475006103516,471.55179931640623
1995-03-03,1,483.4790008544922,472.11819946289063
1995-03-06,1,483.82800140380857,472.63859985351564
1995-03-07,1,483.8770004272461,473.08739990234375
1995-03-08,1,483.9935012817383,473.5536004638672
1995-03-09,1,484.0920013427734,473.9674005126953
1995-03-10,1,484.5610015869141,474.5416009521484
1995-03-13,1,484.9905014038086,475.11920043945315
1995-03-14,1,485.55250244140626,475.7916009521484
1995-03-15,1,486.0190032958984,476.44700134277343
1995-03-16,1,486.5625030517578,477.14100158691406
1995-03-17,1,487.07750244140624,477.8446014404297
1995-03-20,1,487.78600311279297,478.5538018798828
1995-03-21,1,488.40350341796875,479.23860229492186
1995-03-22,1,488.93350372314455,479.91840270996096
1995-03-23,1,489.3855041503906,480.60420288085936
1995-03-24,1,490.0285049438477,481.3908026123047
1995-03-27,1,490.99800567626954,482.1354028320313
1995-03-28,1,491.82350463867186,482.8258026123047
1995-03-29,1,492.697004699707,483.48720275878907
1995-03-30,1,493.55150451660154,484.13740295410156
1995-03-31,1,494.3160034179688,484.8126025390625
1995-04-03,1,495.1270034790039,485.5540026855469
1995-04-04,1,496.28300323486326,486.34240234375
1995-04-05,1,497.40450286865234,487.1366027832031
1995-04-06,1,498.55050201416014,487.90940246582034
1995-04-07,1,499.39300231933595,488.6714025878906
1995-04-10,1,500.2410034179687,489.4038024902344
1995-04-11,1,500.87300262451174,490.14420227050783
1995-04-12,1,501.6375030517578,490.8792022705078
1995-04-13,1,502.32850341796876,491.6558026123047
1995-04-17,1,502.85900421142577,492.3226025390625
1995-04-18,1,503.3205032348633,492.85700256347656
1995-04-19,1,503.81300354003906,493.3326025390625
1995-04-20,1,504.29400329589845,493.82220275878905
1995-04-21,1,504.92100219726564,494.36820251464843
1995-04-24,1,505.51700286865236,495.02220275878904
1995-04-25,1,505.96200103759764,495.63500244140624
1995-04-26,1,506.4,496.2552020263672
1995-04-27,1,506.92149963378904,496.87520202636716
1995-04-28,1,507.5460006713867,497.47860229492187
1995-05-01,1,508.22350158691404,498.0594024658203
1995-05-02,1,508.8740005493164,498.7172021484375
1995-05-03,1,509.63600006103513,499.47240173339844
1995-05-04,1,510.3844985961914,500.18180114746093
1995-05-05,1,511.0864990234375,500.8460009765625
1995-05-08,1,511.96349945068357,501.56300170898436
1995-05-09,1,512.790998840332,502.3580017089844
1995-05-10,1,513.7324981689453,503.0974011230469
1995-05-11,1,514.592497253418,503.8718011474609
1995-05-12,1,515.40849609375,504.6802008056641
1995-05-15,1,516.4889953613281,505.5266003417969
1995-05-16,1,517.629995727539,506.37780029296874
1995-05-17,1,518.7374954223633,507.27680053710935
1995-05-18,1,519.4519958496094,508.0056005859375
1995-05-19,1,519.9869964599609,508.72620056152346
1995-05-22,1,520.5249969482422,509.4078009033203
1995-05-23,1,521.3494995117187,510.1786016845703
1995-05-24,1,522.1470001220703,510.8930010986328
1995-05-25,1,522.8990020751953,511.62720153808596
1995-05-26,1,523.3460021972656,512.192001953125
1995-05-30,1,523.8120025634765,512.7532025146485
1995-05-31,1,524.7390045166015,513.4984027099609
1995-06-01,1,525.3895050048828,514.266802368164
1995-06-02,1,525.9880065917969,515.0036022949218
1995-06-05,1,526.7620056152343,515.7966015625
1995-06-06,1,527.34150390625,516.4882012939453
1995-06-07,1,527.8200042724609,517.086801147461
1995-06-08,1,528.2195037841797,517.65580078125
1995-06-09,1,528.3980041503906,518.1522009277344
1995-06-12,1,528.6645050048828,518.7254010009766
1995-06-13,1,529.0800048828125,519.4322009277344
1995-06-14,1,529.4940032958984,520.1246002197265
1995-06-15,1,529.9965026855468,520.7622003173828
1995-06-16,1,531.0090026855469,521.4474005126954
1995-06-19,1,532.3105010986328,522.2302001953125
1995-06-20,1,533.3769989013672,523.0013995361328
1995-06-21,1,534.1464965820312,523.7407989501953
1995-06-22,1,535.269497680664,524.6515991210938
1995-06-23,1,536.3254974365234,525.5023992919922
1995-06-26,1,537.349496459961,526.2003991699219
1995-06-27,1,538.2919952392579,526.9263989257812
1995-06-28,1,538.8584930419922,527.7135986328125
1995-06-29,1,539.3774932861328,528.4925982666016
1995-06-30,1,539.9894927978515,529.2817980957032
1995-07-03,1,540.5639953613281,530.053798828125
1995-07-05,1,541.1494964599609,530.7411987304688
1995-07-06,1,542.192495727539,531.5789990234375
1995-07-07,1,543.3934967041016,532.4531994628907
1995-07-10,1,544.8559967041016,533.3259997558594
1995-07-11,1,546.0509979248047,534.1273999023438
1995-07-12,1,547.2929992675781,535.06
1995-07-13,1,548.5195007324219,535.9828002929687
1995-07-14,1,549.6580017089843,536.7710009765625
1995-07-17,1,550.8024993896485,537.6146008300781
1995-07-18,1,551.464501953125,538.3814013671876
1995-07-19,1,551.764501953125,538.9218005371093
1995-07-20,1,552.2425018310547,539.5214001464843
1995-07-21,1,552.3700012207031,540.1066003417968
1995-07-24,1,552.7160003662109,540.7518005371094
1995-07-25,1,553.5644989013672,541.4628002929687
1995-07-26,1,554.5234985351562,542.1402001953124
1995-07-27,1,555.547998046875,542.8807995605468
1995-07-28,1,556.5009979248047,543.5979992675781
1995-07-31,1,557.3664978027343,544.4475988769532
1995-08-01,1,557.9939971923828,545.2565991210937
1995-08-02,1,558.57099609375,545.9595983886719
1995-08-03,1,558.8089965820312,546.5627978515626
1995-08-04,1,558.9374969482421,547.1693981933594
1995-08-07,1,559.0794982910156,547.7981982421875
1995-08-08,1,559.3599975585937,548.532998046875
1995-08-09,1,559.3009979248047,549.2555981445313
1995-08-10,1,559.1234985351563,549.7365979003906
1995-08-11,1,558.8844970703125,550.1689978027343
1995-08-14,1,558.735498046875,550.7135974121094
1995-08-15,1,558.7409973144531,551.172998046875
1995-08-16,1,559.1904968261719,551.6613977050781
1995-08-17,1,559.4654968261718,552.1795971679687
1995-08-18,1,559.7449981689454,552.7167980957031
1995-08-21,1,559.8189971923828,553.3201977539062
1995-08-22,1,559.7399993896485,553.892998046875
1995-08-23,1,559.5165008544922,554.3147985839844
1995-08-24,1,559.1285034179688,554.734599609375
1995-08-25,1,558.9870025634766,555.19419921875
1995-08-28,1,558.8365020751953,555.5785986328125
1995-08-29,1,558.8545013427735,555.87419921875
1995-08-30,1,558.9605010986328,556.1929992675781
1995-08-31,1,559.1170013427734,556.5509997558594
1995-09-01,1,559.3620025634766,556.8064001464844
1995-09-05,1,559.8190002441406,557.1955993652343
1995-09-06,1,560.3079986572266,557.7163989257813
1995-09-07,1,560.8369964599609,558.2735986328125
1995-09-08,1,561.5984954833984,558.8325988769532
1995-09-11,1,562.5384948730468,559.4333984375
1995-09-12,1,563.3769958496093,560.0685986328125
1995-09-13,1,564.386996459961,560.7021984863281
1995-09-14,1,565.5689971923828,561.4291979980469
1995-09-15,1,566.7844970703125,562.0163977050781
1995-09-18,1,567.9624969482422,562.5443981933594
1995-09-19,1,569.2669982910156,563.0845983886719
1995-09-20,1,570.6294982910156,563.7243981933593
1995-09-21,1,571.9224975585937,564.1665979003906
1995-09-22,1,573.1359954833985,564.5811975097656
1995-09-25,1,574.2214965820312,565.0195971679688
1995-09-26,1,575.3394958496094,565.3933972167969
1995-09-27,1,576.3914947509766,565.8449963378906
1995-09-28,1,577.6389953613282,566.5427966308594
1995-09-29,1,578.765493774414,567.1601965332031
1995-10-02,1,579.6594909667969,567.7221960449219
1995-10-03,1,580.3179931640625,568.236396484375
1995-10-04,1,580.8829925537109,568.6437963867188
1995-10-05,1,581.4999938964844,569.0641967773438
1995-10-06,1,581.9904937744141,569.4095971679687
1995-10-09,1,582.2134948730469,569.7183972167969
1995-10-10,1,582.2639953613282,570.02759765625
1995-10-11,1,582.2984954833985,570.4239978027343
1995-10-12,1,582.2729949951172,570.9099975585938
1995-10-13,1,582.3304962158203,571.4249975585938
1995-10-16,1,582.3434967041015,571.9067980957032
1995-10-17,1,582.4724975585938,572.4417980957031
1995-10-18,1,582.5059967041016,572.9827978515625
1995-10-19,1,582.8884979248047,573.6015979003906
1995-10-20,1,583.175,574.2017980957031
1995-10-23,1,583.3375,574.8007983398437
1995-10-24,1,583.5940002441406,575.3367980957031
1995-10-25,1,583.6654998779297,575.8147973632813
1995-10-26,1,583.2079986572265,576.1497973632812
1995-10-27,1,582.9725006103515,576.562998046875
1995-10-30,1,583.0490020751953,577.0437976074219
1995-10-31,1,583.0070007324218,577.5115979003906
1995-11-01,1,583.1445007324219,578.0055969238281
1995-11-02,1,583.4989990234375,578.6571960449219
1995-11-03,1,583.9029998779297,579.3193957519532
1995-11-06,1,584.4075012207031,579.8865966796875
1995-11-07,1,584.8475006103515,580.4319970703125
1995-11-08,1,585.4600006103516,581.0661975097656
1995-11-09,1,585.9680023193359,581.712998046875
1995-11-10,1,586.3790008544922,582.3297973632813
1995-11-13,1,586.8424987792969,582.8989965820313
1995-11-14,1,586.9679962158203,583.301396484375
1995-11-15,1,587.2939971923828,583.777197265625
1995-11-16,1,587.6284973144532,584.3181982421875
1995-11-17,1,588.2589965820313,584.8659985351562
1995-11-20,1,588.8484954833984,585.3247985839844
1995-11-21,1,589.53349609375,585.7993981933594
1995-11-22,1,590.3299987792968,586.1919982910156
1995-11-24,1,591.4924987792969,586.5191979980468
1995-11-27,1,592.5734985351562,586.8785986328126
1995-11-28,1,593.7334991455078,587.3521984863281
1995-11-29,1,595.0404998779297,587.8209985351563
1995-11-30,1,596.0980010986328,588.192998046875
1995-12-01,1,596.9610015869141,588.67259765625
1995-12-04,1,598.1165008544922,589.3115979003907
1995-12-05,1,599.5774993896484,590.0289978027344
1995-12-06,1,601.2704986572265,590.8043981933594
1995-12-07,1,602.4934967041015,591.5069982910156
1995-12-08,1,603.7044952392578,592.1391979980468
1995-12-11,1,605.0444976806641,592.8413989257813
1995-12-12,1,606.3684997558594,593.5826000976563
1995-12-13,1,607.9885009765625,594.369599609375
1995-12-14,1,609.1364990234375,595.0785998535156
1995-12-15,1,610.0864990234375,595.7528002929688
1995-12-18,1,610.4234985351562,596.2392004394532
1995-12-19,1,611.1774993896485,596.910400390625
1995-12-20,1,611.4625,597.4788000488281
1995-12-21,1,612.0669982910156,598.0993994140625
1995-12-22,1,612.6660003662109,598.6764001464844
1995-12-26,1,613.3149993896484,599.2723999023438
1995-12-27,1,613.7190002441406,599.9023999023437
1995-12-28,1,614.0429992675781,600.44919921875
1995-12-29,1,614.5709991455078,601.0189990234375
1996-01-02,1,615.2584991455078,601.6205981445313
1996-01-03,1,615.6404998779296,602.2977978515624
1996-01-04,1,615.6415008544922,602.9505981445312
1996-01-05,1,615.4680023193359,603.5539990234375
1996-01-08,1,615.5825042724609,604.2738000488281
1996-01-09,1,615.181005859375,604.9284008789062
1996-01-10,1,614.12900390625,605.3040002441406
1996-01-11,1,613.3245025634766,605.6928002929687
1996-01-12,1,612.3305023193359,606.0990002441406
1996-01-15,1,611.4755035400391,606.4110009765625
1996-01-16,1,611.0805023193359,606.7854016113281
1996-01-17,1,611.0585021972656,607.1014013671875
1996-01-18,1,610.8740020751953,607.4970007324218
1996-01-19,1,611.1685028076172,608.0072009277344
1996-01-22,1,611.3140045166016,608.4410009765625
1996-01-23,1,611.3560028076172,608.8316003417968
1996-01-24,1,611.6390045166015,609.3764013671876
1996-01-25,1,611.7640045166015,609.8710021972656
1996-01-26,1,612.1390045166015,610.5176025390625
1996-01-29,1,612.5535034179687,611.1228015136719
1996-01-30,1,613.0245056152344,611.7790014648438
1996-01-31,1,613.7595062255859,612.4980017089844
1996-02-01,1,614.7975067138672,613.3302026367187
1996-02-02,1,615.7540069580078,614.0422033691407
1996-02-05,1,616.9025054931641,614.902802734375
1996-02-06,1,618.7465057373047,615.8300036621093
1996-02-07,1,621.3190063476562,616.8022033691407
1996-02-08,1,623.9880065917969,617.7946032714843
1996-02-09,1,626.7160064697266,618.7692028808593
1996-02-12,1,629.7975067138672,619.8908032226562
1996-02-13,1,632.4010070800781,620.9614038085938
1996-02-14,1,634.8615081787109,621.799404296875
1996-02-15,1,637.0155090332031,622.4722045898437
1996-02-16,1,638.8230072021485,623.0282043457031
1996-02-20,1,640.1855072021484,623.5178051757813
1996-02-21,1,641.9510070800782,624.130205078125
1996-02-22,1,643.8960052490235,624.9170043945312
1996-02-23,1,645.9985046386719,625.7230041503906
1996-02-26,1,647.4405059814453,626.2984045410157
1996-02-27,1,648.5915069580078,626.9048046875
1996-02-28,1,649.3215057373047,627.4730041503906
1996-02-29,1,649.5420043945312,628.1454040527344
1996-03-01,1,649.8375030517578,628.7942041015625
1996-03-04,1,650.5860015869141,629.6916040039063
1996-03-05,1,651.3040008544922,630.5976037597657
1996-03-06,1,651.5875,631.398603515625
1996-03-07,1,651.7735015869141,632.1856042480468
1996-03-08,1,650.6450012207031,632.5650036621093
1996-03-11,1,649.8275024414063,633.0830041503906
1996-03-12,1,648.6095031738281,633.5062048339844
1996-03-13,1,647.5115020751953,633.8626049804687
1996-03-14,1,646.7760009765625,634.2536047363282
1996-03-15,1,646.2815002441406,634.7282043457031
1996-03-18,1,646.5150024414063,635.4470043945313
1996-03-19,1,647.0670013427734,636.1116040039062
1996-03-20,1,647.161001586914,636.9222033691407
1996-03-21,1,646.6775024414062,637.9364038085937
1996-03-22,1,646.2545013427734,638.8950036621094
1996-03-25,1,646.2334991455078,639.8596032714844
1996-03-26,1,646.5199981689453,640.9226025390625
1996-03-27,1,646.7279968261719,641.732001953125
1996-03-28,1,647.1534973144531,642.5834020996094
1996-03-29,1,647.2099975585937,643.3286022949219
1996-04-01,1,647.3559967041016,644.1666015625
1996-04-02,1,647.3294982910156,645.0038012695312
1996-04-03,1,647.5234985351562,645.8656018066406
1996-04-04,1,647.6339965820313,646.5836010742188
1996-04-08,1,648.17099609375,647.1278002929688
1996-04-09,1,648.2794952392578,647.5392004394531
1996-04-10,1,648.0999938964844,647.7248010253907
1996-04-11,0,647.731494140625,647.745400390625
1996-04-12,0,647.5234954833984,647.7592004394531
1996-04-15,0,647.5764953613282,647.8397998046875
1996-04-16,0,647.193994140625,648.0229992675781
1996-04-17,0,646.6899932861328,648.0265991210938
1996-04-18,0,646.3714935302735,647.9721984863281
1996-04-19,0,646.165493774414,647.8749987792969
1996-04-22,0,646.0289947509766,647.7113989257813
1996-04-23,0,646.1059967041016,647.6155993652344
1996-04-24,0,645.9659973144531,647.3899987792969
1996-04-25,0,646.1639984130859,647.2371984863281
1996-04-26,0,646.3899993896484,647.1947985839844
1996-04-29,0,646.822998046875,647.2515979003906
1996-04-30,0,646.8449981689453,647.3753979492187
1996-05-01,0,646.8109985351563,647.6539978027344
1996-05-02,0,646.1859985351563,647.5595983886719
1996-05-03,0,645.4744995117187,647.2149987792968
1996-05-06,0,645.3029998779297,646.8495983886719
1996-05-07,0,645.1065002441406,646.6055981445312
1996-05-08,0,645.6700012207032,646.5561987304687
1996-05-09,0,646.3830017089844,646.5699987792968
1996-05-10,1,647.152001953125,646.8031994628906
1996-05-13,1,648.1030029296875,647.1459997558594
1996-05-14,1,649.1330017089844,647.4417993164062
1996-05-15,1,650.3235015869141,647.6343994140625
1996-05-16,1,651.3855010986329,647.8913989257812
1996-05-17,1,652.5774993896484,648.1965979003907
1996-05-20,1,653.8404998779297,648.9895983886719
1996-05-21,1,654.8994995117188,649.6443981933594
1996-05-22,1,656.3119995117188,650.4709973144531
1996-05-23,1,657.4684997558594,651.2199975585937
1996-05-24,1,658.7209991455078,651.9727978515625
1996-05-28,1,659.6244995117188,652.5887976074218
1996-05-29,1,660.3125,652.8943969726563
1996-05-30,1,661.1684997558593,653.2945971679687
1996-05-31,1,662.4554992675781,653.6773974609375
1996-06-03,1,663.7579986572266,654.047197265625
1996-06-04,1,665.3454986572266,654.4859973144531
1996-06-05,1,667.3544982910156,655.0539978027343
1996-06-06,1,668.7674987792968,655.4551989746094
1996-06-07,1,670.1609985351563,655.9431994628907
1996-06-10,1,671.1644958496094,656.4075988769531
1996-06-11,1,671.6374938964843,656.9169982910156
1996-06-12,1,671.8094940185547,657.2231982421876
1996-06-13,1,671.9344940185547,657.4763977050782
1996-06-14,1,671.9844940185546,657.6757971191406
1996-06-17,1,671.7969940185546,657.861796875
1996-06-18,1,671.2424926757812,658.2181970214843
1996-06-19,1,670.7024932861328,658.6135974121094
1996-06-20,1,669.8864929199219,659.1855969238281
1996-06-21,1,669.4284942626953,659.8987976074219
1996-06-24,1,668.9454925537109,660.5415966796875
1996-06-25,1,668.7579925537109,661.061396484375
1996-06-26,1,668.5809936523438,661.4491967773438
1996-06-27,1,668.4234924316406,661.9879968261719
1996-06-28,1,668.4989929199219,662.5283972167969
1996-07-01,1,668.9089935302734,663.1445971679688
1996-07-02,1,668.9614929199219,663.6589965820312
1996-07-03,1,668.6594940185547,664.0753967285157
1996-07-05,1,667.8799926757813,664.2207971191406
1996-07-08,1,666.8414916992188,664.2141967773438
1996-07-09,1,665.9709930419922,664.2399963378906
1996-07-10,1,665.2254943847656,664.2779968261718
1996-07-11,0,664.0569946289063,664.1079968261719
1996-07-12,0,662.9704956054687,663.9401965332031
1996-07-15,0,661.1679962158203,663.6685961914062
1996-07-16,0,659.3284973144531,663.4033959960938
1996-07-17,0,657.9289978027343,663.2685961914062
1996-07-18,0,657.0089965820313,663.3745959472657
1996-07-19,0,655.8404968261718,663.2537951660156
1996-07-22,0,654.1869964599609,663.0203955078125
1996-07-23,0,652.0879974365234,662.5159948730469
1996-07-24,0,649.9964996337891,661.8187951660157
1996-07-25,0,648.335498046875,661.1301953125
1996-07-26,0,646.7029998779296,660.5397961425781
1996-07-29,0,644.7169982910157,659.86099609375
1996-07-30,0,642.6859985351563,659.1879968261719
1996-07-31,0,641.0029998779297,658.5239965820313
1996-08-01,0,639.883999633789,658.0691967773438
1996-08-02,0,640.1364990234375,657.7505969238281
1996-08-05,0,640.5209991455079,657.4351965332031
1996-08-06,0,640.9024993896485,657.1125964355468
1996-08-07,0,641.3074981689454,656.9511962890625
1996-08-08,0,642.1535003662109,656.8443969726562
1996-08-09,0,642.9489990234375,656.6523962402343
1996-08-12,0,644.7475006103516,656.5853967285157
1996-08-13,0,646.3390014648437,656.4357971191406
1996-08-14,0,647.7380004882813,656.2255969238281
1996-08-15,0,648.6740020751953,655.9023974609376
1996-08-16,0,649.9980041503907,655.7459973144531
1996-08-19,0,651.6385040283203,655.6113977050782
1996-08-20,0,653.5795043945312,655.4819982910157
1996-08-21,1,655.5005035400391,655.3639990234375
1996-08-22,1,657.4760040283203,655.3967993164063
1996-08-23,1,659.032504272461,655.3790002441406
1996-08-26,1,660.681005859375,655.3396008300781
1996-08-27,1,662.2380065917969,655.3644018554687
1996-08-28,1,663.481005859375,655.4194018554688
1996-08-29,1,663.8500061035156,655.3282019042969
1996-08-30,1,663.3250061035156,655.1260021972656
1996-09-03,1,663.0495056152344,654.8836010742187
1996-09-04,1,662.7110046386719,654.6188012695312
1996-09-05,1,661.9750061035156,654.2380017089844
1996-09-06,1,661.6295043945313,654.0638012695313
1996-09-09,1,661.7125061035156,653.9680017089844
1996-09-10,1,661.6145050048829,653.8316015625
1996-09-11,1,661.968505859375,653.6596020507812
1996-09-12,1,662.4235076904297,653.6104028320312
1996-09-13,1,663.3365051269532,653.7732019042969
1996-09-16,1,664.2750030517578,654.3040014648437
1996-09-17,1,665.0930023193359,654.912001953125
1996-09-18,1,665.8820007324218,655.4464013671875
1996-09-19,1,666.7785003662109,655.9852014160156
1996-09-20,1,667.5960021972656,656.81240234375
1996-09-23,1,668.5684997558594,657.6182019042968
1996-09-24,1,669.6549987792969,658.7344018554687
1996-09-25,1,670.626498413086,659.8836022949218
1996-09-26,1,671.6789978027343,660.9194018554688
1996-09-27,1,673.1184967041015,661.772001953125
1996-09-30,1,674.885498046875,662.7440026855469
1996-10-01,1,676.6035003662109,663.8502026367188
1996-10-02,1,678.5235015869141,665.1930029296875
1996-10-03,1,680.6905029296875,666.5156030273438
1996-10-04,1,682.9795043945312,667.9214038085937
1996-10-07,1,684.9585052490235,669.2702038574218
1996-10-08,1,686.8000061035157,670.6648046875
1996-10-09,1,688.2730041503906,671.894404296875
1996-10-10,1,689.4460021972657,672.9876037597656
1996-10-11,1,690.452001953125,674.0004028320312
1996-10-14,1,691.4300018310547,674.8214025878906
1996-10-15,1,692.4115020751954,675.668203125
1996-10-16,1,693.5585021972656,676.5088024902344
1996-10-17,1,694.7580017089844,677.3654028320312
1996-10-18,1,695.9475006103515,678.3300024414062
1996-10-21,1,697.116000366211,679.2850024414063
1996-10-22,1,698.1640014648438,680.1010021972656
1996-10-23,1,699.2360015869141,681.04240234375
1996-10-24,1,700.0575012207031,681.8472021484375
1996-10-25,1,700.7940002441406,682.6200012207031
1996-10-28,1,701.2904998779297,683.2610009765625
1996-10-29,1,701.9114990234375,683.9594006347656
1996-10-30,1,702.2559997558594,684.6636010742187
1996-10-31,1,702.8804992675781,685.4676013183594
1996-11-01,1,702.9959991455078,686.1294018554687
1996-11-04,1,703.1654968261719,686.9234008789062
1996-11-05,1,703.8404968261718,687.9286010742187
1996-11-06,1,705.2329986572265,689.0924011230469
1996-11-07,1,706.8850006103515,690.3492016601563
1996-11-08,1,708.3930023193359,691.8176013183594
1996-11-11,1,709.8095031738281,693.4152014160156
1996-11-12,1,711.1590026855469,694.912001953125
1996-11-13,1,712.495004272461,696.42240234375
1996-11-14,1,713.9395050048828,698.1512023925782
1996-11-15,1,715.2795043945313,699.7900024414063
1996-11-18,1,716.6380065917969,701.2552026367188
1996-11-19,1,718.4175048828125,702.8222021484376
1996-11-20,1,720.2515045166016,704.3556018066406
1996-11-21,1,722.2745056152344,705.7876013183594
1996-11-22,1,724.665005493164,707.1514013671875
1996-11-25,1,727.6535064697266,708.61240234375
1996-11-26,1,730.3765075683593,710.072802734375
1996-11-27,1,733.0815063476563,711.5434033203124
1996-11-29,1,735.6690063476562,713.0238037109375
1996-12-02,1,738.3085052490235,714.4144030761719
1996-12-03,1,740.3860076904297,715.6504040527344
1996-12-04,1,741.9340057373047,716.8402038574219
1996-12-05,1,742.9235046386718,718.0112036132813
1996-12-06,1,743.5210021972656,719.0860034179688
1996-12-09,1,744.4680023193359,720.3574035644531
1996-12-10,1,745.2515014648437,721.5616027832032
1996-12-11,1,745.8100006103516,722.5946020507813
1996-12-12,1,745.7184997558594,723.3004016113281
1996-12-13,1,745.3565002441406,724.0176013183594
1996-12-16,1,744.5244995117188,724.4080004882812
1996-12-17,1,743.9754974365235,724.8619995117188
1996-12-18,1,743.4444976806641,725.4799987792969
1996-12-19,1,743.5349975585938,726.4603991699219
1996-12-20,1,743.8409973144531,727.5455993652344
1996-12-23,1,743.7504974365235,728.4707995605469
1996-12-24,1,743.4504974365234,729.4206005859374
1996-12-26,1,743.4434967041016,730.4856005859375
1996-12-27,1,743.5329956054687,731.5332006835938
1996-12-30,1,743.3744934082031,732.470400390625
1996-12-31,1,742.5834930419921,733.0688000488282
1997-01-02,1,742.0199920654297,733.6120007324218
1997-01-03,1,742.1664947509765,734.441201171875
1997-01-06,1,742.3299957275391,735.2488012695312
1997-01-07,1,743.0114959716797,736.2676013183594
1997-01-08,1,742.943994140625,737.2174011230469
1997-01-09,1,743.3094940185547,738.3692004394532
1997-01-10,1,744.2479949951172,739.5292004394531
1997-01-13,1,745.75849609375,740.7014001464844
1997-01-14,1,747.7694946289063,741.9731994628906
1997-01-15,1,750.0804962158203,743.2417993164063
1997-01-16,1,752.2659973144531,744.5021997070312
1997-01-17,1,754.4974975585938,745.7427990722656
1997-01-20,1,756.0444976806641,746.7849987792969
1997-01-21,1,757.7369964599609,747.8863977050781
1997-01-22,1,759.7024963378906,748.9945971679688
1997-01-23,1,761.0289947509766,749.9083972167969
1997-01-24,1,761.7639953613282,750.72759765625
1997-01-27,1,762.1754974365234,751.4053979492187
1997-01-28,1,762.733999633789,751.9881982421875
1997-01-29,1,764.3220001220703,752.6857983398437
1997-01-30,1,766.6799987792969,753.6287976074219
1997-01-31,1,768.5864959716797,754.5087976074219
1997-02-03,1,770.540493774414,755.3643969726562
1997-02-04,1,772.3419952392578,756.2945971679687
1997-02-05,1,773.835498046875,756.8855981445313
1997-02-06,1,775.1005004882812,757.347998046875
1997-02-07,1,776.6035003662109,758.0199975585938
1997-02-10,1,777.8994995117188,758.6285974121093
1997-02-11,1,778.936001586914,759.2799975585938
1997-02-12,1,780.714501953125,760.2041979980469
1997-02-13,1,782.818002319336,761.4749975585937
1997-02-14,1,784.4335021972656,762.74259765625
1997-02-18,1,786.4130004882812,764.1807971191406
1997-02-19,1,787.9015014648437,765.6385974121093
1997-02-20,1,788.7300018310547,766.6993969726562
1997-02-21,1,789.9405029296875,767.7839978027343
1997-02-24,1,791.9285034179687,769.1749987792969
1997-02-25,1,794.27900390625,770.829599609375
1997-02-26,1,796.3120025634765,772.3703991699218
1997-02-27,1,797.4405029296875,773.8521997070312
1997-02-28,1,797.7730041503906,775.1478002929688
1997-03-03,1,798.2305053710937,776.4232006835938
1997-03-04,1,798.4415069580078,777.3270007324219
1997-03-05,1,799.0780059814454,778.3894006347656
1997-03-06,1,800.0920043945313,779.4222009277344
1997-03-07,1,801.3330017089844,780.5009997558594
1997-03-10,1,802.5375030517578,781.6576000976562
1997-03-11,1,803.8330047607421,782.7486010742188
1997-03-12,1,804.56650390625,783.7568017578125
1997-03-13,1,803.9060028076171,784.7332019042968
1997-03-14,1,802.973501586914,785.8564013671875
1997-03-17,1,802.3350036621093,786.8100012207032
1997-03-18,1,801.0035034179688,787.6502001953126
1997-03-19,1,799.6675048828125,788.3010009765625
1997-03-20,1,798.6600067138672,788.9858020019532
1997-03-21,1,797.7765045166016,789.5708020019531
1997-03-24,1,796.8070037841796,790.1986022949219
1997-03-25,1,795.6590026855469,790.7898022460937
1997-03-26,1,794.9000030517578,791.2226025390624
1997-03-27,1,793.8405029296875,791.3562023925781
1997-03-31,1,792.1555023193359,791.1036022949219
1997-04-01,0,790.3720031738281,790.7730029296876
1997-04-02,0,788.3300018310547,790.2412023925781
1997-04-03,0,785.7465026855468,789.593203125
1997-04-04,0,783.7135040283204,789.0266040039063
1997-04-07,0,781.5715057373047,788.7180041503906
1997-04-08,0,779.1950042724609,788.6300036621094
1997-04-09,0,776.6580017089843,788.5416027832031
1997-04-10,0,774.3620025634766,788.4080029296875
1997-04-11,0,771.76650390625,787.7110034179688
1997-04-14,0,769.2945037841797,786.9022033691406
1997-04-15,0,767.2450012207031,786.2734033203125
1997-04-16,0,765.9385040283203,785.809404296875
1997-04-17,0,764.7385040283203,785.2596044921875
1997-04-18,0,763.9230041503906,785.0208044433593
1997-04-21,0,762.7365051269531,784.6252038574219
1997-04-22,0,761.9225036621094,784.3262036132812
1997-04-23,0,761.1510040283204,784.0904040527344
1997-04-24,0,760.1850036621094,783.7222033691406
1997-04-25,0,759.7595031738281,782.9742028808594
1997-04-28,0,760.5515045166015,782.1970031738281
1997-04-29,0,762.2720031738281,781.9084033203125
1997-04-30,0,764.8335052490235,781.609404296875
1997-05-01,0,767.2440063476563,781.330205078125
1997-05-02,0,769.9975036621094,781.5336047363281
1997-05-05,0,773.4055023193359,782.10400390625
1997-05-06,0,776.4875030517578,782.453603515625
1997-05-07,0,779.2385040283203,782.5254028320312
1997-05-08,0,782.3345031738281,782.8170031738281
1997-05-09,1,786.6910034179688,783.4112036132813
1997-05-12,1,791.3875030517578,784.3480029296875
1997-05-13,1,795.3080047607422,785.1044030761718
1997-05-14,1,798.9335021972656,786.0062023925781
1997-05-15,1,802.9390014648437,786.8040026855468
1997-05-16,1,806.1095001220704,787.427802734375
1997-05-19,1,809.7545013427734,787.9938037109375
1997-05-20,1,813.1070007324219,788.5540026855468
1997-05-21,1,816.3924987792968,789.1142016601563
1997-05-22,1,819.6164978027343,789.7422009277344
1997-05-23,1,823.6994995117187,790.8916015625
1997-05-27,1,827.5369995117187,792.02240234375
1997-05-28,1,830.1950012207031,793.05240234375
1997-05-29,1,832.3320007324219,794.1408032226562
1997-05-30,1,834.8195007324218,795.3910034179687
1997-06-02,1,836.4890014648438,796.6652026367187
1997-06-03,1,837.248501586914,797.892802734375
1997-06-04,1,837.866000366211,798.8772021484375
1997-06-05,1,839.2565002441406,799.9644018554687
1997-06-06,1,841.1440002441407,801.3146020507812
1997-06-09,1,843.0504974365234,803.0952014160156
1997-06-10,1,844.4309997558594,805.2582019042969
1997-06-11,1,846.2529998779297,807.4568017578125
1997-06-12,1,848.6240020751953,810.1238024902344
1997-06-13,1,851.1935028076172,812.982802734375
1997-06-16,1,854.4010040283204,815.702802734375
1997-06-17,1,857.4585021972656,818.3486022949219
1997-06-18,1,859.8285034179687,820.80740234375
1997-06-19,1,862.7605041503906,823.5552026367187
1997-06-20,1,865.9125061035156,826.36240234375
1997-06-23,1,867.4920043945312,829.1818017578125
1997-06-24,1,869.8235046386719,832.2340026855469
1997-06-25,1,871.9125030517578,834.9194030761719
1997-06-26,1,873.8925018310547,837.32240234375
1997-06-27,1,875.8434997558594,839.8330017089844
1997-06-30,1,877.7825012207031,842.2090014648437
1997-07-01,1,880.0600036621094,844.8222021484376
1997-07-02,1,883.256005859375,847.4106030273438
1997-07-03,1,886.9305053710938,850.2762023925782
1997-07-07,1,889.640005493164,853.0966027832031
1997-07-08,1,892.4320068359375,856.1642028808594
1997-07-09,1,894.5455047607422,858.8558020019532
1997-07-10,1,896.756005859375,861.2504028320312
1997-07-11,1,898.4170043945312,863.5572021484375
1997-07-14,1,899.6725036621094,865.9542016601563
1997-07-15,1,901.2655029296875,868.2100024414062
1997-07-16,1,903.3740051269531,870.3360034179688
1997-07-17,1,905.5015045166016,872.4130029296875
1997-07-18,1,906.3670043945312,874.4066027832031
1997-07-21,1,907.07900390625,876.2602026367188
1997-07-22,1,909.8470031738282,878.4442016601563
1997-07-23,1,911.8580017089844,880.4222021484375
1997-07-24,1,914.4235015869141,882.5656018066406
1997-07-25,1,917.1790008544922,884.6206018066406
1997-07-28,1,919.6365020751953,886.512001953125
1997-07-29,1,922.4940002441406,888.7628015136719
1997-07-30,1,925.556997680664,891.1432006835937
1997-07-31,1,928.07099609375,893.396201171875
1997-08-01,1,929.581997680664,895.552001953125
1997-08-04,1,931.4869964599609,897.8448022460938
1997-08-05,1,933.1679962158203,899.9516015625
1997-08-06,1,935.806997680664,902.1638012695313
1997-08-07,1,937.6774963378906,904.2434008789063
1997-08-08,1,938.5204956054688,906.0326000976562
1997-08-11,1,939.4514953613282,907.8069995117188
1997-08-12,1,939.4899963378906,909.410400390625
1997-08-13,1,938.7614959716797,910.941201171875
1997-08-14,1,938.4194976806641,912.6344018554687
1997-08-15,1,937.6949981689453,913.782001953125
1997-08-18,1,937.6724975585937,914.8716015625
1997-08-19,1,937.2739990234375,916.1336022949218
1997-08-20,1,937.4134979248047,917.6152014160157
1997-08-21,1,936.6509979248046,918.7248010253907
1997-08-22,1,935.8884979248047,919.5264001464843
1997-08-25,1,935.0739959716797,920.06419921875
1997-08-26,1,933.610498046875,920.4465991210938
1997-08-27,1,931.6809997558594,920.8321997070312
1997-08-28,1,929.1489990234375,921.1243994140625
1997-08-29,1,926.7654968261719,921.1539990234374
1997-09-02,1,925.6294982910156,921.7315991210937
1997-09-03,1,924.4039978027344,922.7163989257813
1997-09-04,0,922.9314971923828,923.4069982910156
1997-09-05,0,921.824496459961,924.2081982421874
1997-09-08,0,921.7074981689453,925.1585986328125
1997-09-09,0,921.5384979248047,926.0849987792968
1997-09-10,0,921.1634979248047,926.7627990722656
1997-09-11,0,920.6919982910156,927.1939990234375
1997-09-12,0,920.6489959716797,927.5915979003906
1997-09-15,0,921.5969970703125,927.6485986328125
1997-09-16,0,923.2544982910156,928.3173986816406
1997-09-17,0,924.1039978027344,928.8023986816406
1997-09-18,0,924.5009979248047,929.5973986816406
1997-09-19,0,925.7739990234375,930.3319982910157
1997-09-22,0,927.3684997558594,931.1069982910157
1997-09-23,0,928.9570007324219,931.777998046875
1997-09-24,0,930.5299987792969,932.1523974609376
1997-09-25,0,931.7404968261719,932.1787963867188
1997-09-26,1,933.8179962158204,932.45099609375
1997-09-29,1,936.5114990234375,933.211796875
1997-09-30,1,937.4964996337891,933.8985974121093
1997-10-01,1,938.8739990234375,934.327197265625
1997-10-02,1,940.3535003662109,934.8051977539062
1997-10-03,1,942.1525024414062,935.2997985839844
1997-10-06,1,944.227001953125,935.9777990722656
1997-10-07,1,946.702001953125,936.9111987304688
1997-10-08,1,949.4425018310546,937.5421997070313
1997-10-09,1,952.3440002441406,937.9088000488281
1997-10-10,1,954.4975006103516,938.1621997070313
1997-10-13,1,956.9139984130859,938.5813989257813
1997-10-14,1,958.1459991455079,938.9809997558593
1997-10-15,1,959.2819976806641,939.2479992675782
1997-10-16,1,959.6799987792969,939.1465991210938
1997-10-17,1,959.3624969482422,939.0059985351562
1997-10-20,1,959.3714965820312,939.4473986816406
1997-10-21,1,960.3889984130859,940.1529992675781
1997-10-22,1,961.5894989013672,940.9921984863281
1997-10-23,1,962.2285003662109,941.5655981445312
1997-10-24,1,962.0495025634766,941.902998046875
1997-10-27,1,958.2320007324219,941.4265979003907
1997-10-28,1,956.960498046875,941.6137976074219
1997-10-29,1,955.147998046875,941.476796875
1997-10-30,1,952.3089965820312,940.7633972167969
1997-10-31,1,949.7884948730468,940.5547973632813
1997-11-03,1,948.1034942626953,940.8637976074219
1997-11-04,1,945.9854949951172,941.2757983398437
1997-11-05,1,944.431494140625,941.8705981445313
1997-11-06,1,942.8019958496094,942.3571984863281
1997-11-07,0,940.8284973144531,942.8339990234375
1997-11-10,0,938.4799987792969,943.2671997070313
1997-11-11,0,936.1549987792969,943.1911999511718
1997-11-12,0,933.1670013427735,942.7532006835937
1997-11-13,0,931.2375,942.4690002441406
1997-11-14,0,930.4470001220703,942.455
1997-11-17,0,929.9765014648438,942.755
1997-11-18,0,928.2739990234375,942.8471997070312
1997-11-19,0,927.0790008544922,943.3583996582031
1997-11-20,0,927.4934997558594,944.2861987304688
1997-11-21,0,928.5660003662109,945.0697998046875
1997-11-24,0,932.05,945.6077990722656
1997-11-25,0,933.498501586914,945.7113989257813
1997-11-26,0,935.1225036621094,945.88419921875
1997-11-28,0,937.7085052490235,946.0464001464844
1997-12-01,0,940.7160064697266,946.5316003417969
1997-12-02,0,942.3505065917968,946.8566003417968
1997-12-03,0,944.1510070800781,947.3534008789062
1997-12-04,0,945.6680053710937,947.92580078125
1997-12-05,0,947.9560028076172,948.8434008789062
1997-12-08,1,950.6990020751953,949.5864013671875
1997-12-09,1,953.4315032958984,950.0352014160156
1997-12-10,1,955.7320007324219,950.485400390625
1997-12-11,1,958.1809997558594,950.4760009765625
1997-12-12,1,960.0175018310547,950.3346008300781
1997-12-15,1,961.7695037841797,950.3018005371093
1997-12-16,1,962.8615020751953,950.2088000488282
1997-12-17,1,964.227001953125,949.8571997070312
1997-12-18,1,964.7625,949.4863989257813
1997-12-19,1,964.1525024414062,949.009599609375
1997-12-22,1,963.6830017089844,948.7440002441406
1997-12-23,1,963.3060028076172,948.1646008300781
1997-12-24,1,962.4000030517578,947.4130004882812
1997-12-26,1,961.6410034179687,946.8278015136718
1997-12-29,1,961.5385009765625,946.7898010253906
1997-12-30,1,961.3420013427734,947.3234020996093
1997-12-31,1,961.2795013427734,947.6198022460937
1998-01-02,1,961.1929992675781,947.6750012207032
1998-01-05,1,961.3915008544922,947.8466015625
1998-01-06,1,960.5310028076171,948.1644018554688
1998-01-07,1,959.6125030517578,948.6116015625
1998-01-08,1,958.6260009765625,950.1928015136718
1998-01-09,1,956.5210021972656,950.3096020507812
1998-01-12,1,955.7345031738281,950.7106030273437
1998-01-13,1,955.6710021972656,951.6794030761719
1998-01-14,1,955.3985015869141,952.5458032226562
1998-01-15,1,954.5330017089843,952.7806030273438
1998-01-16,1,954.3315032958984,953.1956030273437
1998-01-20,1,955.4965026855468,953.91240234375
1998-01-21,1,956.6980010986329,954.5680017089844
1998-01-22,1,957.1649993896484,955.2786010742187
1998-01-23,1,958.0880004882813,956.0078015136719
1998-01-26,1,959.3005004882813,956.671201171875
1998-01-27,1,960.928500366211,957.9324011230469
1998-01-28,1,962.1340026855469,959.1484020996094
1998-01-29,1,962.8665008544922,960.2912023925782
1998-01-30,1,963.3590026855469,960.972802734375
1998-02-02,1,964.6705047607422,962.233603515625
1998-02-03,1,966.1170043945312,963.4618029785156
1998-02-04,1,968.1330047607422,964.4202038574218
1998-02-05,1,970.1100036621094,965.2292028808594
1998-02-06,1,972.9305053710938,966.5450036621094
1998-02-09,1,977.0830047607421,967.7434033203125
1998-02-10,1,981.0730041503906,969.0908032226563
1998-02-11,1,984.4675048828125,970.3830029296874
1998-02-12,1,987.7775054931641,971.3704028320312
1998-02-13,1,991.2455078125,972.338603515625
1998-02-17,1,994.3080078125,973.2584033203125
1998-02-18,1,996.9820068359375,974.4380029296875
1998-02-19,1,999.8555084228516,975.3278039550781
1998-02-20,1,1003.4140075683594,976.3646032714844
1998-02-23,1,1007.4415069580078,977.6118029785156
1998-02-24,1,1011.1220092773438,978.8272045898437
1998-02-25,1,1014.8160095214844,980.5864050292969
1998-02-26,1,1018.3765106201172,982.4920056152343
1998-02-27,1,1021.5690093994141,984.2110046386719
1998-03-02,1,1024.940005493164,985.8042041015625
1998-03-03,1,1027.477505493164,987.5338049316406
1998-03-04,1,1029.5440032958984,989.374404296875
1998-03-05,1,1030.9515045166015,991.1398046875
1998-03-06,1,1033.5590026855468,993.1796032714843
1998-03-09,1,1035.5515045166017,995.4432043457032
1998-03-10,1,1038.2270050048828,998.0742041015625
1998-03-11,1,1040.700003051758,1000.7144030761718
1998-03-12,1,1043.195504760742,1003.0458044433594
1998-03-13,1,1045.4190032958984,1005.0012036132813
1998-03-16,1,1048.3780029296875,1007.1780041503906
1998-03-17,1,1051.2625,1009.2862036132813
1998-03-18,1,1053.934503173828,1011.4552038574219
1998-03-19,1,1057.007501220703,1013.9184033203124
1998-03-20,1,1060.2550048828125,1016.6216040039062
1998-03-23,1,1063.125506591797,1019.4116052246094
1998-03-24,1,1066.8800048828125,1022.9708056640625
1998-03-25,1,1069.8315063476562,1026.2252062988282
1998-03-26,1,1072.438006591797,1029.198807373047
1998-03-27,1,1074.7430053710937,1031.9488061523436
1998-03-30,1,1077.0380065917968,1034.8062060546874
1998-03-31,1,1079.5245056152344,1037.611005859375
1998-04-01,1,1082.5655090332032,1040.2020068359375
1998-04-02,1,1086.8135070800781,1043.186007080078
1998-04-03,1,1090.1640075683595,1046.3792065429689
1998-04-06,1,1093.6175048828125,1049.6550061035157
1998-04-07,1,1095.8825073242188,1052.7070068359376
1998-04-08,1,1097.5415100097657,1055.3596069335938
1998-04-09,1,1099.5790100097656,1058.0238073730468
1998-04-13,1,1101.6330078125,1060.5078063964843
1998-04-14,1,1103.4570068359376,1063.2172058105468
1998-04-15,1,1105.4005065917968,1065.5782043457032
1998-04-16,1,1106.5330078125,1067.6216052246093
1998-04-17,1,1108.1820068359375,1069.9380041503907
1998-04-20,1,1109.4065063476562,1072.340205078125
1998-04-21,1,1110.9625061035156,1074.6244055175782
1998-04-22,1,1112.2070068359376,1077.0204064941406
1998-04-23,1,1113.089501953125,1079.031805419922
1998-04-24,1,1113.4445007324218,1080.7896057128905
1998-04-27,1,1112.9995056152343,1082.037606201172
1998-04-28,1,1112.5750061035155,1083.3380053710937
1998-04-29,1,1112.218505859375,1084.775205078125
1998-04-30,1,1112.398504638672,1086.3686059570311
1998-05-01,1,1112.4480041503907,1088.2230053710937
1998-05-04,1,1112.41650390625,1089.980205078125
1998-05-05,1,1112.1225036621095,1091.5274047851562
1998-05-06,1,1111.8910034179687,1093.0146044921876
1998-05-07,1,1111.5655029296875,1094.059404296875
1998-05-08,1,1111.4390014648438,1095.2488037109374
1998-05-11,1,1111.2865051269532,1096.3948046875
1998-05-12,1,1111.288507080078,1097.7566064453124
1998-05-13,1,1111.2655090332032,1099.0934057617187
1998-05-14,1,1111.7255065917968,1100.4942065429686
1998-05-15,1,1111.0260070800782,1101.9678051757812
1998-05-18,1,1110.134503173828,1102.9704052734376
1998-05-19,1,1109.277001953125,1104.1146044921875
1998-05-20,1,1108.7030029296875,1105.2108056640625
1998-05-21,1,1108.456005859375,1106.1342065429687
1998-05-22,1,1108.5845031738281,1106.945205078125
1998-05-26,1,1108.9585021972657,1107.4534057617188
1998-05-27,1,1109.314501953125,1107.7126049804688
1998-05-28,1,1109.4635009765625,1108.05560546875
1998-05-29,1,1108.4169982910157,1108.1616040039062
1998-06-01,0,1106.915997314453,1108.1864038085937
1998-06-02,0,1105.4734985351563,1108.0676025390626
1998-06-03,0,1103.8349975585938,1107.811201171875
1998-06-04,0,1103.3304931640625,1107.5947998046875
1998-06-05,0,1104.2664916992187,1107.8333984375
1998-06-08,0,1104.645489501953,1108.131796875
1998-06-09,0,1105.2339904785156,1108.5911987304687
1998-06-10,0,1105.0584899902344,1108.9647998046876
1998-06-11,0,1103.8444885253907,1108.8213989257813
1998-06-12,0,1102.917987060547,1108.6351977539061
1998-06-15,0,1101.3319885253907,1107.7751977539062
1998-06-16,0,1100.4204895019532,1107.072998046875
1998-06-17,0,1100.2999877929688,1106.78759765625
1998-06-18,0,1099.6654846191407,1106.7239965820313
1998-06-19,0,1098.9659851074218,1106.7039965820313
1998-06-22,0,1098.6029846191407,1106.554794921875
1998-06-23,0,1099.876483154297,1106.7507958984374
1998-06-24,0,1101.908984375,1107.0933959960937
1998-06-25,0,1103.492987060547,1107.29259765625
1998-06-26,0,1105.6119873046875,1107.7931958007812
1998-06-29,0,1107.9874877929688,1108.1085961914061
1998-06-30,1,1110.018487548828,1108.3123950195313
1998-07-01,1,1113.309991455078,1108.7501953125
1998-07-02,1,1115.8894958496094,1109.0677954101564
1998-07-06,1,1118.0629943847657,1109.8227954101562
1998-07-07,1,1120.0099975585938,1110.7579956054688
1998-07-08,1,1122.40849609375,1112.354794921875
1998-07-09,1,1124.7224975585937,1113.8237963867186
1998-07-10,1,1128.2099975585938,1115.2179956054688
1998-07-13,1,1131.5274963378906,1116.2867944335937
1998-07-14,1,1136.5559936523437,1117.4183935546876
1998-07-15,1,1140.9169982910157,1118.4731958007812
1998-07-16,1,1144.7609985351562,1119.8429956054688
1998-07-17,1,1148.7799987792969,1121.4795947265625
1998-07-20,1,1152.9524963378906,1123.2587939453124
1998-07-21,1,1156.0454956054687,1124.397392578125
1998-07-22,1,1158.2749938964844,1125.54619140625
1998-07-23,1,1158.6184936523437,1126.025390625
1998-07-24,1,1159.1944946289063,1126.4641918945313
1998-07-27,1,1159.897998046875,1127.0621923828126
1998-07-28,1,1159.485498046875,1127.492392578125
1998-07-29,1,1159.0539978027343,1127.8801928710936
1998-07-30,1,1158.7734924316405,1128.5487915039062
1998-07-31,1,1157.4859924316406,1128.5809912109376
1998-08-03,1,1155.2414916992188,1128.5369897460937
1998-08-04,1,1151.1144897460938,1127.769990234375
1998-08-05,1,1146.8669921875,1127.5181909179687
1998-08-06,1,1143.4204895019532,1127.46619140625
1998-08-07,1,1139.6764892578126,1127.3031909179688
1998-08-10,1,1135.573992919922,1127.1495922851564
1998-08-11,1,1130.143994140625,1126.7095922851563
1998-08-12,0,1125.6144897460938,1126.5295922851562
1998-08-13,0,1120.1604919433594,1126.373193359375
1998-08-14,0,1113.9604919433593,1125.7315942382813
1998-08-17,0,1108.9389953613281,1125.1277954101563
1998-08-18,0,1105.7454956054687,1124.8373950195312
1998-08-19,0,1102.4445007324218,1124.4303955078126
1998-08-20,0,1100.0369995117187,1124.0167944335938
1998-08-21,0,1097.0589965820313,1123.7499951171876
1998-08-24,0,1094.1024963378907,1123.53599609375
1998-08-25,0,1092.2329956054687,1123.8527954101562
1998-08-26,0,1090.1819946289063,1123.784794921875
1998-08-27,0,1085.163995361328,1122.49439453125
1998-08-28,0,1080.4874938964845,1120.909794921875
1998-08-31,0,1072.7294982910157,1118.0423950195313
1998-09-01,0,1068.8364990234375,1115.8633959960937
1998-09-02,0,1064.288995361328,1113.2831958007812
1998-09-03,0,1058.9204956054687,1110.2707958984374
1998-09-04,0,1053.142498779297,1107.1629956054687
1998-09-08,0,1050.158499145508,1104.9681970214845
1998-09-09,0,1047.0195007324219,1102.3223974609375
1998-09-10,0,1041.8180023193358,1099.2493981933594
1998-09-11,0,1038.5255004882813,1096.4593969726564
1998-09-14,0,1036.8739990234376,1094.1253955078125
1998-09-15,0,1034.5744995117188,1091.7323974609376
1998-09-16,0,1031.7885009765625,1089.5487963867188
1998-09-17,0,1027.8289978027344,1086.5985961914062
1998-09-18,0,1024.253500366211,1083.8291955566406
1998-09-21,0,1021.3860015869141,1081.0203967285156
1998-09-22,0,1018.4605010986328,1078.3091979980468
1998-09-23,0,1017.1225006103516,1076.0793981933593
1998-09-24,0,1015.0490020751953,1073.4375964355468
1998-09-25,0,1015.1570037841797,1070.6527966308595
1998-09-28,0,1016.2345001220704,1067.8915954589843
1998-09-29,0,1020.821499633789,1065.1899963378905
1998-09-30,0,1021.9589996337891,1062.228797607422
1998-10-01,0,1021.7545013427734,1058.6749987792969
1998-10-02,0,1022.7714996337891,1055.9319982910156
1998-10-05,0,1023.5049987792969,1052.887197265625
1998-10-06,0,1021.5614990234375,1049.6335974121093
1998-10-07,0,1019.785498046875,1046.4423974609374
1998-10-08,0,1018.747998046875,1043.1269982910155
1998-10-09,0,1017.5144989013672,1039.955799560547
1998-10-12,0,1015.9140014648438,1037.4965991210938
1998-10-13,0,1013.7699981689453,1035.143800048828
1998-10-14,0,1011.7725006103516,1033.812000732422
1998-10-15,0,1013.203500366211,1033.1331994628906
1998-10-16,0,1015.0200012207031,1032.4690002441407
1998-10-19,0,1016.9450012207031,1031.927801513672
1998-10-20,0,1018.6600036621094,1031.5436022949218
1998-10-21,0,1018.8515075683594,1031.5624035644532
1998-10-22,0,1020.6395080566406,1031.4476037597656
1998-10-23,0,1021.9355102539063,1031.362803955078
1998-10-26,0,1023.1170104980469,1031.5542028808593
1998-10-27,0,1023.9330078125,1031.1876013183594
1998-10-28,0,1026.4870056152345,1030.525401611328
1998-10-29,1,1031.4640075683594,1030.282801513672
1998-10-30,1,1036.267510986328,1030.4242028808594
1998-11-02,1,1042.4195098876953,1031.0314025878906
1998-11-03,1,1048.7320068359375,1031.4854016113281
1998-11-04,1,1056.131509399414,1032.0018029785156
1998-11-05,1,1064.8520080566407,1032.9950036621094
1998-11-06,1,1072.6830078125,1034.9634045410157
1998-11-09,1,1079.3075042724608,1037.0246032714845
1998-11-10,1,1085.9805053710938,1040.4442028808594
1998-11-11,1,1091.7525024414062,1042.9784020996094
1998-11-12,1,1095.2625,1045.5226013183594
1998-11-13,1,1098.7274963378907,1048.3918005371095
1998-11-16,1,1102.4014953613282,1051.6314001464843
1998-11-17,1,1106.1709899902344,1053.9485986328125
1998-11-18,1,1109.8989868164062,1056.714197998047
1998-11-19,1,1113.605487060547,1060.16259765625
1998-11-20,1,1118.2494873046876,1063.2523986816407
1998-11-23,1,1124.0439880371093,1066.4221984863282
1998-11-24,1,1129.9264892578126,1069.328397216797
1998-11-25,1,1135.8654907226562,1072.1561975097657
1998-11-27,1,1141.1854858398438,1075.6253967285156
1998-11-30,1,1144.4334838867187,1078.4961962890625
1998-12-01,1,1147.6174865722655,1081.5239965820313
1998-12-02,1,1150.63798828125,1084.356396484375
1998-12-03,1,1152.2114868164062,1086.0373974609374
1998-12-04,1,1154.3559875488281,1088.7177978515624
1998-12-07,1,1156.6904846191405,1091.576796875
1998-12-08,1,1159.2494873046876,1094.2305981445313
1998-12-09,1,1162.010986328125,1096.9199975585936
1998-12-10,1,1164.2134887695313,1099.8801977539063
1998-12-11,1,1166.6519897460937,1103.4815966796875
1998-12-14,1,1167.4259887695312,1106.2535961914064
1998-12-15,1,1168.7739868164062,1109.738995361328
1998-12-16,1,1169.9049865722657,1113.2859936523437
1998-12-17,1,1171.6799865722655,1117.4719934082032
1998-12-18,1,1173.4509887695312,1122.0437939453125
1998-12-21,1,1175.4154846191407,1126.41279296875
1998-12-22,1,1176.1834838867187,1130.529991455078
1998-12-23,1,1178.460986328125,1135.2047924804688
1998-12-24,1,1180.4309875488282,1139.6195922851562
1998-12-28,1,1182.0889892578125,1143.1795922851563
1998-12-29,1,1185.9979919433595,1146.887392578125
1998-12-30,1,1188.8304931640625,1150.278193359375
1998-12-31,1,1191.7294921875,1153.5841918945312
1999-01-04,1,1195.627490234375,1156.7477905273438
1999-01-05,1,1199.0294921875,1160.0737915039062
1999-01-06,1,1203.261492919922,1164.1071899414062
1999-01-07,1,1207.6789916992188,1168.055390625
1999-01-08,1,1212.2589904785157,1172.250390625
1999-01-11,1,1217.2019897460937,1176.16619140625
1999-01-12,1,1220.8544921875,1179.2377905273438
1999-01-13,1,1225.5144958496094,1181.9523901367188
1999-01-14,1,1227.9824951171875,1183.964189453125
1999-01-15,1,1232.0484985351563,1186.6125903320312
1999-01-19,1,1235.6494995117187,1189.279189453125
1999-01-20,1,1239.0789978027344,1191.73458984375
1999-01-21,1,1240.695001220703,1193.6175903320313
1999-01-22,1,1241.7760009765625,1195.5173901367189
1999-01-25,1,1242.047998046875,1197.6317895507811
1999-01-26,1,1243.35,1200.2585913085939
1999-01-27,1,1244.2340026855468,1202.768193359375
1999-01-28,1,1245.4119995117187,1205.5611938476563
1999-01-29,1,1247.7974975585937,1208.4365942382813
1999-02-01,1,1249.9859985351563,1211.1101953125
1999-02-02,1,1251.6804992675782,1213.4603955078126
1999-02-03,1,1253.0449951171875,1215.8495947265626
1999-02-04,1,1251.8524963378907,1217.5483935546874
1999-02-05,1,1250.3359985351562,1218.5721948242187
1999-02-08,1,1248.770001220703,1219.7877954101561
1999-02-09,1,1246.3830017089845,1220.3731958007813
1999-02-10,1,1245.5850036621093,1220.99759765625
1999-02-11,1,1246.5670043945313,1222.8057983398437
1999-02-12,1,1247.4640075683594,1223.9027978515626
1999-02-16,1,1247.3945068359376,1225.3151977539062
1999-02-17,1,1245.9960083007813,1226.792998046875
1999-02-18,1,1245.0290100097657,1228.003798828125
1999-02-19,1,1245.2320068359375,1229.03419921875
1999-02-22,1,1247.5795104980468,1230.8493994140624
1999-02-23,1,1249.4395141601562,1232.6032006835937
1999-02-24,1,1249.4945129394532,1234.3710009765625
1999-02-25,1,1249.58701171875,1235.9422021484374
1999-02-26,1,1248.235009765625,1237.8848022460938
1999-03-01,1,1246.0610107421876,1239.3514038085937
1999-03-02,1,1243.6860107421876,1240.6226049804689
1999-03-03,1,1241.9715087890625,1241.5770043945313
1999-03-04,0,1240.7000122070312,1242.7492041015626
1999-03-05,0,1242.0490112304688,1244.2018041992187
1999-03-08,0,1244.215509033203,1245.7850048828125
1999-03-09,0,1246.0190063476562,1246.8110034179688
1999-03-10,1,1249.55400390625,1248.02240234375
1999-03-11,1,1253.2605041503907,1249.4662036132813
1999-03-12,1,1255.2880004882813,1250.5218017578125
1999-03-15,1,1259.1445007324219,1252.0284008789063
1999-03-16,1,1262.3700012207032,1253.5714013671875
1999-03-17,1,1266.0594970703125,1254.96580078125
1999-03-18,1,1270.022998046875,1256.401201171875
1999-03-19,1,1273.0265014648437,1256.9402026367188
1999-03-22,1,1274.270001220703,1257.4858032226562
1999-03-23,1,1273.8179992675782,1257.2268041992188
1999-03-24,1,1274.5769958496094,1257.3210034179688
1999-03-25,1,1276.8254943847655,1258.3306030273438
1999-03-26,1,1279.0489990234375,1259.298603515625
1999-03-29,1,1282.7494995117188,1261.2582055664063
1999-03-30,1,1286.5119995117188,1262.4080053710939
1999-03-31,1,1289.4455017089845,1263.0954052734376
1999-04-01,1,1291.7994995117188,1263.8374047851562
1999-04-05,1,1294.0820007324219,1265.5566040039062
1999-04-06,1,1295.8400024414063,1267.41060546875
1999-04-07,1,1298.1925048828125,1269.2688061523438
1999-04-08,1,1301.0495056152345,1271.1022045898437
1999-04-09,1,1303.5830017089843,1273.2058032226562
1999-04-12,1,1306.7850036621094,1275.0710034179688
1999-04-13,1,1308.9130004882813,1276.4746020507812
1999-04-14,1,1310.0159973144532,1277.5834008789063
1999-04-15,1,1311.2674987792968,1278.8006005859374
1999-04-16,1,1311.3899963378906,1279.7392016601561
1999-04-19,1,1310.8994934082032,1280.5590014648437
1999-04-20,1,1311.3574951171875,1281.8944018554687
1999-04-21,1,1315.056494140625,1283.7414013671876
1999-04-22,1,1319.5679931640625,1286.595
1999-04-23,1,1322.9109924316406,1289.2609985351562
1999-04-26,1,1326.7729919433593,1291.3809985351563
1999-04-27,1,1329.4044921875,1294.0343994140626
1999-04-28,1,1331.9124938964844,1296.2152001953125
1999-04-29,1,1334.7354919433594,1298.5911987304687
1999-04-30,1,1336.80849609375,1300.54919921875
1999-05-03,1,1338.4839965820313,1302.8573999023438
1999-05-04,1,1339.1894958496093,1304.054599609375
1999-05-05,1,1340.210498046875,1305.5771997070312
1999-05-06,1,1339.6140014648438,1307.15
1999-05-07,1,1339.4465026855469,1309.149599609375
1999-05-10,1,1338.5300048828126,1311.1890014648438
1999-05-11,1,1338.8195068359375,1313.5780004882813
1999-05-12,1,1340.597509765625,1316.3480004882813
1999-05-13,1,1342.8330139160157,1319.1452026367188
1999-05-14,1,1343.773016357422,1320.9684033203125
1999-05-17,1,1346.2735168457032,1322.2488037109374
1999-05-18,1,1347.6310119628906,1323.2606030273437
1999-05-19,1,1348.0365112304687,1324.5484033203124
1999-05-20,1,1347.03701171875,1325.588203125
1999-05-21,1,1345.7090148925781,1326.2404028320314
1999-05-24,1,1343.0395141601562,1326.4816040039063
1999-05-25,1,1339.1195129394532,1326.024404296875
1999-05-26,1,1336.81201171875,1325.9920043945312
1999-05-27,1,1333.741015625,1325.6638061523438
1999-05-28,1,1332.0740112304688,1325.3696044921876
1999-06-01,1,1329.0555114746094,1325.26900390625
1999-06-02,1,1327.1960144042969,1325.2250048828125
1999-06-03,0,1324.8075134277344,1325.9730053710937
1999-06-04,0,1324.592510986328,1327.1562060546876
1999-06-07,0,1324.0685119628906,1328.046806640625
1999-06-08,0,1322.9200073242187,1328.7374047851563
1999-06-09,0,1321.0715087890626,1328.9068041992186
1999-06-10,0,1318.0125061035155,1328.948203125
1999-06-11,0,1314.31650390625,1329.093603515625
1999-06-14,0,1312.1265014648438,1329.0992041015625
1999-06-15,0,1310.2100036621093,1328.7000048828124
1999-06-16,0,1310.0645080566405,1328.9504052734376
1999-06-17,0,1309.8480102539063,1329.21060546875
1999-06-18,0,1310.0485107421875,1329.1878051757812
1999-06-21,0,1310.9840087890625,1329.2008056640625
1999-06-22,0,1312.4455078125,1328.7458056640626
1999-06-23,0,1314.8785095214844,1328.4106079101562
1999-06-24,0,1315.429510498047,1328.1574096679688
1999-06-25,0,1317.12451171875,1328.006611328125
1999-06-28,0,1318.6000122070313,1328.2536108398438
1999-06-29,0,1321.4595092773438,1329.4930102539063
1999-06-30,0,1325.3545043945312,1330.82380859375
1999-07-01,0,1329.4255004882812,1331.7206079101563
1999-07-02,1,1332.5989990234375,1332.3686083984376
1999-07-06,1,1335.2789978027345,1332.9940087890625
1999-07-07,1,1339.205499267578,1333.7104077148438
1999-07-08,1,1342.9945007324218,1334.3428076171874
1999-07-09,1,1348.0175048828125,1335.3902075195313
1999-07-12,1,1353.2905029296876,1336.5156079101562
1999-07-13,1,1358.268505859375,1337.6832080078125
1999-07-14,1,1363.1190063476563,1338.5540087890624
1999-07-15,1,1367.0795043945313,1340.1064086914062
1999-07-16,1,1371.023504638672,1341.5358081054687
1999-07-19,1,1374.2640075683594,1343.0478076171876
1999-07-20,1,1375.6690063476562,1343.6898071289063
1999-07-21,1,1377.8395080566406,1344.4696069335937
1999-07-22,1,1379.2350036621094,1344.576806640625
1999-07-23,1,1381.2929992675781,1344.43560546875
1999-07-26,1,1382.9154968261719,1344.0396044921874
1999-07-27,1,1384.4899963378907,1344.5404028320313
1999-07-28,1,1385.1875,1345.058603515625
1999-07-29,1,1383.6035034179688,1345.2128051757813
1999-07-30,1,1380.99150390625,1344.9026049804688
1999-08-02,1,1377.8330078125,1344.6870068359376
1999-08-03,1,1374.5360107421875,1344.5248071289063
1999-08-04,1,1370.0095092773438,1344.4984057617187
1999-08-05,1,1365.9740051269532,1345.0846044921875
1999-08-06,1,1360.8245056152343,1344.995205078125
1999-08-09,1,1355.7595092773438,1345.3230053710938
1999-08-10,1,1350.153009033203,1344.9148071289062
1999-08-11,1,1345.3410095214845,1345.0682080078125
1999-08-12,0,1339.7680114746095,1345.1352075195311
1999-08-13,0,1335.2130126953125,1345.6980078125
1999-08-16,0,1331.3690124511718,1345.758408203125
1999-08-17,0,1329.7220153808594,1345.9512084960938
1999-08-18,0,1327.39951171875,1346.2614086914064
1999-08-19,0,1325.5305114746093,1346.3604077148439
1999-08-20,0,1324.514013671875,1347.0362084960936
1999-08-23,0,1325.13701171875,1348.3678076171875
1999-08-24,0,1325.1700134277344,1349.7578076171876
1999-08-25,0,1325.9895141601562,1351.3704077148439
1999-08-26,0,1327.0385131835938,1352.0024072265626
1999-08-27,0,1328.016015625,1352.1698071289063
1999-08-30,0,1327.8145141601562,1351.793408203125
1999-08-31,0,1327.7260131835938,1351.2216088867187
1999-09-01,0,1329.0130126953125,1351.1254077148437
1999-09-02,0,1329.2830139160155,1350.84640625
1999-09-03,0,1332.1305114746094,1351.67560546875
1999-09-07,0,1334.763006591797,1352.3784033203126
1999-09-08,0,1337.8990051269532,1352.634404296875
1999-09-09,0,1340.1855041503907,1352.5586059570312
1999-09-10,0,1342.8605041503906,1352.137607421875
1999-09-13,0,1343.6830017089844,1351.4010083007813
1999-09-14,0,1343.959002685547,1350.3024096679687
1999-09-15,0,1342.6494995117187,1348.8994091796876
1999-09-16,0,1341.9315002441406,1347.3518090820312
1999-09-17,0,1342.5230041503905,1346.1718090820314
1999-09-20,0,1342.4690063476562,1344.8168090820313
1999-09-21,0,1339.8370056152344,1342.9864086914063
1999-09-22,0,1337.1875061035157,1341.3254077148438
1999-09-23,0,1332.118505859375,1338.9702075195312
1999-09-24,0,1327.886004638672,1336.3250073242189
1999-09-27,0,1324.638006591797,1333.6156079101563
1999-09-28,0,1322.5470031738282,1331.1066064453125
1999-09-29,0,1319.945001220703,1328.9320068359375
1999-09-30,0,1317.527001953125,1327.0004052734375
1999-10-01,0,1315.7120056152344,1325.43720703125
1999-10-04,0,1313.0800048828125,1324.3904077148438
1999-10-05,0,1310.6250061035157,1323.46220703125
1999-10-06,0,1309.6875061035157,1322.713408203125
1999-10-07,0,1308.186505126953,1321.7582080078125
1999-10-08,0,1307.4045043945312,1321.6580078125
1999-10-11,0,1306.9585021972657,1321.7878076171876
1999-10-12,0,1305.7960021972656,1321.487607421875
1999-10-13,0,1304.1750061035157,1320.7550073242187
1999-10-14,0,1302.4220092773437,1320.3168090820313
1999-10-15,0,1298.0215087890624,1318.990810546875
1999-10-18,0,1293.9515075683594,1318.0676098632812
1999-10-19,0,1291.6385070800782,1317.3380078125
1999-10-20,0,1290.5845092773438,1317.4980078125
1999-10-21,0,1290.7445068359375,1317.1316064453124
1999-10-22,0,1291.9590087890624,1317.20140625
1999-10-25,0,1292.4750061035156,1316.5204052734375
1999-10-26,0,1292.4605102539062,1315.5432055664062
1999-10-27,0,1293.877508544922,1314.5942041015626
1999-10-28,0,1296.8640075683593,1314.7862036132813
1999-10-29,0,1300.8700073242187,1315.5730053710938
1999-11-01,0,1303.3460083007812,1315.9232055664063
1999-11-02,0,1305.665509033203,1315.6736059570312
1999-11-03,0,1307.1420104980468,1315.50220703125
1999-11-04,0,1309.3920104980468,1315.1192065429686
1999-11-05,0,1311.1025085449219,1315.2836059570313
1999-11-08,0,1313.1925109863282,1315.8584057617188
1999-11-09,0,1315.804510498047,1316.6836059570312
1999-11-10,1,1320.2000061035155,1317.7446044921876
1999-11-11,1,1325.102001953125,1318.7524047851562
1999-11-12,1,1332.5345031738282,1320.29140625
1999-11-15,1,1339.5475036621094,1321.0344067382812
1999-11-16,1,1347.4850036621094,1322.426806640625
1999-11-17,1,1353.5489990234375,1323.7580053710938
1999-11-18,1,1360.615496826172,1325.303603515625
1999-11-19,1,1366.6329956054688,1326.7104028320311
1999-11-22,1,1372.9984924316407,1328.2466015625
1999-11-23,1,1379.134991455078,1329.6136010742186
1999-11-24,1,1385.1534912109375,1331.59580078125
1999-11-26,1,1388.8624938964845,1333.5586010742188
1999-11-29,1,1391.107489013672,1335.0067993164062
1999-11-30,1,1392.846990966797,1336.0743994140626
1999-12-01,1,1395.3459899902343,1337.8771997070312
1999-12-02,1,1398.0514892578126,1339.8478002929687
1999-12-03,1,1401.584490966797,1342.9056005859375
1999-12-06,1,1404.2394897460938,1345.825
1999-12-07,1,1405.8474914550782,1348.3421997070313
1999-12-08,1,1407.777490234375,1350.77580078125
1999-12-09,1,1409.509991455078,1353.5706005859374
1999-12-10,1,1411.288995361328,1356.2572021484375
1999-12-13,1,1412.2469909667968,1358.905400390625
1999-12-14,1,1412.6859924316407,1360.8768017578125
1999-12-15,1,1412.3489929199218,1363.1164013671876
1999-12-16,1,1412.7524963378905,1364.9840014648437
1999-12-17,1,1412.5570007324218,1367.0518017578124
1999-12-20,1,1412.3614990234375,1368.6932006835937
1999-12-21,1,1412.9860046386718,1370.6576025390625
1999-12-22,1,1414.5605041503907,1373.1194018554688
1999-12-23,1,1416.6235046386719,1376.5752001953124
1999-12-27,1,1418.6475036621093,1380.048798828125
1999-12-28,1,1421.1390075683594,1384.253798828125
1999-12-29,1,1424.86650390625,1388.4403979492188
1999-12-30,1,1428.20400390625,1392.5033984375
1999-12-31,1,1431.214501953125,1396.0997973632811
2000-01-03,1,1432.310498046875,1399.5319970703124
2000-01-04,1,1431.1150024414062,1401.4873974609375
2000-01-05,1,1430.7619995117188,1403.6569970703124
2000-01-06,1,1430.740496826172,1406.0877954101563
2000-01-07,1,1432.40849609375,1408.9829956054687
2000-01-10,1,1434.4364929199219,1411.2861962890624
2000-01-11,1,1435.603497314453,1412.7987963867188
2000-01-12,1,1437.0574951171875,1414.361396484375
2000-01-13,1,1438.875,1416.4001977539062
2000-01-14,1,1441.1934997558594,1418.6045971679687
2000-01-18,1,1442.8989990234375,1420.4545971679688
2000-01-19,1,1444.789501953125,1422.167998046875
2000-01-20,1,1445.3964965820312,1423.5391967773437
2000-01-21,1,1445.6579956054688,1425.0607958984374
2000-01-24,1,1442.8174987792968,1425.622197265625
2000-01-25,1,1440.4640014648437,1426.1935986328126
2000-01-26,1,1437.785498046875,1426.3541967773438
2000-01-27,1,1434.5405029296876,1426.43759765625
2000-01-28,1,1429.3250061035155,1425.2393994140625
2000-01-31,1,1425.5855041503905,1424.9143994140625
2000-02-01,0,1423.288507080078,1424.601201171875
2000-02-02,0,1423.773504638672,1424.3436010742187
2000-02-03,1,1424.91650390625,1424.4242016601563
2000-02-04,1,1425.9625061035156,1424.8188012695311
2000-02-07,1,1425.101007080078,1424.962001953125
2000-02-08,0,1424.3070068359375,1425.4640014648437
2000-02-09,0,1422.964501953125,1425.5416015625
2000-02-10,0,1422.1934997558594,1426.1
2000-02-11,0,1419.065496826172,1425.8880004882812
2000-02-14,0,1415.3049926757812,1425.5059985351563
2000-02-15,0,1412.6504943847656,1424.8809985351563
2000-02-16,0,1409.238995361328,1424.1678002929686
2000-02-17,0,1406.3734985351562,1423.749599609375
2000-02-18,0,1401.6099975585937,1422.593798828125
2000-02-22,0,1399.1419982910156,1421.475
2000-02-23,0,1396.6749938964845,1420.347998046875
2000-02-24,0,1394.1419982910156,1419.1121997070313
2000-02-25,0,1390.8819946289063,1417.7159985351564
2000-02-28,0,1390.2764953613282,1416.410400390625
2000-02-29,0,1388.8744995117188,1415.3632006835937
2000-03-01,0,1387.3699951171875,1414.5263989257812
2000-03-02,0,1386.0019958496093,1413.7997998046876
2000-03-03,0,1385.2119995117187,1413.314599609375
2000-03-06,0,1383.5575012207032,1412.4176000976563
2000-03-07,0,1380.1265014648438,1410.3632006835937
2000-03-08,0,1376.3755004882812,1408.5552001953124
2000-03-09,0,1375.8744995117188,1407.4357983398438
2000-03-10,0,1374.7864990234375,1406.067998046875
2000-03-13,0,1374.6114990234375,1404.4509985351563
2000-03-14,0,1373.072003173828,1402.2489990234376
2000-03-15,0,1372.5765014648437,1400.9873999023437
2000-03-16,0,1376.1164978027343,1402.1683984375
2000-03-17,0,1379.9269958496093,1403.4155981445313
2000-03-20,0,1385.4539978027344,1404.47919921875
2000-03-21,0,1392.538995361328,1405.5271997070313
2000-03-22,0,1399.5364990234375,1406.3880004882812
2000-03-23,1,1408.2324951171875,1408.163798828125
2000-03-24,1,1417.9374938964843,1410.067998046875
2000-03-27,1,1426.7279907226562,1411.5515966796875
2000-03-28,1,1433.7934875488281,1412.4031958007813
2000-03-29,1,1440.259991455078,1413.4707958984375
2000-03-30,1,1445.5679931640625,1414.1111962890625
2000-03-31,1,1450.0384887695313,1415.171396484375
2000-04-03,1,1455.7729858398438,1416.4635961914062
2000-04-04,1,1462.7284851074219,1418.3275952148438
2000-04-05,1,1468.7619873046874,1419.87439453125
2000-04-06,1,1473.7444885253906,1421.81939453125
2000-04-07,1,1479.8084899902344,1424.1751928710937
2000-04-10,1,1485.85048828125,1427.06119140625
2000-04-11,1,1492.9224853515625,1429.1837915039061
2000-04-12,1,1496.6739868164063,1430.341591796875
2000-04-13,1,1495.7759887695313,1430.9693920898437
2000-04-14,1,1490.3804931640625,1429.6011938476563
2000-04-17,1,1487.6209899902344,1429.1425927734374
2000-04-18,1,1485.007989501953,1429.4899926757812
2000-04-19,1,1481.3494873046875,1429.2049926757813
2000-04-20,1,1476.7089904785157,1429.6615942382812
2000-04-24,1,1471.8289916992187,1429.9221948242186
2000-04-25,1,1469.507989501953,1431.72859375
2000-04-26,1,1467.1709899902344,1433.1495947265626
2000-04-27,1,1464.9909912109374,1434.4069946289062
2000-04-28,1,1463.2164916992188,1435.7021948242189
2000-05-01,1,1461.6999938964843,1437.3019946289062
2000-05-02,1,1458.715997314453,1439.30599609375
2000-05-03,1,1454.7344970703125,1440.5645947265625
2000-05-04,1,1450.8444946289062,1441.5421948242188
2000-05-05,1,1447.4089965820312,1443.1261938476562
2000-05-08,0,1442.8,1444.9423950195312
2000-05-09,0,1438.1840026855468,1446.2241943359375
2000-05-10,0,1432.3070068359375,1446.5567944335937
2000-05-11,0,1429.3390075683594,1447.1291967773439
2000-05-12,0,1428.361505126953,1447.9131958007813
2000-05-15,0,1433.1515014648437,1448.7769946289063
2000-05-16,0,1436.3815063476563,1450.2721948242188
2000-05-17,0,1436.6910095214844,1452.1157958984375
2000-05-18,0,1437.1780090332031,1453.52599609375
2000-05-19,0,1435.7985046386718,1453.6311962890625
2000-05-22,0,1434.34150390625,1453.7441967773439
2000-05-23,0,1429.1625061035156,1453.5489965820314
2000-05-24,0,1426.0655090332032,1454.3469970703125
2000-05-25,0,1421.8955078125,1454.1345971679686
2000-05-26,0,1418.1750061035157,1452.5255981445312
2000-05-30,0,1415.8850036621093,1451.6851977539063
2000-05-31,0,1414.6005004882813,1450.9645971679688
2000-06-01,0,1416.2860046386718,1450.0633984375
2000-06-02,0,1419.6705078125,1449.5957983398437
2000-06-05,0,1421.4205078125,1448.4013989257812
2000-06-06,0,1423.10400390625,1447.0089990234376
2000-06-07,0,1426.0650024414062,1445.9589990234374
2000-06-08,0,1429.9960021972656,1445.0378002929688
2000-06-09,0,1432.4529968261718,1444.0063989257812
2000-06-12,0,1433.7049987792968,1443.167998046875
2000-06-13,0,1434.5589965820313,1442.5851977539062
2000-06-14,0,1434.7839965820312,1441.8765991210937
2000-06-15,0,1436.3304931640625,1441.5565991210938
2000-06-16,0,1437.6929931640625,1441.0983984375
2000-06-19,1,1441.6454956054688,1440.7915991210937
2000-06-20,1,1445.4069946289062,1439.9835986328126
2000-06-21,1,1450.6704956054687,1439.4769995117188
2000-06-22,1,1453.3269958496094,1438.5088012695312
2000-06-23,1,1456.3249938964843,1437.995
2000-06-26,1,1460.1894958496093,1438.2910009765626
2000-06-27,1,1461.594500732422,1440.17080078125
2000-06-28,1,1463.3054992675782,1441.2384008789063
2000-06-29,1,1462.9844970703125,1441.2540014648437
2000-06-30,1,1461.851495361328,1441.7966015625
2000-07-03,1,1461.9469970703126,1442.4966015625
2000-07-05,1,1461.3664978027343,1442.8240014648438
2000-07-06,1,1460.6320007324218,1442.408603515625
2000-07-07,1,1461.4934997558594,1442.7668041992188
2000-07-10,1,1462.427001953125,1442.9808032226563
2000-07-11,1,1464.1710021972656,1443.5498022460938
2000-07-12,1,1465.3450073242188,1444.043203125
2000-07-13,1,1466.6100036621094,1445.0342016601562
2000-07-14,1,1468.1725036621094,1446.9318017578125
2000-07-17,1,1470.4740051269532,1448.9502026367188
2000-07-18,1,1470.8610046386718,1450.17240234375
2000-07-19,1,1471.1615051269532,1451.3282006835936
2000-07-20,1,1471.9835021972656,1452.9967993164062
2000-07-21,1,1473.3839965820312,1454.9395971679687
2000-07-24,1,1474.5244995117187,1456.0691967773437
2000-07-25,1,1475.4824951171875,1457.1393969726562
2000-07-26,1,1475.575994873047,1457.1405981445312
2000-07-27,1,1475.3159973144532,1456.812197265625
2000-07-28,1,1474.1909973144532,1456.2539965820313
2000-07-31,1,1473.0024963378905,1456.126396484375
2000-08-01,1,1471.4304931640625,1456.7493969726563
2000-08-02,1,1471.0539916992188,1457.5089965820312
2000-08-03,1,1470.8484924316406,1459.082998046875
2000-08-04,1,1470.0499938964845,1460.3605981445312
2000-08-07,1,1470.2349914550782,1462.3165966796876
2000-08-08,1,1470.3309936523438,1464.412197265625
2000-08-09,1,1469.3284912109375,1465.4205981445311
2000-08-10,1,1467.5489929199218,1466.2135986328126
2000-08-11,0,1465.6419921875,1466.6741967773437
2000-08-14,0,1464.6954956054688,1466.9601977539062
2000-08-15,0,1464.229998779297,1467.2961987304689
2000-08-16,0,1464.1244995117188,1467.7363989257813
2000-08-17,0,1464.1494995117187,1468.2305981445313
2000-08-18,0,1464.7260009765625,1468.8315966796874
2000-08-21,0,1466.485498046875,1469.682197265625
2000-08-22,0,1467.6684997558593,1470.7247973632811
2000-08-23,0,1470.34599609375,1471.4553979492186
2000-08-24,1,1473.280499267578,1472.2107983398437
2000-08-25,1,1477.60849609375,1472.7651977539062
2000-08-28,1,1481.7714965820312,1473.7577978515626
2000-08-29,1,1485.35849609375,1474.2345971679688
2000-08-30,1,1488.552996826172,1474.7673974609374
2000-08-31,1,1491.8089965820313,1475.5383984375
2000-09-01,1,1494.700994873047,1476.9101977539062
2000-09-05,1,1496.0889953613282,1478.222197265625
2000-09-06,1,1496.5614929199219,1478.96099609375
2000-09-07,1,1498.0434936523438,1480.0001953125
2000-09-08,1,1499.7559936523437,1480.7937963867187
2000-09-11,1,1500.6269958496093,1481.7311962890626
2000-09-12,1,1500.1484924316405,1482.2789965820311
2000-09-13,1,1500.1724914550782,1482.586396484375
2000-09-14,1,1500.2234924316406,1483.2791967773437
2000-09-15,1,1498.710498046875,1483.4619970703125
2000-09-18,1,1496.35,1482.7741967773438
2000-09-19,1,1494.3710021972656,1482.4597973632813
2000-09-20,1,1492.0315002441407,1481.8689965820313
2000-09-21,1,1489.1855041503907,1480.9915966796875
2000-09-22,1,1486.2059997558595,1480.0491967773437
2000-09-25,1,1482.8350036621093,1478.6301977539063
2000-09-26,1,1478.4910034179688,1476.9645971679688
2000-09-27,0,1474.3275024414063,1475.6211962890625
2000-09-28,0,1472.1125061035157,1475.1477978515625
2000-09-29,0,1468.05400390625,1473.9665991210939
2000-10-02,0,1463.827001953125,1473.0873999023438
2000-10-03,0,1459.7960021972656,1472.3307983398438
2000-10-04,0,1456.8994995117187,1471.5277978515626
2000-10-05,0,1453.5880004882813,1471.2049975585937
2000-10-06,0,1449.3125,1470.3923974609374
2000-10-09,0,1444.9510009765625,1470.0351977539062
2000-10-10,0,1440.2025024414063,1469.1589990234374
2000-10-11,0,1434.1864990234376,1467.688798828125
2000-10-12,0,1426.6320007324218,1465.510400390625
2000-10-13,0,1422.05,1463.9426000976562
2000-10-16,0,1418.5554992675782,1462.1763989257813
2000-10-17,0,1413.0589965820313,1459.5893994140624
2000-10-18,0,1407.5984985351563,1456.7759985351563
2000-10-19,0,1404.5839965820312,1455.093798828125
2000-10-20,0,1401.9945007324218,1453.8273999023438
2000-10-23,0,1399.8320007324219,1452.306201171875
2000-10-24,0,1398.3780029296875,1450.4376000976563
2000-10-25,0,1395.2945068359375,1448.0469995117187
2000-10-26,0,1390.602001953125,1445.738798828125
2000-10-27,0,1387.7554992675782,1443.4089990234374
2000-10-30,0,1385.877001953125,1441.5478002929688
2000-10-31,0,1386.0240051269532,1440.146201171875
2000-11-01,0,1385.3690063476563,1438.6080004882813
2000-11-02,0,1384.9710021972655,1437.055
2000-11-03,0,1385.8559997558593,1435.42259765625
2000-11-06,0,1387.363995361328,1433.9373974609375
2000-11-07,0,1389.606494140625,1432.292998046875
2000-11-08,0,1391.840997314453,1430.2817993164062
2000-11-09,0,1395.3589965820313,1428.2328002929687
2000-11-10,0,1394.9494934082031,1425.198798828125
2000-11-13,0,1393.781494140625,1421.8085986328124
2000-11-14,0,1395.4304931640625,1419.3259985351563
2000-11-15,0,1397.8144958496093,1417.2771997070313
2000-11-16,0,1396.9924926757812,1414.6733984375
2000-11-17,0,1395.5319885253907,1412.1377978515625
2000-11-20,0,1392.8739868164062,1409.2049975585937
2000-11-21,0,1390.3349853515624,1406.512197265625
2000-11-22,0,1388.2079833984376,1403.2611962890626
2000-11-24,0,1387.0744873046874,1400.4791967773438
2000-11-27,0,1385.5439880371093,1398.1423950195312
2000-11-28,0,1382.4154846191407,1395.973994140625
2000-11-29,0,1378.0419860839843,1393.6145947265625
2000-11-30,0,1372.7284851074219,1390.8867944335936
2000-12-01,0,1367.0739868164062,1388.2103930664061
2000-12-04,0,1361.98798828125,1385.7353930664062
2000-12-05,0,1359.2054931640625,1384.4855932617188
2000-12-06,0,1355.184991455078,1382.9705932617187
2000-12-07,0,1351.8984924316405,1381.3101953125
2000-12-08,0,1350.3859924316407,1379.5421948242188
2000-12-11,0,1351.096990966797,1378.4159936523438
2000-12-12,0,1352.0929931640626,1377.1149951171874
2000-12-13,0,1350.9449951171875,1375.785595703125
2000-12-14,0,1348.500994873047,1373.9177978515625
2000-12-15,0,1345.492498779297,1371.4351977539063
2000-12-18,0,1343.2434997558594,1369.7101977539062
2000-12-19,0,1341.3924987792968,1367.7815966796875
2000-12-20,0,1337.2619995117188,1365.33599609375
2000-12-21,0,1334.8869995117188,1363.541396484375
2000-12-22,0,1333.09599609375,1363.064794921875
2000-12-26,0,1331.4069946289062,1361.8851928710938
2000-12-27,0,1331.0484985351563,1360.9711938476562
2000-12-28,0,1330.6629943847656,1360.6561938476561
2000-12-29,0,1330.9294982910155,1360.2191943359376
2001-01-02,0,1329.3315002441407,1358.10939453125
2001-01-03,0,1330.461004638672,1357.1219946289064
2001-01-04,0,1328.3010009765626,1355.873193359375
2001-01-05,0,1325.6455017089843,1353.8775927734375
2001-01-08,0,1323.2609985351562,1352.4967919921876
2001-01-09,0,1319.8065002441406,1351.223994140625
2001-01-10,0,1316.4600036621093,1349.8977954101563
2001-01-11,0,1314.2419982910155,1348.4609936523439
2001-01-12,0,1312.1700012207032,1346.243994140625
2001-01-16,0,1311.4559997558595,1344.3525952148439
2001-01-17,0,1312.3219970703126,1342.375595703125
2001-01-18,0,1313.58349609375,1340.8011962890625
2001-01-19,0,1315.4304992675782,1339.0081982421875
2001-01-22,0,1319.3385009765625,1337.228798828125
2001-01-23,0,1323.6155029296874,1336.2511987304688
2001-01-24,0,1326.5330078125,1335.5343994140626
2001-01-25,0,1328.6490112304687,1335.365
2001-01-26,0,1329.950506591797,1335.438798828125
2001-01-29,0,1331.4480102539062,1335.0632006835938
2001-01-30,0,1334.1205078125,1334.7415991210937
2001-01-31,1,1338.2575073242188,1334.615400390625
2001-02-01,1,1339.5530029296874,1334.730400390625
2001-02-02,1,1340.3595031738282,1334.8673999023438
2001-02-05,1,1343.1575073242188,1335.0066015625
2001-02-06,1,1345.9775085449219,1335.6046020507813
2001-02-07,1,1347.9820068359375,1335.587001953125
2001-02-08,1,1348.9450073242188,1335.258203125
2001-02-09,1,1348.3420104980469,1334.8316040039062
2001-02-12,1,1348.9300109863282,1334.5992041015625
2001-02-13,1,1348.5375122070313,1334.6762060546876
2001-02-14,1,1347.8600158691406,1334.6900073242186
2001-02-15,1,1346.7920166015624,1334.7228076171875
2001-02-16,1,1344.7415161132812,1333.222607421875
2001-02-20,1,1341.5435119628905,1331.77220703125
2001-02-21,1,1336.28701171875,1330.0066064453124
2001-02-22,1,1330.7130065917968,1327.665205078125
2001-02-23,1,1325.1305053710937,1324.9784057617187
2001-02-26,0,1320.7655090332032,1322.9078051757813
2001-02-27,0,1315.45400390625,1320.8668041992187
2001-02-28,0,1308.764501953125,1318.847001953125
2001-03-01,0,1302.5255004882813,1317.4286010742187
2001-03-02,0,1295.5610046386719,1315.65740234375
2001-03-05,0,1290.1580078125,1314.373603515625
2001-03-06,0,1285.1325073242188,1314.1548046875
2001-03-07,0,1280.6140075683593,1313.8954052734375
2001-03-08,0,1276.8065063476563,1313.0712060546875
2001-03-09,0,1271.851007080078,1311.4358081054688
2001-03-12,0,1265.1210083007813,1308.4606079101563
2001-03-13,0,1258.488507080078,1305.7294091796875
2001-03-14,0,1250.8840026855469,1302.6580078125
2001-03-15,0,1243.7660034179687,1300.46380859375
2001-03-16,0,1234.9620056152344,1296.5232080078124
2001-03-19,0,1228.426007080078,1293.2726098632813
2001-03-20,0,1221.610009765625,1290.1580102539062
2001-03-21,0,1214.9535095214844,1286.6836108398438
2001-03-22,0,1208.1915100097656,1283.019208984375
2001-03-23,0,1202.8900085449218,1279.5504077148437
2001-03-26,0,1197.1420043945313,1276.0678076171876
2001-03-27,0,1193.3535095214843,1273.3402075195313
2001-03-28,0,1189.021014404297,1269.8730078125
2001-03-29,0,1184.3570129394532,1266.242607421875
2001-03-30,0,1180.6645080566407,1262.4898071289062
2001-04-02,0,1175.8875061035155,1258.55640625
2001-04-03,0,1168.5205017089843,1253.8276049804688
2001-04-04,0,1160.5885009765625,1248.6846044921874
2001-04-05,0,1154.9234985351563,1244.42740234375
2001-04-06,0,1149.6739990234375,1239.8458032226563
2001-04-09,0,1147.5454956054687,1235.498603515625
2001-04-10,0,1146.081494140625,1231.582802734375
2001-04-11,0,1146.0404968261719,1227.4260034179688
2001-04-12,0,1146.5374938964844,1223.7758032226564
2001-04-16,0,1147.9949951171875,1219.9000048828125
2001-04-17,0,1149.0449951171875,1216.746806640625
2001-04-18,0,1153.8219970703126,1214.4238061523438
2001-04-19,0,1160.3994934082032,1212.4524047851562
2001-04-20,0,1166.6694946289062,1210.4942041015624
2001-04-23,0,1170.89599609375,1208.3308032226562
2001-04-24,0,1173.7349975585937,1206.2250024414063
2001-04-25,0,1176.0639953613281,1204.1938012695311
2001-04-26,0,1180.1254943847657,1202.5082006835937
2001-04-27,0,1185.3804992675782,1201.25080078125
2001-04-30,0,1189.8369995117187,1199.7078002929688
2001-05-01,0,1195.865496826172,1199.0059985351563
2001-05-02,1,1203.9140014648438,1198.77580078125
2001-05-03,1,1211.1804992675782,1198.6419995117187
2001-05-04,1,1216.9390014648438,1198.9178002929686
2001-05-07,1,1223.6929992675782,1199.27080078125
2001-05-08,1,1229.8734985351562,1199.1417993164061
2001-05-09,1,1234.2315002441405,1199.0938012695312
2001-05-10,1,1238.6960021972657,1199.398603515625
2001-05-11,1,1241.8045043945312,1199.4874047851563
2001-05-14,1,1245.26650390625,1199.7822045898438
2001-05-15,1,1248.147998046875,1199.942802734375
2001-05-16,1,1250.4894958496093,1200.5666015625
2001-05-17,1,1252.2294982910157,1201.0986010742188
2001-05-18,1,1254.6784973144531,1201.6430004882814
2001-05-21,1,1259.1019958496095,1203.2311987304688
2001-05-22,1,1264.0974975585937,1205.8155981445314
2001-05-23,1,1267.1125,1207.6433984375
2001-05-24,1,1270.0450012207032,1210.1726000976562
2001-05-25,1,1271.2869995117187,1212.25919921875
2001-05-29,1,1272.2105041503905,1214.6071997070312
2001-05-30,1,1271.2925048828124,1216.15259765625
2001-05-31,1,1270.7119995117187,1218.4165966796875
2001-06-01,1,1271.31650390625,1221.187197265625
2001-06-04,1,1271.34150390625,1224.1777978515624
2001-06-05,1,1272.344500732422,1227.05259765625
2001-06-06,1,1272.7860046386718,1229.3993994140626
2001-06-07,1,1273.857000732422,1231.2951977539062
2001-06-08,1,1274.34599609375,1233.5285961914062
2001-06-11,1,1274.7819946289062,1235.6573974609375
2001-06-12,1,1275.1284912109375,1237.5677978515625
2001-06-13,1,1274.7364929199218,1239.4823974609376
2001-06-14,1,1271.4804931640624,1241.7505981445313
2001-06-15,1,1267.773992919922,1243.9727978515625
2001-06-18,1,1263.5974975585937,1245.1126000976562
2001-06-19,1,1258.5849975585938,1246.7955981445311
2001-06-20,1,1254.272998046875,1248.5065991210938
2001-06-21,1,1251.6724975585937,1249.8797998046875
2001-06-22,0,1248.281494140625,1251.0689990234375
2001-06-25,0,1245.3169921875,1251.7709985351562
2001-06-26,0,1242.7584899902345,1252.51259765625
2001-06-27,0,1240.9079895019531,1252.8977954101563
2001-06-28,0,1239.4269897460938,1252.65859375
2001-06-29,0,1237.6124877929688,1252.0723950195313
2001-07-02,0,1236.0929870605469,1251.9471948242187
2001-07-03,0,1233.6369873046874,1252.148994140625
2001-07-05,0,1231.0974853515625,1252.34439453125
2001-07-06,0,1226.778985595703,1251.5811938476563
2001-07-09,0,1223.469989013672,1250.8663940429688
2001-07-10,0,1219.8264892578125,1249.4357934570312
2001-07-11,0,1216.0429931640624,1248.0501953125
2001-07-12,0,1214.3699951171875,1246.8841967773437
2001-07-13,0,1214.160498046875,1245.8491967773436
2001-07-16,0,1213.5649963378905,1244.9265966796875
2001-07-17,0,1213.8654907226562,1243.8831958007813
2001-07-18,0,1213.6219909667968,1242.7671948242187
2001-07-19,0,1213.2159912109375,1241.8435961914063
2001-07-20,0,1211.9064880371093,1240.949794921875
2001-07-23,0,1210.1904907226562,1239.6667944335939
2001-07-24,0,1207.8429931640626,1238.1863940429687
2001-07-25,0,1206.5294921875,1237.01779296875
2001-07-26,0,1206.1224975585938,1236.0875952148438
2001-07-27,0,1205.103497314453,1234.5041943359374
2001-07-30,0,1204.110498046875,1232.824794921875
2001-07-31,0,1202.8359985351562,1231.2101953125
2001-08-01,0,1201.9100036621094,1229.272197265625
2001-08-02,0,1201.9855041503906,1227.4995971679687
2001-08-03,0,1203.1735046386718,1226.005595703125
2001-08-06,0,1203.2585021972657,1224.1517944335938
2001-08-07,0,1204.4025024414063,1222.6819946289063
2001-08-08,0,1204.570001220703,1220.993994140625
2001-08-09,0,1203.3345031738281,1219.70099609375
2001-08-10,0,1202.0585021972656,1218.3877978515625
2001-08-13,0,1201.500506591797,1217.0001977539061
2001-08-14,0,1200.115008544922,1215.39259765625
2001-08-15,0,1198.6305114746094,1213.2815991210937
2001-08-16,0,1196.9625122070313,1211.51419921875
2001-08-17,0,1194.5185119628907,1209.2143994140624
2001-08-20,0,1193.5375122070313,1207.3434008789063
2001-08-21,0,1192.8180114746094,1205.40080078125
2001-08-22,0,1191.559014892578,1203.5900024414063
2001-08-23,0,1189.5170104980468,1201.9998022460939
2001-08-24,0,1188.4725158691406,1201.3010034179688
2001-08-27,0,1187.207012939453,1200.5980029296875
2001-08-28,0,1184.721014404297,1199.6596020507814
2001-08-29,0,1181.3525146484376,1198.3792041015624
2001-08-30,0,1176.7665161132813,1196.4970043945314
2001-08-31,0,1172.7280151367188,1194.427802734375
2001-09-04,0,1169.3510131835938,1192.5796020507812
2001-09-05,0,1165.7180114746093,1190.84240234375
2001-09-06,0,1161.8615112304688,1188.6352026367188
2001-09-07,0,1156.9790100097657,1186.129404296875
2001-09-10,0,1152.0980102539063,1183.4562060546875
2001-09-17,0,1144.4720092773437,1179.7440063476563
2001-09-18,0,1136.772509765625,1175.6644067382813
2001-09-19,0,1128.6765075683593,1171.2974072265624
2001-09-20,0,1118.820504760742,1166.6034069824218
2001-09-21,0,1109.0120056152343,1162.107607421875
2001-09-24,0,1100.6140045166017,1158.2010070800782
2001-09-25,0,1093.3645050048829,1154.8160070800782
2001-09-26,0,1085.4510009765625,1151.3532055664064
2001-09-27,0,1078.277001953125,1147.5626049804687
2001-09-28,0,1071.0774963378906,1144.067802734375
2001-10-01,0,1064.044500732422,1140.7898046875
2001-10-02,0,1058.535498046875,1137.5276049804688
2001-10-03,0,1054.7214965820312,1134.8190063476563
2001-10-04,0,1051.7514953613281,1131.9112060546875
2001-10-05,0,1048.6414978027344,1129.121806640625
2001-10-08,0,1045.1164978027343,1126.5500048828126
2001-10-09,0,1041.3669982910155,1124.2520043945312
2001-10-10,0,1040.0964965820312,1122.0620043945312
2001-10-11,0,1040.6789978027343,1119.9520043945313
2001-10-12,0,1040.6344970703126,1117.6686059570313
2001-10-15,0,1043.1949951171875,1115.3778051757813
2001-10-16,0,1046.4349975585938,1113.1040063476562
2001-10-17,0,1049.4844970703125,1110.3272045898439
2001-10-18,0,1053.6879974365233,1107.284404296875
2001-10-19,0,1059.0719970703126,1104.4670043945312
2001-10-22,0,1063.394497680664,1102.2554052734374
2001-10-23,0,1067.0199981689452,1099.8630053710938
2001-10-24,0,1070.927996826172,1097.8964038085937
2001-10-25,0,1075.0019958496093,1096.2296020507813
2001-10-26,0,1078.185498046875,1094.5186010742189
2001-10-29,0,1080.172998046875,1092.2588012695312
2001-10-30,0,1080.5960021972655,1089.7200024414062
2001-10-31,0,1079.9710021972655,1087.3552026367188
2001-11-01,0,1080.6945007324218,1085.4040014648438
2001-11-02,0,1081.485498046875,1083.9086010742187
2001-11-05,1,1083.5054992675782,1082.5371997070313
2001-11-06,1,1086.6109985351563,1081.76919921875
2001-11-07,1,1088.3515014648438,1080.7789990234376
2001-11-08,1,1089.407000732422,1079.9080004882812
2001-11-09,1,1090.8400024414063,1078.6156005859375
2001-11-12,1,1092.257501220703,1077.3980004882812
2001-11-13,1,1094.3349975585938,1076.949599609375
2001-11-14,1,1097.540997314453,1076.80259765625
2001-11-15,1,1101.2224975585937,1077.066796875
2001-11-16,1,1104.4809997558593,1077.1681982421876
2001-11-19,1,1107.5390014648438,1077.5306005859375
2001-11-20,1,1110.4330017089844,1077.7490014648438
2001-11-21,1,1113.0245056152344,1078.3616015625
2001-11-23,1,1115.5370056152344,1079.6528002929688
2001-11-26,1,1118.177508544922,1080.950400390625
2001-11-27,1,1121.7375061035157,1083.165
2001-11-28,1,1125.174005126953,1085.0806005859374
2001-11-29,1,1129.195001220703,1087.5626000976563
2001-11-30,1,1131.9625,1090.6607995605468
2001-12-03,1,1134.0975036621094,1093.9428002929687
2001-12-04,1,1136.1955078125,1096.7698010253907
2001-12-05,1,1138.7700073242188,1099.9314001464843
2001-12-06,1,1141.3350036621093,1103.1326000976562
2001-12-07,1,1143.323504638672,1105.9266015625
2001-12-10,1,1144.3045043945312,1107.9064038085937
2001-12-11,1,1145.226007080078,1109.8706030273438
2001-12-12,1,1145.1250061035157,1111.5854028320311
2001-12-13,1,1144.0335083007812,1112.52740234375
2001-12-14,1,1143.0760070800782,1113.5966015625
2001-12-17,1,1142.861505126953,1114.856201171875
2001-12-18,1,1142.4545043945313,1116.4658032226562
2001-12-19,1,1142.7995056152345,1118.3220043945312
2001-12-20,1,1142.9445068359375,1119.5008056640625
2001-12-21,1,1142.6720092773437,1120.4500048828124
2001-12-24,1,1142.0335083007812,1121.5100048828126
2001-12-26,1,1142.0270080566406,1122.6978051757812
2001-12-27,1,1143.4575073242188,1123.8896044921876
2001-12-28,1,1144.4985107421876,1125.5682055664063
2001-12-31,1,1144.9300109863282,1127.1576049804687
2002-01-02,1,1146.1685119628905,1128.78140625
2002-01-03,1,1147.1920104980468,1130.2888061523438
2002-01-04,1,1147.3000122070312,1132.0434057617188
2002-01-07,1,1147.1895141601562,1133.63720703125
2002-01-08,1,1147.3095092773438,1134.8496069335938
2002-01-09,1,1148.0700073242188,1135.8602075195313
2002-01-10,1,1149.0595092773438,1137.4252075195313
2002-01-11,1,1149.4860107421875,1139.14140625
2002-01-14,1,1150.4375122070312,1140.7140063476563
2002-01-15,1,1151.592510986328,1141.9558056640626
2002-01-16,1,1151.2530090332032,1142.7632055664062
2002-01-17,1,1151.051007080078,1143.4840063476563
2002-01-18,1,1149.952001953125,1143.6584057617188
2002-01-22,1,1148.9210021972656,1143.7286059570313
2002-01-23,1,1148.0855041503905,1143.92140625
2002-01-24,1,1147.4605041503905,1144.1582055664062
2002-01-25,1,1146.656005859375,1144.45720703125
2002-01-28,1,1145.4525085449218,1144.3366088867188
2002-01-29,0,1142.4335083007813,1143.5252099609374
2002-01-30,0,1140.7080078125,1142.9518090820313
2002-01-31,0,1139.4845031738282,1142.7828076171875
2002-02-01,0,1137.3309997558595,1142.20560546875
2002-02-04,0,1133.4274963378907,1141.2412036132812
2002-02-05,0,1129.6839965820313,1140.3010034179688
2002-02-06,0,1125.8239990234374,1138.964404296875
2002-02-07,0,1122.0755004882812,1137.419404296875
2002-02-08,0,1119.0589965820313,1136.3538037109374
2002-02-11,0,1117.375994873047,1136.0222021484376
2002-02-12,0,1115.8304931640625,1135.368203125
2002-02-13,0,1114.4464965820312,1134.949404296875
2002-02-14,0,1113.8919982910156,1134.6810034179687
2002-02-15,0,1112.157000732422,1133.868603515625
2002-02-19,0,1109.945001220703,1132.1284033203126
2002-02-20,0,1108.8784973144532,1130.7460034179687
2002-02-21,0,1106.5169921875,1129.1988012695313
2002-02-22,0,1104.4014892578125,1128.1969995117188
2002-02-25,0,1103.2089904785157,1127.650400390625
2002-02-26,0,1102.0249877929687,1127.0966015625
2002-02-27,0,1102.4874877929688,1126.9068017578124
2002-02-28,0,1102.145489501953,1126.5796020507812
2002-03-01,0,1102.2244934082032,1126.5280029296875
2002-03-04,0,1103.806494140625,1126.7464013671874
2002-03-05,0,1106.3914978027344,1126.6780004882812
2002-03-06,0,1110.0289978027345,1127.1347998046874
2002-03-07,0,1113.7304992675781,1127.3878002929687
2002-03-08,0,1117.9375,1127.7810009765626
2002-03-11,0,1121.539501953125,1128.1588012695313
2002-03-12,0,1124.221502685547,1128.3278002929687
2002-03-13,0,1126.5510009765626,1128.18919921875
2002-03-14,0,1128.2775024414063,1128.2884008789063
2002-03-15,1,1130.7615051269531,1128.5182006835937
2002-03-18,1,1133.8300048828125,1128.5238012695313
2002-03-19,1,1138.177508544922,1128.4794018554687
2002-03-20,1,1140.8710083007813,1128.2186010742187
2002-03-21,1,1144.5030090332032,1128.076201171875
2002-03-22,1,1147.4460083007812,1127.9473999023437
2002-03-25,1,1148.5680053710937,1127.453798828125
2002-03-26,1,1150.023504638672,1127.3115991210936
2002-03-27,1,1151.7580017089845,1127.4349975585938
2002-03-28,1,1153.7910034179688,1127.4589990234374
2002-04-01,1,1154.52900390625,1127.8384008789062
2002-04-02,1,1153.6750061035157,1127.7960009765625
2002-04-03,1,1152.638006591797,1127.75240234375
2002-04-04,1,1150.81650390625,1127.8930004882814
2002-04-05,1,1149.0760009765625,1127.7839990234374
2002-04-08,1,1147.125,1127.6467993164063
2002-04-09,1,1144.602001953125,1127.3371997070312
2002-04-10,1,1142.846502685547,1127.2853979492188
2002-04-11,1,1140.3265014648437,1127.346396484375
2002-04-12,1,1138.225,1127.2951977539062
2002-04-15,1,1135.044500732422,1126.7421997070312
2002-04-16,1,1133.185498046875,1126.8656005859375
2002-04-17,1,1130.9744934082032,1127.4982006835937
2002-04-18,1,1129.6054931640624,1128.1871997070311
2002-04-19,0,1128.1844970703125,1129.020400390625
2002-04-22,0,1126.1409973144532,1129.5735986328125
2002-04-23,0,1124.5954956054688,1129.6683984375
2002-04-24,0,1122.3279968261718,1129.2923999023437
2002-04-25,0,1119.672998046875,1128.9719995117186
2002-04-26,0,1116.1194946289063,1128.1281982421874
2002-04-29,0,1112.064990234375,1127.10759765625
2002-04-30,0,1109.0729919433593,1126.5623974609375
2002-05-01,0,1107.1259887695312,1126.6247973632812
2002-05-02,0,1105.0369934082032,1126.3563989257811
2002-05-03,0,1102.5719970703126,1126.2060009765626
2002-05-06,0,1098.9409973144532,1125.4626025390626
2002-05-07,0,1095.5254943847656,1124.2638012695313
2002-05-08,0,1093.4444946289063,1123.8532006835937
2002-05-09,0,1091.910498046875,1123.1156005859375
2002-05-10,0,1089.1094970703125,1122.08080078125
2002-05-13,0,1087.7099975585938,1120.9364013671875
2002-05-14,0,1086.155499267578,1119.8052026367188
2002-05-15,0,1084.405499267578,1118.7038012695311
2002-05-16,0,1083.0934997558593,1117.4130004882813
2002-05-17,0,1082.1644958496095,1116.3939990234376
2002-05-20,0,1081.3669982910155,1114.9453979492187
2002-05-21,0,1080.3130004882812,1113.1777978515624
2002-05-22,0,1079.9570007324219,1111.5865991210937
2002-05-23,0,1080.2369995117188,1110.4463989257813
2002-05-24,0,1080.6119995117188,1109.0619970703126
2002-05-28,0,1081.0670043945313,1107.2297973632812
2002-05-29,0,1080.60400390625,1105.2719970703124
2002-05-30,0,1079.5140075683594,1103.1593969726562
2002-05-31,0,1078.6430053710938,1101.4651977539063
2002-06-03,0,1077.0055053710937,1099.2069995117188
2002-06-04,0,1076.4065002441407,1097.0467993164064
2002-06-05,0,1076.427001953125,1095.4073999023437
2002-06-06,0,1073.4420043945313,1093.2206005859375
2002-06-07,0,1071.1680053710938,1090.8796020507812
2002-06-10,0,1069.9555053710938,1088.5466015625
2002-06-11,0,1066.9075012207031,1085.8878002929687
2002-06-12,0,1063.0565002441406,1083.5578002929688
2002-06-13,0,1058.9810028076172,1081.2409997558593
2002-06-14,0,1054.4330047607423,1078.859600830078
2002-06-17,0,1050.9120086669923,1077.1284020996093
2002-06-18,0,1048.1750091552735,1075.365401611328
2002-06-19,0,1045.1805084228515,1073.4092004394531
2002-06-20,0,1041.1940063476563,1070.9256005859374
2002-06-21,0,1035.7970092773437,1068.6346020507813
2002-06-24,0,1031.242010498047,1066.2688012695312
2002-06-25,0,1026.3215087890626,1063.7406005859375
2002-06-26,0,1021.6150085449219,1060.6438012695312
2002-06-27,0,1017.9140075683594,1057.9352026367187
2002-06-28,0,1014.0480072021485,1055.2422033691407
2002-07-01,0,1010.4465057373047,1052.1118029785157
2002-07-02,0,1005.8165100097656,1048.9170043945312
2002-07-03,0,1001.0210083007812,1045.9776049804686
2002-07-05,0,999.0150085449219,1043.8954052734375
2002-07-08,0,996.4875061035157,1041.6054052734376
2002-07-09,0,992.592007446289,1039.1356066894532
2002-07-10,0,987.9355072021484,1036.236007080078
2002-07-11,0,983.2910064697265,1033.2450061035156
2002-07-12,0,978.8825073242188,1029.9436071777343
2002-07-15,0,974.4155059814453,1026.611005859375
2002-07-16,0,967.65400390625,1023.1612048339844
2002-07-17,0,961.0990020751954,1020.228603515625
2002-07-18,0,954.1775024414062,1016.8700036621094
2002-07-19,0,946.2505035400391,1012.0480041503906
2002-07-22,0,937.786001586914,1006.9848034667968
2002-07-23,0,928.0350036621094,1001.83900390625
2002-07-24,0,921.3995025634765,997.2164025878906
2002-07-25,0,914.6570007324219,992.0444018554688
2002-07-26,0,907.7670013427735,987.2798034667969
2002-07-29,0,903.2240020751954,983.294404296875
2002-07-30,0,899.9305023193359,979.2182055664063
2002-07-31,0,898.1070007324219,975.6130053710939
2002-08-01,0,894.6404998779296,971.7086047363283
2002-08-02,0,888.4009979248046,967.2730041503908
2002-08-05,0,881.2819976806641,962.0234045410158
2002-08-06,0,876.6189971923828,957.5384057617189
2002-08-07,0,874.4339996337891,953.5828051757813
2002-08-08,0,873.3385009765625,950.3388049316408
2002-08-09,0,872.7010009765625,947.2184045410157
2002-08-12,0,871.9945007324219,943.9516040039064
2002-08-13,0,871.1580017089843,940.8222033691408
2002-08-14,0,871.8370025634765,938.4008044433596
2002-08-15,0,874.2715026855469,936.0078039550783
2002-08-16,0,878.3225036621094,934.000203857422
2002-08-19,0,884.8650054931641,932.4636035156251
2002-08-20,0,891.8515045166016,930.5974035644533
2002-08-21,0,897.1480041503906,929.3126037597658
2002-08-22,0,903.3490051269531,928.161403808594
2002-08-23,0,907.7500030517579,926.7874035644533
2002-08-26,0,910.1995025634766,925.6010034179689
2002-08-27,0,911.8015014648438,923.574002685547
2002-08-28,0,912.1140014648438,921.188602294922
2002-08-29,0,913.7710021972656,919.144802246094
2002-08-30,0,916.3625030517578,917.3404028320314
2002-09-03,1,918.5335052490234,915.1180029296877
2002-09-04,1,920.2250061035156,913.1316040039064
2002-09-05,1,920.3440063476562,911.191804199219
2002-09-06,1,919.7670043945312,909.5996032714845
2002-09-09,1,919.4830047607422,907.8460034179689
2002-09-10,1,919.772006225586,906.2412036132814
2002-09-11,1,921.0340057373047,905.0572033691408
2002-09-12,1,919.3985046386719,903.833602294922
2002-09-13,1,917.3765045166016,902.5500024414064
2002-09-16,1,915.4930023193359,900.5914013671877
2002-09-17,1,911.6340026855469,898.5222021484376
2002-09-18,1,908.2355041503906,896.8548022460939
2002-09-19,1,902.9335052490235,895.3118029785157
2002-09-20,1,897.0680053710937,893.6722033691408
2002-09-23,0,891.7100067138672,891.9184033203124
2002-09-24,0,885.2770050048828,889.9456030273437
2002-09-25,0,880.5190032958984,888.7200024414062
2002-09-26,0,877.3730041503907,887.698203125
2002-09-27,0,872.8515045166016,886.6144030761719
2002-09-30,0,867.8120056152344,885.9650036621093
2002-10-01,0,866.3065032958984,886.5262036132813
2002-10-02,0,863.0320007324219,887.1304028320312
2002-10-03,0,860.0220001220703,886.6408032226562
2002-10-04,0,855.3550018310547,885.8788037109375
2002-10-07,0,849.4710021972656,884.5276037597656
2002-10-08,0,843.9195007324219,882.5194030761719
2002-10-09,0,837.2850006103515,879.9990026855469
2002-10-10,0,833.1355010986329,877.8450024414062
2002-10-11,0,830.411001586914,876.858203125
2002-10-14,0,827.9280029296875,876.4022033691406
2002-10-15,0,828.3155029296875,877.3356042480468
2002-10-16,0,827.8435028076171,877.3446044921875
2002-10-17,0,829.6375030517578,877.3932043457031
2002-10-18,0,831.5875030517578,876.9718041992187
2002-10-21,0,834.8885009765625,876.7934033203124
2002-10-22,0,838.4320007324219,876.5206030273438
2002-10-23,0,841.2560028076172,876.7592028808593
2002-10-24,0,842.6335021972657,876.0168029785157
2002-10-25,0,846.1475036621093,875.3648034667968
2002-10-28,0,849.8950012207031,874.5940026855469
2002-10-29,0,851.6070037841797,873.2230029296875
2002-10-30,0,854.7470062255859,872.288603515625
2002-10-31,0,858.0875061035156,871.0166040039062
2002-11-01,0,863.1065063476562,869.7818041992188
2002-11-04,1,869.2600036621094,869.1316040039062
2002-11-05,1,875.1020050048828,868.4804040527343
2002-11-06,1,882.4520050048828,868.2592041015625
2002-11-07,1,887.3885070800782,867.9548046875
2002-11-08,1,890.359506225586,867.4936047363282
2002-11-11,1,892.0970062255859,866.6960046386719
2002-11-12,1,892.181005859375,866.7946044921875
2002-11-13,1,893.3065063476563,866.5772045898437
2002-11-14,1,894.5600067138672,867.0796044921875
2002-11-15,1,895.8320068359375,867.3978051757813
2002-11-18,1,895.8640075683594,867.3458044433594
2002-11-19,1,896.1930084228516,867.08900390625
2002-11-20,1,897.0935089111329,867.1830041503906
2002-11-21,1,899.6565093994141,868.1200048828125
2002-11-22,1,901.3015075683594,868.9348046875
2002-11-25,1,903.4335083007812,869.770205078125
2002-11-26,1,904.9915069580078,870.5660046386719
2002-11-27,1,907.3995056152344,871.9542041015625
2002-11-29,1,909.9270050048829,873.81400390625
2002-12-02,1,911.6055053710937,875.5968041992187
2002-12-03,1,912.2255065917968,877.3378039550781
2002-12-04,1,912.3350067138672,879.3036047363281
2002-12-05,1,911.4745056152344,880.6414050292968
2002-12-06,1,911.9535034179687,881.7870043945312
2002-12-09,1,911.81650390625,883.0796044921875
2002-12-10,1,913.2295043945312,884.8630041503907
2002-12-11,1,914.3300048828125,886.0040051269531
2002-12-12,1,915.282504272461,887.4774060058594
2002-12-13,1,914.543002319336,888.8880053710938
2002-12-16,1,914.5715026855469,891.0844055175781
2002-12-17,1,914.7030029296875,893.4386047363281
2002-12-18,1,914.4220031738281,895.2900048828125
2002-12-19,1,912.927001953125,897.4398046875
2002-12-20,1,911.027001953125,899.2766052246094
2002-12-23,1,909.3685028076172,900.5178051757813
2002-12-24,1,907.348501586914,901.5384045410157
2002-12-26,1,906.1660003662109,901.7062036132812
2002-12-27,1,902.9925018310547,902.0138037109375
2002-12-30,0,900.1465026855469,902.0176037597656
2002-12-31,0,897.411001586914,901.9262036132812
2003-01-02,0,896.8250030517578,902.1124047851563
2003-01-03,0,896.3755035400391,902.481005859375
2003-01-06,0,897.4985046386719,903.1384057617188
2003-01-07,0,898.0335052490234,903.9470056152344
2003-01-08,0,898.9300048828125,904.1926049804688
2003-01-09,0,900.0860046386719,904.9394055175782
2003-01-10,0,901.21650390625,905.8478051757812
2003-01-13,0,902.4505035400391,906.5588049316407
2003-01-14,0,904.5595031738281,907.4768041992188
2003-01-15,0,904.9505004882812,907.8220031738281
2003-01-16,0,905.5309997558594,907.9470031738281
2003-01-17,0,906.0640014648437,907.6748034667969
2003-01-21,0,906.2325012207032,906.9520031738281
2003-01-22,0,905.3625,906.4662023925781
2003-01-23,0,904.8605010986328,906.318203125
2003-01-24,0,903.3070037841796,906.0224035644532
2003-01-27,0,901.1980041503906,905.3130029296875
2003-01-28,0,900.3550018310547,904.8332019042969
2003-01-29,0,899.6035003662109,904.0350012207032
2003-01-30,0,897.8429992675781,902.7306005859375
2003-01-31,0,895.1764984130859,901.8374011230469
2003-02-03,0,892.7629974365234,901.1090014648438
2003-02-04,0,888.7224975585938,899.7900012207032
2003-02-05,0,884.7554992675781,897.9866015625
2003-02-06,0,881.1665008544921,896.1386022949218
2003-02-07,0,876.2725006103516,894.0750024414062
2003-02-10,0,871.6924987792969,892.5282019042969
2003-02-11,0,866.8394989013672,890.3348022460938
2003-02-12,0,861.1904998779297,887.9822021484375
2003-02-13,0,856.1480010986328,885.6390014648438
2003-02-14,0,852.1625030517578,883.9218017578125
2003-02-18,0,849.6320007324218,882.5936010742188
2003-02-19,0,847.5075012207031,881.3652014160157
2003-02-20,0,845.4445007324218,879.8626013183593
2003-02-21,0,843.4859985351562,878.9860009765625
2003-02-24,0,842.0449981689453,877.5486010742187
2003-02-25,0,841.5994995117187,876.22080078125
2003-02-26,0,840.05,874.7402001953125
2003-02-27,0,838.6960021972657,873.696201171875
2003-02-28,0,838.5230041503906,872.311201171875
2003-03-03,0,837.4785034179688,870.9476013183594
2003-03-04,0,835.5620025634765,869.5650012207032
2003-03-05,0,834.6445007324219,868.4770007324219
2003-03-06,0,833.5699981689453,867.0038000488281
2003-03-07,0,833.1069976806641,865.6340002441407
2003-03-10,0,831.9964965820312,863.9342004394531
2003-03-11,0,830.2344970703125,862.1556005859375
2003-03-12,0,828.9839965820313,860.7314001464844
2003-03-13,0,829.6449981689453,859.7816003417969
2003-03-14,0,830.4399993896484,858.8506005859375
2003-03-17,0,831.8349975585937,857.9257995605469
2003-03-18,0,832.5989990234375,857.0829992675781
2003-03-19,0,834.0434997558593,855.9831994628906
2003-03-20,0,835.9720001220703,855.0379992675781
2003-03-21,0,838.3529998779297,854.7551989746094
2003-03-24,0,839.935498046875,853.4883984375
2003-03-25,0,841.7439971923828,852.4317980957031
2003-03-26,0,843.8639984130859,851.3055981445312
2003-03-27,0,845.4259979248047,850.0427990722657
2003-03-28,0,846.5434967041016,848.9483996582031
2003-03-31,0,847.2119964599609,847.62
2003-04-01,1,849.0364959716796,846.7539990234375
2003-04-02,1,851.588998413086,846.619599609375
2003-04-03,1,854.3065002441406,846.5814001464844
2003-04-04,1,856.8044982910156,846.4115991210938
2003-04-07,1,860.4269989013671,846.7821984863281
2003-04-08,1,864.3049987792969,847.3983984375
2003-04-09,1,867.3949981689453,847.5473986816406
2003-04-10,1,869.3789978027344,847.6917993164062
2003-04-11,1,871.1304962158204,848.1655993652344
2003-04-14,1,872.2524963378906,848.7561987304688
2003-04-15,1,873.4704956054687,849.3659985351562
2003-04-16,1,873.7649932861328,850.0001977539063
2003-04-17,1,874.6604949951172,850.9999975585938
2003-04-21,1,874.4714965820312,852.077197265625
2003-04-22,1,876.8284973144531,853.7107971191406
2003-04-23,1,879.0424987792969,855.3717980957031
2003-04-24,1,881.1164978027343,857.0163977050781
2003-04-25,1,882.6309967041016,858.6189978027344
2003-04-28,1,885.197998046875,860.5683984375
2003-04-29,1,888.6809997558594,862.2273986816406
2003-04-30,1,891.6029998779297,863.5423986816406
2003-05-01,1,893.372998046875,864.9657983398438
2003-05-02,1,896.0544982910156,866.8253991699219
2003-05-05,1,898.4394989013672,868.3929992675781
2003-05-06,1,901.1625,870.42919921875
2003-05-07,1,903.7290008544921,872.2501989746094
2003-05-08,1,906.443002319336,874.104599609375
2003-05-09,1,909.5345001220703,876.0271984863281
2003-05-12,1,913.375,878.1063977050782
2003-05-13,1,916.2285003662109,880.2561975097656
2003-05-14,1,918.652001953125,882.6019982910157
2003-05-15,1,921.9900024414062,884.9383984375
2003-05-16,1,924.5260009765625,887.3823986816407
2003-05-19,1,925.9640014648437,889.2199987792969
2003-05-20,1,926.3820007324218,891.4649987792968
2003-05-21,1,926.6019989013672,893.918798828125
2003-05-22,1,927.6239990234375,896.4723986816406
2003-05-23,1,929.3444976806641,898.4987976074219
2003-05-27,1,931.1764953613281,900.8629968261719
2003-05-28,1,932.9454925537109,902.6715966796875
2003-05-29,1,934.581494140625,904.3353967285157
2003-05-30,1,936.94599609375,906.126796875
2003-06-02,1,938.7919952392579,907.9533972167969
2003-06-03,1,941.0424957275391,909.4687976074218
2003-06-04,1,943.6349945068359,911.9089978027343
2003-06-05,1,946.6609954833984,914.2169982910157
2003-06-06,1,950.0354949951172,916.5731982421875
2003-06-09,1,952.1614959716796,918.7213977050782
2003-06-10,1,954.147998046875,921.1481982421875
2003-06-11,1,956.9069976806641,924.1341979980468
2003-06-12,1,959.8684967041015,926.9347985839844
2003-06-13,1,961.9654968261718,929.0889978027344
2003-06-16,1,965.2874969482422,931.7747973632812
2003-06-17,1,969.8319946289063,934.4309973144532
2003-06-18,1,974.3499969482422,937.0341979980469
2003-06-19,1,977.9139984130859,939.3623986816406
2003-06-20,1,981.1049987792969,941.9563989257813
2003-06-23,1,983.5260009765625,944.1575988769531
2003-06-24,1,985.1245025634765,946.4605993652344
2003-06-25,1,986.2295043945312,948.2623999023438
2003-06-26,1,988.0385040283203,950.1626000976562
2003-06-27,1,988.6700012207032,952.0888000488281
2003-06-30,1,989.0450012207032,953.7071997070312
2003-07-01,1,989.5830017089844,955.5133996582031
2003-07-02,1,989.9585021972656,957.1609997558594
2003-07-03,1,989.7365020751953,958.494599609375
2003-07-07,1,990.5695007324218,960.3543994140625
2003-07-08,1,992.1650024414063,962.535
2003-07-09,1,993.0335021972656,964.2823999023437
2003-07-10,1,992.5945037841797,965.699599609375
2003-07-11,1,992.5760040283203,967.3240002441406
2003-07-14,1,993.3385040283204,969.0752001953125
2003-07-15,1,992.8225036621094,970.4819995117188
2003-07-16,1,991.9440063476562,971.8328002929687
2003-07-17,1,990.5260040283204,972.779599609375
2003-07-18,1,990.4570037841797,974.0535998535156
2003-07-21,1,989.6125030517578,975.22419921875
2003-07-22,1,989.936001586914,976.3181994628907
2003-07-23,1,990.1940002441406,977.1881994628907
2003-07-24,1,990.5079986572266,977.97419921875
2003-07-25,1,991.1509979248046,979.1621984863282
2003-07-28,1,992.1660003662109,980.15919921875
2003-07-29,1,992.9050018310547,981.0588000488282
2003-07-30,1,993.1635009765625,982.3931994628906
2003-07-31,1,992.9915008544922,983.8047998046875
2003-08-01,1,992.7140014648437,984.9394006347657
2003-08-04,1,991.6340026855469,985.9584008789062
2003-08-05,1,989.5150024414063,986.6032019042968
2003-08-06,1,987.7585021972657,986.9152026367187
2003-08-07,0,987.0295013427734,987.333203125
2003-08-08,0,986.002001953125,987.8922033691406
2003-08-11,0,984.8385040283204,988.2322033691406
2003-08-12,0,984.3350036621093,988.6992028808594
2003-08-13,0,983.8320037841797,988.948603515625
2003-08-14,0,984.2710052490235,989.03400390625
2003-08-15,0,984.1385040283203,989.0446032714843
2003-08-18,0,985.1855041503907,989.2842028808594
2003-08-19,0,985.8975036621093,989.8126025390625
2003-08-20,0,986.4820037841797,990.1218017578125
2003-08-21,0,987.5655059814453,990.2376025390626
2003-08-22,0,987.2845062255859,990.1286022949218
2003-08-25,0,987.1440063476563,990.2306030273437
2003-08-26,0,987.51650390625,989.9504028320313
2003-08-27,0,987.9815032958984,989.6530029296875
2003-08-28,0,988.6080047607422,989.5080029296874
2003-08-29,1,990.0010040283203,989.7742028808593
2003-09-02,1,991.9595031738281,990.3002026367187
2003-09-03,1,995.0000030517579,991.192802734375
2003-09-04,1,998.0445007324219,992.0832019042969
2003-09-05,1,1000.4080017089843,993.0046020507813
2003-09-08,1,1003.1105010986328,993.9210021972656
2003-09-09,1,1005.2394989013671,994.8600024414062
2003-09-10,1,1006.2679992675781,995.5884020996094
2003-09-11,1,1007.8874969482422,996.2704016113281
2003-09-12,1,1009.2934967041016,996.7680017089843
2003-09-15,1,1010.5004974365235,997.3502014160156
2003-09-16,1,1011.9794952392579,997.8482006835937
2003-09-17,1,1013.1604949951172,998.2107995605469
2003-09-18,1,1015.1244934082031,998.9581982421874
2003-09-19,1,1016.7759948730469,999.9101989746093
2003-09-22,1,1018.2639953613282,1000.403798828125
2003-09-23,1,1020.029995727539,1000.9071997070313
2003-09-24,1,1020.6624969482422,1001.0864001464844
2003-09-25,1,1020.9864990234375,1001.27
2003-09-26,1,1020.6869964599609,1001.5723999023437
2003-09-29,1,1020.6154968261719,1001.8376000976563
2003-09-30,1,1019.3144958496093,1002.1809997558594
2003-10-01,1,1018.9119934082031,1002.7831994628906
2003-10-02,1,1018.5254943847656,1003.4157995605469
2003-10-03,1,1018.9484924316406,1004.3807995605468
2003-10-06,1,1019.0839904785156,1005.09419921875
2003-10-07,1,1019.8879913330078,1005.948798828125
2003-10-08,1,1021.0309936523438,1006.838798828125
2003-10-09,1,1022.1464935302735,1007.8635986328125
2003-10-10,1,1023.1179962158203,1008.8185998535156
2003-10-13,1,1024.6449951171876,1010.1225988769531
2003-10-14,1,1025.6529968261718,1011.4557983398438
2003-10-15,1,1026.6924987792968,1013.0817980957031
2003-10-16,1,1027.2169982910157,1014.7415966796875
2003-10-17,1,1027.3679931640625,1016.045595703125
2003-10-20,1,1028.4609954833984,1017.3873962402344
2003-10-21,1,1029.3109954833985,1018.6961962890625
2003-10-22,1,1030.3599945068358,1019.496396484375
2003-10-23,1,1031.884994506836,1020.4911962890625
2003-10-24,1,1033.4879974365235,1021.2591967773437
2003-10-27,1,1034.7154968261718,1022.0683972167968
2003-10-28,1,1037.2565002441406,1023.0093981933594
2003-10-29,1,1038.7510009765624,1023.9245983886718
2003-10-30,1,1040.0859985351562,1024.8573974609376
2003-10-31,1,1041.1289978027344,1025.8061962890624
2003-11-03,1,1042.3625,1027.1253967285156
2003-11-04,1,1043.0625,1028.3161962890624
2003-11-05,1,1043.9640014648437,1029.4177978515625
2003-11-06,1,1044.9300048828125,1030.642999267578
2003-11-07,1,1045.6875,1031.6503979492188
2003-11-10,1,1045.7755004882813,1032.4323974609374
2003-11-11,1,1045.6299987792968,1032.9239965820314
2003-11-12,1,1046.2184997558593,1033.5691967773437
2003-11-13,1,1046.6355041503907,1034.177998046875
2003-11-14,1,1047.1870056152343,1034.757197265625
2003-11-17,1,1047.134503173828,1034.9969970703125
2003-11-18,1,1046.5405029296876,1035.2165979003905
2003-11-19,1,1047.1445007324219,1035.8469970703125
2003-11-20,1,1047.1385009765625,1036.1915979003907
2003-11-21,1,1047.4570007324219,1036.5245983886718
2003-11-24,1,1048.5044982910156,1037.2699975585938
2003-11-25,1,1048.8594970703125,1037.7613989257814
2003-11-26,1,1049.3764953613281,1038.4109985351563
2003-11-28,1,1049.9394958496093,1038.7833984375
2003-12-01,1,1050.9099975585937,1039.4597973632813
2003-12-02,1,1051.2899963378907,1040.3357971191406
2003-12-03,1,1051.863995361328,1041.049796142578
2003-12-04,1,1052.7594909667969,1042.2565954589843
2003-12-05,1,1052.9319885253906,1043.4211950683593
2003-12-08,1,1053.7364929199218,1044.8701965332032
2003-12-09,1,1054.3899963378906,1045.942197265625
2003-12-10,1,1055.0140014648437,1047.203798828125
2003-12-11,1,1055.647998046875,1048.2635986328125
2003-12-12,1,1056.4344970703125,1049.3415991210939
2003-12-15,1,1057.3190002441406,1050.105400390625
2003-12-16,1,1058.8940002441407,1050.9210009765625
2003-12-17,1,1061.010498046875,1051.6656005859375
2003-12-18,1,1063.3475036621094,1052.7736010742187
2003-12-19,1,1066.0980041503906,1053.7722021484376
2003-12-22,1,1068.9809997558593,1054.8697998046875
2003-12-23,1,1071.1780029296874,1055.8832006835937
2003-12-24,1,1073.1855041503907,1056.7744018554688
2003-12-26,1,1075.0575073242187,1057.757001953125
2003-12-29,1,1077.6215087890625,1058.9452026367187
2003-12-30,1,1079.597509765625,1060.3516040039062
2003-12-31,1,1081.8625122070312,1061.6964038085937
2004-01-02,1,1084.0500122070312,1062.9454028320313
2004-01-05,1,1086.6750122070312,1064.7826025390625
2004-01-06,1,1089.783514404297,1066.5806030273438
2004-01-07,1,1092.635009765625,1068.5290014648438
2004-01-08,1,1096.2220092773437,1070.5448022460937
2004-01-09,1,1099.3625061035157,1072.046201171875
2004-01-12,1,1102.163507080078,1073.6286010742188
2004-01-13,1,1104.5175048828125,1075.1142016601561
2004-01-14,1,1107.64150390625,1076.7104028320311
2004-01-15,1,1110.4875061035157,1078.1710034179687
2004-01-16,1,1113.6550048828126,1079.9026025390624
2004-01-20,1,1116.134503173828,1081.6418017578126
2004-01-21,1,1119.082501220703,1083.4332006835937
2004-01-22,1,1121.632501220703,1085.2478002929688
2004-01-23,1,1123.909002685547,1087.1366015625
2004-01-26,1,1126.9755004882813,1089.3126025390625
2004-01-27,1,1129.3835021972657,1091.0230029296874
2004-01-28,1,1130.3335021972657,1092.4244018554687
2004-01-29,1,1131.5570007324218,1094.0996020507812
2004-01-30,1,1132.5174987792968,1095.8496020507812
2004-02-02,1,1133.8565002441405,1097.8718017578126
2004-02-03,1,1134.5470031738282,1099.743603515625
2004-02-04,1,1134.689501953125,1101.6010034179687
2004-02-05,1,1134.8025024414062,1103.4672021484375
2004-02-06,1,1135.344500732422,1105.2808032226562
2004-02-09,1,1136.2420043945312,1106.9992041015626
2004-02-10,1,1137.1575073242188,1108.741005859375
2004-02-11,1,1138.9845092773437,1110.73220703125
2004-02-12,1,1140.0640075683593,1112.3720068359376
2004-02-13,1,1140.7520080566405,1113.9558081054688
2004-02-17,1,1141.610009765625,1115.8010083007812
2004-02-18,1,1142.2625061035155,1117.4430078125
2004-02-19,1,1142.2345092773437,1119.154208984375
2004-02-20,1,1142.2430114746094,1120.6504077148438
2004-02-23,1,1142.2150085449218,1122.2666064453124
2004-02-24,1,1141.4010070800782,1123.8674047851562
2004-02-25,1,1141.3820068359375,1125.3166064453126
2004-02-26,1,1142.2035095214844,1126.7320068359375
2004-02-27,1,1142.7450073242187,1128.2700048828126
2004-03-01,1,1143.9870056152345,1129.8868041992187
2004-03-02,1,1144.67900390625,1131.3392041015625
2004-03-03,1,1145.42900390625,1132.5762036132812
2004-03-04,1,1146.846502685547,1133.9004028320312
2004-03-05,1,1148.2600036621093,1135.1788037109375
2004-03-08,1,1148.482000732422,1136.20240234375
2004-03-09,1,1148.5204956054688,1137.1332006835937
2004-03-10,1,1147.4379943847657,1137.6932006835937
2004-03-11,1,1144.8889953613282,1137.6392016601562
2004-03-12,1,1143.311993408203,1137.8578002929687
2004-03-15,1,1141.2459899902344,1137.70919921875
2004-03-16,1,1138.9314880371094,1137.7535986328126
2004-03-17,0,1137.5279907226563,1137.78419921875
2004-03-18,0,1136.2909851074219,1137.757197265625
2004-03-19,0,1134.5744873046874,1137.4261987304687
2004-03-22,0,1132.294989013672,1136.6957983398438
2004-03-23,0,1130.03798828125,1136.13759765625
2004-03-24,0,1127.4209838867187,1135.4195971679687
2004-03-25,0,1125.6349792480469,1135.1789965820312
2004-03-26,0,1123.7909851074219,1134.7297973632812
2004-03-29,0,1122.115985107422,1134.5381958007813
2004-03-30,0,1121.010986328125,1134.2815966796875
2004-03-31,0,1119.7699829101562,1134.0303955078125
2004-04-01,0,1118.6349853515626,1133.721396484375
2004-04-02,0,1117.8824890136718,1133.678798828125
2004-04-05,0,1118.0509887695312,1133.8591967773436
2004-04-06,0,1118.4299926757812,1133.7149975585937
2004-04-07,0,1119.2619934082031,1133.6445971679686
2004-04-08,0,1120.8889892578125,1133.861396484375
2004-04-12,0,1122.1204895019532,1134.0831958007811
2004-04-13,0,1123.367987060547,1134.04939453125
2004-04-14,0,1124.2414916992188,1133.9075952148437
2004-04-15,0,1124.4959899902344,1133.7637939453125
2004-04-16,0,1125.1104919433594,1133.9255932617189
2004-04-19,0,1126.4124877929687,1134.0701928710937
2004-04-20,0,1127.5499877929688,1133.5779931640625
2004-04-21,0,1129.0569885253906,1133.2635913085937
2004-04-22,0,1131.486993408203,1133.1513916015624
2004-04-23,1,1133.0574951171875,1132.8081909179687
2004-04-26,1,1134.4309936523437,1132.476591796875
2004-04-27,1,1135.2129943847656,1132.3225903320313
2004-04-28,1,1134.98349609375,1131.6309912109375
2004-04-29,1,1134.367498779297,1130.872392578125
2004-04-30,1,1133.1239990234376,1130.0771923828124
2004-05-03,1,1131.9079956054688,1129.5447924804687
2004-05-04,1,1130.357000732422,1129.1159936523438
2004-05-05,1,1129.0255004882813,1128.764794921875
2004-05-06,0,1127.6984985351562,1128.1711938476562
2004-05-07,0,1125.667498779297,1127.2469921875
2004-05-10,0,1122.7635009765625,1126.0905932617188
2004-05-11,0,1121.0640014648438,1124.8801928710936
2004-05-12,0,1119.5195007324219,1123.8437939453124
2004-05-13,0,1117.8994995117187,1122.7519921875
2004-05-14,0,1115.9539978027344,1121.5685913085938
2004-05-17,0,1113.3679992675782,1120.1133911132813
2004-05-18,0,1112.0349975585937,1118.9991918945314
2004-05-19,0,1110.264501953125,1117.9611938476562
2004-05-20,0,1107.7274963378907,1117.2671923828125
2004-05-21,0,1105.3755004882812,1117.00279296875
2004-05-24,0,1103.3695007324218,1116.4995947265625
2004-05-25,0,1102.11650390625,1116.6707958984375
2004-05-26,0,1101.7429992675782,1116.755595703125
2004-05-27,0,1102.1125,1116.7061962890625
2004-05-28,0,1102.7815002441407,1116.6733984375
2004-06-01,0,1102.9669982910157,1116.901796875
2004-06-02,0,1103.238995361328,1117.4935961914061
2004-06-03,0,1102.9944946289063,1117.9473974609375
2004-06-04,0,1103.4199951171875,1118.5707983398438
2004-06-07,0,1105.5059997558594,1119.195400390625
2004-06-08,0,1108.2590026855469,1119.8778002929687
2004-06-09,0,1110.0530029296874,1120.055
2004-06-10,0,1112.0125,1120.2443994140624
2004-06-14,0,1113.4550048828125,1120.2260009765625
2004-06-15,0,1115.2705078125,1120.2228002929687
2004-06-16,0,1117.7435119628906,1120.0578002929688
2004-06-17,1,1119.7715148925781,1119.68740234375
2004-06-18,1,1122.0885131835937,1119.4246020507812
2004-06-21,1,1124.1440185546876,1119.2200024414062
2004-06-22,1,1126.1865173339843,1119.1218041992188
2004-06-23,1,1128.6190185546875,1119.0990063476563
2004-06-24,1,1129.9990173339843,1119.3232080078126
2004-06-25,1,1130.9735229492187,1119.448408203125
2004-06-28,1,1131.5770202636718,1119.5386083984374
2004-06-29,1,1132.3530151367188,1119.5704077148437
2004-06-30,1,1133.3350158691405,1119.6708081054687
2004-07-01,1,1133.5325134277343,1119.8866064453125
2004-07-02,1,1133.9695129394531,1119.9124072265624
2004-07-06,1,1133.655010986328,1119.4380053710938
2004-07-07,1,1132.5505065917969,1118.9926049804687
2004-07-08,1,1130.8970031738281,1118.4642041015625
2004-07-09,1,1129.9710083007812,1117.9582055664061
2004-07-12,1,1128.865008544922,1117.7970043945313
2004-07-13,1,1128.3575073242187,1117.8220043945312
2004-07-14,1,1127.3305053710938,1117.9054028320313
2004-07-15,1,1125.9869995117188,1117.6894018554688
2004-07-16,1,1124.4539978027344,1117.326201171875
2004-07-19,1,1122.747998046875,1116.9136010742188
2004-07-20,1,1121.6664978027343,1116.8072021484375
2004-07-21,1,1119.6399963378906,1116.7108032226563
2004-07-22,1,1117.2789916992188,1116.9052026367187
2004-07-23,0,1114.5564880371094,1116.7202026367188
2004-07-26,0,1112.0384826660156,1116.4560009765626
2004-07-27,0,1110.112481689453,1116.4238012695312
2004-07-28,0,1108.073486328125,1116.418203125
2004-07-29,0,1106.0529907226562,1116.7448046875
2004-07-30,0,1104.6919921875,1116.949404296875
2004-08-02,0,1103.7539916992187,1117.308203125
2004-08-03,0,1102.9279907226562,1117.518203125
2004-08-04,0,1101.9429931640625,1117.6196020507812
2004-08-05,0,1100.5224914550781,1117.325400390625
2004-08-06,0,1098.0804870605468,1116.343798828125
2004-08-09,0,1095.6239868164062,1115.3493994140624
2004-08-10,0,1093.8189880371094,1114.504599609375
2004-08-11,0,1092.0349914550782,1113.6067993164063
2004-08-12,0,1089.861993408203,1112.4473999023437
2004-08-13,0,1088.0324951171874,1111.2436010742188
2004-08-16,0,1086.9544921875,1110.4976000976562
2004-08-17,0,1085.6064880371093,1109.6817993164063
2004-08-18,0,1085.6709899902344,1108.7767993164061
2004-08-19,0,1085.3904907226563,1107.7577978515626
2004-08-20,0,1085.9979919433595,1107.0981982421874
2004-08-23,0,1086.5784973144532,1106.2823999023437
2004-08-24,0,1086.6464965820312,1105.7003979492188
2004-08-25,0,1087.1234924316407,1105.1593969726562
2004-08-26,0,1087.3564880371093,1104.5899951171875
2004-08-27,0,1087.6589904785155,1104.10439453125
2004-08-30,0,1087.2854919433594,1103.3869946289062
2004-08-31,0,1087.5129943847655,1102.8657934570313
2004-09-01,0,1087.8769958496093,1102.2957934570313
2004-09-02,0,1089.757501220703,1101.7807934570312
2004-09-03,0,1092.2405029296874,1101.2403930664063
2004-09-07,0,1095.0445068359375,1100.97779296875
2004-09-08,0,1096.906005859375,1100.6361938476562
2004-09-09,0,1099.0355041503906,1100.279794921875
2004-09-10,1,1102.0700073242188,1099.941396484375
2004-09-13,1,1105.1210021972656,1099.8789965820313
2004-09-14,1,1107.5705017089845,1099.9379956054688
2004-09-15,1,1109.5035034179687,1100.0211962890626
2004-09-16,1,1110.9200012207032,1100.1245971679687
2004-09-17,1,1112.7860046386718,1100.5133984375
2004-09-20,1,1113.9785034179688,1100.7011962890624
2004-09-21,1,1115.6595031738282,1101.0001977539061
2004-09-22,1,1116.528009033203,1100.9685986328125
2004-09-23,1,1116.6980102539062,1100.9063989257813
2004-09-24,1,1116.9490112304688,1100.9747998046876
2004-09-27,1,1116.7365112304688,1101.0173999023436
2004-09-28,1,1117.2820129394531,1101.2006005859375
2004-09-29,1,1117.8100158691407,1101.3232006835938
2004-09-30,1,1118.2435119628906,1101.7371997070313
2004-10-01,1,1118.903009033203,1102.430400390625
2004-10-04,1,1119.9800109863281,1103.4098022460937
2004-10-05,1,1120.6390075683594,1104.4180029296874
2004-10-06,1,1121.9280090332031,1105.3624047851563
2004-10-07,1,1122.5415100097657,1106.0670043945313
2004-10-08,1,1122.4525085449218,1106.5012036132812
2004-10-11,1,1122.3810119628906,1106.9546044921874
2004-10-12,1,1122.0565124511718,1107.25900390625
2004-10-13,1,1121.7205139160155,1107.5382055664063
2004-10-14,1,1120.7100158691405,1107.63140625
2004-10-15,1,1119.6925109863282,1108.18140625
2004-10-18,1,1119.283514404297,1109.1824072265624
2004-10-19,1,1117.9800109863281,1109.942607421875
2004-10-20,1,1117.485009765625,1110.4350073242188
2004-10-21,1,1117.3915100097656,1111.0490063476564
2004-10-22,1,1116.6730102539063,1111.6992065429688
2004-10-25,1,1116.23701171875,1112.2992065429687
2004-10-26,1,1116.288507080078,1112.9342065429687
2004-10-27,1,1116.818505859375,1113.8080078125
2004-10-28,1,1117.4615051269532,1114.4534057617188
2004-10-29,1,1117.396502685547,1115.2328051757813
2004-11-01,1,1117.1635009765625,1115.876005859375
2004-11-02,1,1116.9675048828126,1116.5736059570313
2004-11-03,0,1117.025,1117.5138061523437
2004-11-04,0,1118.5760009765625,1118.6480078125
2004-11-05,1,1120.7775024414063,1119.869609375
2004-11-08,1,1122.8025024414062,1121.0120092773439
2004-11-09,1,1124.914501953125,1122.3106079101562
2004-11-10,1,1127.3775024414062,1123.4840087890625
2004-11-11,1,1130.8869995117188,1124.8354077148438
2004-11-12,1,1134.6855041503907,1126.152607421875
2004-11-15,1,1138.1750061035157,1127.5562084960939
2004-11-16,1,1141.785009765625,1128.63880859375
2004-11-17,1,1145.6990051269531,1129.95220703125
2004-11-18,1,1149.5520080566407,1131.2556079101562
2004-11-19,1,1153.2820068359374,1132.1840063476564
2004-11-22,1,1157.40400390625,1133.2124072265624
2004-11-23,1,1160.6965026855469,1134.1846069335938
2004-11-24,1,1163.514501953125,1135.4124072265624
2004-11-26,1,1166.2750061035156,1136.5954077148438
2004-11-29,1,1168.693505859375,1137.5958056640625
2004-11-30,1,1170.8590026855468,1138.6282055664062
2004-12-01,1,1173.8994995117187,1139.8696044921876
2004-12-02,1,1176.2559997558594,1141.4050024414062
2004-12-03,1,1177.7309997558593,1143.0612036132814
2004-12-06,1,1178.9349975585938,1144.66400390625
2004-12-07,1,1179.543994140625,1146.1350024414062
2004-12-08,1,1180.4804992675781,1147.5900024414063
2004-12-09,1,1181.7969970703125,1149.0788012695311
2004-12-10,1,1182.522998046875,1150.5472021484375
2004-12-13,1,1183.2484985351562,1151.8908032226564
2004-12-14,1,1184.2269958496095,1153.2550024414063
2004-12-15,1,1185.7414916992188,1154.6798022460937
2004-12-16,1,1186.8049926757812,1155.9030004882814
2004-12-17,1,1187.3374877929687,1157.1739990234375
2004-12-20,1,1188.5529907226562,1158.62419921875
2004-12-21,1,1189.9634887695313,1160.2453979492188
2004-12-22,1,1191.594989013672,1161.9999975585938
2004-12-23,1,1193.0134887695312,1163.9295971679687
2004-12-27,1,1194.1269897460938,1165.962197265625
2004-12-28,1,1195.8754943847657,1168.0689990234375
2004-12-29,1,1197.8569946289062,1170.05759765625
2004-12-30,1,1198.965997314453,1172.2639990234375
2004-12-31,1,1200.0455017089844,1174.42919921875
2005-01-03,1,1200.590997314453,1176.3409985351564
2005-01-04,1,1200.4809997558593,1178.1871997070311
2005-01-05,1,1200.814501953125,1179.9659985351564
2005-01-06,1,1201.0684997558594,1181.5019995117189
2005-01-07,1,1200.915997314453,1182.7177978515624
2005-01-10,1,1201.028497314453,1183.9739990234375
2005-01-11,1,1200.243994140625,1185.0297998046874
2005-01-12,1,1199.4599914550781,1186.1735986328124
2005-01-13,1,1198.0464904785156,1187.111396484375
2005-01-14,1,1197.111993408203,1187.9377978515624
2005-01-18,1,1197.200994873047,1188.6239965820312
2005-01-19,1,1196.6999938964843,1188.9931958007812
2005-01-20,1,1195.197998046875,1189.2035961914062
2005-01-21,1,1193.1130004882812,1189.2793969726563
2005-01-24,1,1190.7940002441405,1189.2961962890624
2005-01-25,0,1188.9684997558593,1189.1947973632812
2005-01-26,0,1186.9949951171875,1188.9927954101563
2005-01-27,0,1185.05,1188.8075952148438
2005-01-28,0,1182.940496826172,1188.7261938476563
2005-01-31,0,1181.4079956054688,1188.7127954101563
2005-02-01,0,1180.7744995117187,1188.8299951171875
2005-02-02,0,1181.031494140625,1189.2869946289063
2005-02-03,0,1181.3389953613282,1189.5399951171876
2005-02-04,0,1182.09599609375,1190.061796875
2005-02-07,0,1182.8724975585938,1190.46099609375
2005-02-08,0,1183.475,1190.8539965820312
2005-02-09,0,1183.925,1191.1223974609375
2005-02-10,0,1184.3905029296875,1191.5861987304688
2005-02-11,0,1185.7830078125,1191.8647998046874
2005-02-14,0,1186.8640075683593,1192.1810009765625
2005-02-15,0,1187.5710083007812,1192.56
2005-02-16,0,1188.8565063476562,1192.9617993164063
2005-02-17,0,1190.1235046386719,1193.435400390625
2005-02-18,0,1191.809503173828,1193.8109985351562
2005-02-22,0,1192.8300048828125,1193.7093994140625
2005-02-23,1,1193.9495056152343,1193.765400390625
2005-02-24,1,1195.256005859375,1193.7957983398437
2005-02-25,1,1197.0970031738282,1193.9555981445312
2005-02-28,1,1198.709002685547,1193.9131982421875
2005-03-01,1,1200.1660034179688,1194.0571997070313
2005-03-02,1,1201.1994995117188,1194.3747998046874
2005-03-03,1,1202.0635009765624,1194.6911987304688
2005-03-04,1,1203.675,1195.024599609375
2005-03-07,1,1204.7890014648438,1195.3394018554689
2005-03-08,1,1205.6745056152345,1195.5254028320312
2005-03-09,1,1205.9100036621094,1195.5672021484374
2005-03-10,1,1206.7730041503905,1195.4814013671876
2005-03-11,1,1206.9265014648438,1195.2140014648437
2005-03-14,1,1207.002996826172,1195.079599609375
2005-03-15,1,1206.58349609375,1194.7961987304689
2005-03-16,1,1205.4809936523438,1194.5159985351563
2005-03-17,1,1204.4744934082032,1194.5591967773437
2005-03-18,1,1203.9194946289062,1194.6773974609375
2005-03-21,1,1203.0289978027345,1194.5951977539062
2005-03-22,1,1202.406494140625,1194.3055981445314
2005-03-23,1,1201.4929931640625,1193.9511987304688
2005-03-24,1,1200.0539978027343,1193.7197998046875
2005-03-28,1,1198.1994995117188,1193.4514013671876
2005-03-29,1,1196.2875,1193.2096020507813
2005-03-30,1,1194.8375,1193.14740234375
2005-03-31,1,1193.3630004882812,1192.8396020507812
2005-04-01,0,1191.4855041503906,1192.6054028320314
2005-04-04,0,1189.1855041503907,1192.6196020507812
2005-04-05,0,1186.989501953125,1192.8900024414063
2005-04-06,0,1185.2214965820312,1193.2964013671874
2005-04-07,0,1184.427996826172,1193.7510009765624
2005-04-08,0,1183.0254943847656,1193.8936010742189
2005-04-11,0,1182.0819946289062,1194.0267993164061
2005-04-12,0,1181.1284973144532,1194.3547998046874
2005-04-13,0,1179.9304992675782,1194.2052001953125
2005-04-14,0,1178.6295043945313,1193.6580004882812
2005-04-15,0,1176.2500061035157,1192.6466015625
2005-04-18,0,1174.06650390625,1191.7684008789063
2005-04-19,0,1172.51650390625,1190.7634008789062
2005-04-20,0,1170.806005859375,1189.4790014648438
2005-04-21,0,1170.177001953125,1188.6319995117187
2005-04-22,0,1169.2119995117187,1187.834599609375
2005-04-25,0,1168.6029968261719,1187.1363989257814
2005-04-26,0,1167.926495361328,1186.0669970703125
2005-04-27,0,1166.6749938964845,1185.071796875
2005-04-28,0,1164.806494140625,1183.7337963867187
2005-04-29,0,1164.0029907226562,1182.6639965820314
2005-05-02,0,1163.3049926757812,1181.892197265625
2005-05-03,0,1162.293994140625,1181.083798828125
2005-05-04,0,1161.872998046875,1180.9135986328124
2005-05-05,0,1160.9474975585938,1180.5501977539063
2005-05-06,0,1160.4549987792968,1179.9731982421874
2005-05-09,0,1160.3364990234375,1179.32259765625
2005-05-10,0,1159.2594970703126,1178.5749975585939
2005-05-11,0,1159.1254943847657,1177.7889965820314
2005-05-12,0,1158.9909912109374,1176.7745971679688
2005-05-13,0,1159.5624938964843,1175.6461987304688
2005-05-16,0,1160.5479919433594,1174.51759765625
2005-05-17,0,1161.5989929199218,1173.4873974609375
2005-05-18,0,1164.0019958496093,1172.8099975585938
2005-05-19,0,1165.55849609375,1172.491396484375
2005-05-20,0,1167.4164978027343,1172.0919970703126
2005-05-23,0,1169.0044982910156,1171.96759765625
2005-05-24,0,1171.1164978027343,1171.7123974609376
2005-05-25,1,1172.797998046875,1171.55759765625
2005-05-26,1,1175.517999267578,1171.7485986328124
2005-05-27,1,1177.614501953125,1171.92
2005-05-31,1,1179.0815002441407,1171.9569995117188
2005-06-01,1,1181.1339965820312,1172.3257983398437
2005-06-02,1,1182.5659973144532,1172.9773999023437
2005-06-03,1,1183.735498046875,1173.4471997070314
2005-06-06,1,1185.0434997558593,1173.9689990234374
2005-06-07,1,1185.964501953125,1174.4285986328125
2005-06-08,1,1187.3870056152343,1175.0147998046875
2005-06-09,1,1188.8780090332032,1175.4052001953125
2005-06-10,1,1190.8155090332032,1175.7556005859376
2005-06-13,1,1193.15400390625,1176.3135986328125
2005-06-14,1,1195.065008544922,1176.8693994140624
2005-06-15,1,1196.70400390625,1177.3731982421875
2005-06-16,1,1197.9739990234375,1177.9109985351563
2005-06-17,1,1199.267999267578,1178.4273974609375
2005-06-20,1,1200.6089965820313,1179.1253979492187
2005-06-21,1,1201.5964965820312,1179.7733984375
2005-06-22,1,1202.5869995117187,1180.2957983398437
2005-06-23,1,1203.122998046875,1180.8345971679687
2005-06-24,1,1202.8204956054688,1181.4249951171876
2005-06-27,1,1202.4159912109376,1182.3863940429687
2005-06-28,1,1202.9194885253905,1183.498193359375
2005-06-29,1,1202.8009887695312,1184.4395922851563
2005-06-30,1,1202.1529846191406,1185.51619140625
2005-07-01,1,1202.0739807128907,1186.2059912109376
2005-07-05,1,1202.447979736328,1187.2633911132812
2005-07-06,1,1202.3319763183595,1187.9201904296874
2005-07-07,1,1202.4919738769531,1188.8409912109375
2005-07-08,1,1203.0384704589844,1189.9505908203125
2005-07-11,1,1204.1049682617188,1191.474990234375
2005-07-12,1,1205.1744689941406,1192.7821899414062
2005-07-13,1,1206.1434692382813,1194.0047900390625
2005-07-14,1,1207.139471435547,1195.3113891601563
2005-07-15,1,1207.9874755859375,1196.3567895507813
2005-07-18,1,1208.195977783203,1197.3267895507813
2005-07-19,1,1208.8584777832032,1198.4867895507812
2005-07-20,1,1209.9379760742188,1199.6139892578126
2005-07-21,1,1210.5959777832031,1200.830390625
2005-07-22,1,1212.2434814453125,1202.0817919921874
2005-07-25,1,1214.1164855957031,1203.4751928710937
2005-07-26,1,1216.139990234375,1205.017392578125
2005-07-27,1,1217.9009948730468,1206.43939453125
2005-07-28,1,1220.0944946289062,1207.83779296875
2005-07-29,1,1222.2369995117188,1208.8101928710937
2005-08-01,1,1224.2825012207031,1209.6955932617188
2005-08-02,1,1226.2390014648438,1210.792392578125
2005-08-03,1,1228.7440063476563,1211.8159936523436
2005-08-04,1,1230.643505859375,1212.6517944335938
2005-08-05,1,1231.3715087890625,1213.3799951171875
2005-08-08,1,1231.5560119628906,1213.8901953125
2005-08-09,1,1232.0145141601563,1214.5421948242188
2005-08-10,1,1232.3065124511718,1215.294794921875
2005-08-11,1,1232.8720153808595,1216.0065966796874
2005-08-12,1,1232.9955139160156,1216.5285961914062
2005-08-15,1,1233.6325134277345,1217.285595703125
2005-08-16,1,1233.132012939453,1217.7221948242188
2005-08-17,1,1232.384014892578,1218.1817944335937
2005-08-18,1,1231.9830139160156,1218.6687939453125
2005-08-19,1,1231.2845092773437,1219.0443920898438
2005-08-22,1,1230.9195068359375,1219.5167919921876
2005-08-23,1,1230.2410034179688,1219.8521923828125
2005-08-24,1,1228.8809997558594,1219.965791015625
2005-08-25,1,1227.3135009765624,1220.081591796875
2005-08-26,1,1225.8594970703125,1219.9643920898438
2005-08-29,1,1224.7059997558595,1219.8707934570311
2005-08-30,1,1222.9205017089844,1219.7169946289061
2005-08-31,1,1221.6849975585938,1219.8513940429686
2005-09-01,1,1220.9714965820312,1220.0055932617188
2005-09-02,1,1220.551495361328,1220.3513940429686
2005-09-06,0,1221.0644958496093,1221.1877954101562
2005-09-07,0,1221.313494873047,1222.1011962890625
2005-09-08,0,1221.440496826172,1222.7031982421875
2005-09-09,0,1221.6239929199219,1223.5357983398437
2005-09-12,0,1222.1324951171875,1224.520400390625
2005-09-13,0,1221.9989929199219,1225.2556005859376
2005-09-14,0,1222.3899963378906,1225.6990014648438
2005-09-15,0,1222.7644958496094,1226.3548022460936
2005-09-16,0,1223.7089965820312,1227.1556030273437
2005-09-19,0,1224.2744995117187,1227.5388037109376
2005-09-20,0,1224.2549987792968,1227.5768041992187
2005-09-21,0,1223.885498046875,1227.3366040039064
2005-09-22,0,1224.1369995117188,1227.163203125
2005-09-23,0,1224.2830017089843,1226.93900390625
2005-09-26,0,1224.809503173828,1226.693203125
2005-09-27,0,1224.9785034179688,1226.5838037109374
2005-09-28,0,1225.4025024414063,1226.3346044921875
2005-09-29,0,1225.7700073242188,1226.1842065429687
2005-09-30,0,1226.1310119628906,1226.2196069335937
2005-10-03,1,1226.565008544922,1226.0800048828125
2005-10-04,0,1225.6190063476563,1225.7888037109376
2005-10-05,0,1223.6205078125,1225.0934033203125
2005-10-06,0,1221.611505126953,1224.18740234375
2005-10-07,0,1219.3325073242188,1223.2310034179689
2005-10-10,0,1216.6710021972656,1222.2940014648439
2005-10-11,0,1214.3545043945312,1221.2844018554688
2005-10-12,0,1211.8805053710937,1219.9556030273438
2005-10-13,0,1209.336004638672,1218.5916015625
2005-10-14,0,1206.7690002441407,1217.60580078125
2005-10-17,0,1204.722998046875,1216.8793994140624
2005-10-18,0,1202.5630004882812,1215.979599609375
2005-10-19,0,1201.8410034179688,1215.2671997070313
2005-10-20,0,1200.0000061035157,1214.2406005859375
2005-10-21,0,1198.2150024414063,1213.0761987304688
2005-10-24,0,1197.4025024414063,1212.4559985351561
2005-10-25,0,1196.4465026855469,1211.7093994140625
2005-10-26,0,1195.1710021972656,1211.1502001953124
2005-10-27,0,1192.732000732422,1210.3234008789063
2005-10-28,0,1191.2119995117187,1209.911201171875
2005-10-31,0,1190.2275024414062,1209.6572021484376
2005-11-01,0,1189.6420043945313,1209.277802734375
2005-11-02,0,1190.5605041503907,1209.2212036132812
2005-11-03,0,1191.9830017089844,1209.428203125
2005-11-04,0,1193.195001220703,1209.583603515625
2005-11-07,0,1194.9690063476562,1209.9378051757812
2005-11-08,0,1196.6550048828126,1210.06400390625
2005-11-09,0,1198.8035034179688,1210.3088037109376
2005-11-10,0,1201.509503173828,1210.5214038085937
2005-11-11,0,1203.9170043945312,1210.78400390625
2005-11-14,0,1206.1000061035156,1211.0988037109375
2005-11-15,0,1208.643505859375,1211.0112036132812
2005-11-16,0,1210.4160034179688,1210.908203125
2005-11-17,1,1213.6660034179688,1211.1308032226561
2005-11-18,1,1217.1000061035156,1211.2666040039062
2005-11-21,1,1219.8735046386719,1211.55240234375
2005-11-22,1,1223.1080017089844,1212.1530029296875
2005-11-23,1,1226.8195007324218,1212.922001953125
2005-11-25,1,1231.2869995117187,1213.73240234375
2005-11-28,1,1234.2394958496093,1214.1234008789063
2005-11-29,1,1236.7629943847655,1214.6526000976562
2005-11-30,1,1239.0989929199218,1215.215400390625
2005-12-01,1,1241.5944946289062,1216.3048022460937
2005-12-02,1,1243.851495361328,1217.3140014648438
2005-12-05,1,1245.948992919922,1218.25
2005-12-06,1,1247.9934875488282,1219.2113989257812
2005-12-07,1,1249.9324890136718,1220.0455981445311
2005-12-08,1,1251.6919860839844,1220.8245971679687
2005-12-09,1,1253.1124877929688,1221.4583959960937
2005-12-12,1,1254.3979919433593,1222.0907958984376
2005-12-13,1,1256.081494140625,1222.9053979492187
2005-12-14,1,1258.2679931640625,1224.0707983398438
2005-12-15,1,1260.2544921875,1225.561796875
2005-12-16,1,1261.480487060547,1227.0783959960938
2005-12-19,1,1262.06298828125,1228.3587963867187
2005-12-20,1,1262.3014892578126,1229.8045971679687
2005-12-21,1,1262.3794921875,1231.362998046875
2005-12-22,1,1262.5049926757813,1233.171796875
2005-12-23,1,1262.5254943847656,1235.0081982421875
2005-12-27,1,1262.4794982910157,1236.4076000976563
2005-12-28,1,1262.5140014648437,1237.7690014648438
2005-12-29,1,1262.761004638672,1239.2946020507814
2005-12-30,1,1261.9420043945313,1240.3452026367188
2006-01-03,1,1262.1280090332032,1242.1652026367187
2006-01-04,1,1262.6965087890626,1244.0426025390625
2006-01-05,1,1263.1855102539062,1245.5246020507811
2006-01-06,1,1264.5895080566406,1247.3028002929686
2006-01-09,1,1266.3050109863282,1249.2782006835937
2006-01-10,1,1267.8210083007812,1251.4939990234375
2006-01-11,1,1269.5085083007812,1253.4093994140626
2006-01-12,1,1270.440008544922,1254.990400390625
2006-01-13,1,1271.1835083007813,1256.6873999023437
2006-01-17,1,1271.7830139160155,1258.05080078125
2006-01-18,1,1272.3135192871093,1259.2106030273437
2006-01-19,1,1273.5695190429688,1260.508603515625
2006-01-20,1,1273.663018798828,1261.2822021484376
2006-01-23,1,1273.7145141601563,1262.1868017578124
2006-01-24,1,1273.651513671875,1263.1110009765625
2006-01-25,1,1273.4525146484375,1263.7854028320312
2006-01-26,1,1274.3170104980468,1264.5676025390626
2006-01-27,1,1275.5945068359374,1265.5668017578125
2006-01-30,1,1277.1330017089845,1266.690400390625
2006-01-31,1,1278.7224975585937,1267.6678002929686
2006-02-01,1,1279.4054931640626,1268.4609985351562
2006-02-02,1,1279.2744934082032,1268.9123974609374
2006-02-03,1,1278.8019958496093,1269.0959985351562
2006-02-06,1,1277.780499267578,1269.1717993164064
2006-02-07,1,1276.0119995117188,1268.9552001953125
2006-02-08,1,1274.8100036621095,1268.9032006835937
2006-02-09,1,1273.2900024414062,1269.0296020507812
2006-02-10,1,1272.3364990234375,1269.2198022460936
2006-02-13,1,1271.0989990234375,1269.48740234375
2006-02-14,1,1270.7289978027343,1269.7046020507812
2006-02-15,1,1270.8324951171876,1270.0030029296875
2006-02-16,1,1271.049493408203,1270.5488037109376
2006-02-17,1,1272.3369934082032,1271.0196044921875
2006-02-21,1,1273.2974975585937,1271.5328051757813
2006-02-22,1,1274.5880004882813,1272.2694067382813
2006-02-23,1,1275.7434997558594,1272.8378076171875
2006-02-24,1,1276.523504638672,1273.4178076171875
2006-02-27,1,1277.043505859375,1273.9516064453126
2006-02-28,1,1276.8170104980468,1274.1100073242187
2006-03-01,1,1277.3750122070312,1274.5160083007813
2006-03-02,1,1277.7090148925781,1274.9524096679688
2006-03-03,1,1278.528515625,1275.4986083984375
2006-03-06,1,1279.2400146484374,1275.8714086914063
2006-03-07,1,1279.7830139160155,1276.1332080078125
2006-03-08,1,1280.967510986328,1276.3402075195313
2006-03-09,1,1281.2965087890625,1276.4116064453126
2006-03-10,1,1282.1785095214843,1276.9092065429688
2006-03-13,1,1283.0355102539063,1277.4284057617188
2006-03-14,1,1284.7665100097656,1278.2896044921874
2006-03-15,1,1286.1410095214844,1279.3842041015625
2006-03-16,1,1287.4075073242188,1280.1148022460939
2006-03-17,1,1288.301007080078,1280.7906030273436
2006-03-20,1,1289.1930053710937,1281.4226025390626
2006-03-21,1,1289.9030029296875,1281.658203125
2006-03-22,1,1290.521502685547,1281.9560034179688
2006-03-23,1,1291.2155029296875,1282.19560546875
2006-03-24,1,1291.8914978027344,1282.3710034179687
2006-03-27,1,1292.2659973144532,1282.682001953125
2006-03-28,1,1292.8944946289062,1282.7944018554688
2006-03-29,1,1293.4769958496095,1283.1936010742188
2006-03-30,1,1294.0324951171874,1283.64
2006-03-31,1,1294.4144958496095,1283.8365991210937
2006-04-03,1,1295.3919982910156,1284.5630004882812
2006-04-04,1,1296.8945007324219,1285.4052026367187
2006-04-05,1,1298.549005126953,1286.2992041015625
2006-04-06,1,1300.3895080566406,1287.1864038085937
2006-04-07,1,1301.093505859375,1287.6198046875
2006-04-10,1,1301.7180053710938,1287.8778051757813
2006-04-11,1,1301.1725036621094,1287.9054052734375
2006-04-12,1,1300.4275024414062,1288.0662060546874
2006-04-13,1,1299.6170043945312,1288.1994067382811
2006-04-17,1,1298.5210021972657,1288.4892065429688
2006-04-18,1,1298.631005859375,1289.3542065429688
2006-04-19,1,1299.2660095214844,1290.2524072265626
2006-04-20,1,1299.5870056152344,1291.386005859375
2006-04-21,1,1300.0675048828125,1292.2986059570312
2006-04-24,1,1300.325506591797,1293.185205078125
2006-04-25,1,1300.3320068359376,1293.880205078125
2006-04-26,1,1300.9410095214844,1294.7312060546874
2006-04-27,1,1301.2825073242188,1295.4150048828126
2006-04-28,1,1301.8005065917969,1296.0272045898437
2006-05-01,1,1302.31650390625,1296.3434033203125
2006-05-02,1,1303.0864990234375,1296.862802734375
2006-05-03,1,1303.19599609375,1297.3646020507813
2006-05-04,1,1303.2304931640624,1297.756201171875
2006-05-05,1,1304.0664916992187,1298.5156005859376
2006-05-08,1,1305.5244934082032,1299.2202001953126
2006-05-09,1,1306.9504943847655,1299.8406005859374
2006-05-10,1,1308.7644958496094,1300.6843994140625
2006-05-11,1,1309.6544982910157,1300.9780004882812
2006-05-12,1,1309.760498046875,1301.02
2006-05-15,1,1310.2190002441407,1301.165400390625
2006-05-16,1,1309.4589965820312,1301.4417993164063
2006-05-17,1,1307.4784912109376,1301.3305981445312
2006-05-18,1,1304.99599609375,1300.9973999023437
2006-05-19,1,1302.78349609375,1300.8934008789063
2006-05-22,0,1300.481494140625,1300.5063989257812
2006-05-23,0,1298.2234924316406,1299.9553979492186
2006-05-24,0,1295.8814880371094,1299.177197265625
2006-05-25,0,1294.0394897460938,1298.5743969726564
2006-05-26,0,1292.5169921875,1298.0709985351561
2006-05-30,0,1290.250994873047,1297.1233984375
2006-05-31,0,1288.0949951171874,1296.4235986328124
2006-06-01,0,1286.9744934082032,1296.1931982421875
2006-06-02,0,1285.7729919433593,1295.856796875
2006-06-05,0,1282.749493408203,1295.1291967773439
2006-06-06,0,1279.7089904785157,1294.347197265625
2006-06-07,0,1276.2594909667969,1293.437998046875
2006-06-08,0,1273.013494873047,1292.7319995117186
2006-06-09,0,1270.3324951171876,1291.7202001953126
2006-06-12,0,1267.6424926757813,1290.4639990234375
2006-06-13,0,1264.1019897460938,1289.0403979492187
2006-06-14,0,1260.9999938964843,1287.6849975585938
2006-06-15,0,1260.2919982910157,1286.6895971679687
2006-06-16,0,1259.778497314453,1285.4891967773438
2006-06-19,0,1258.43349609375,1284.11099609375
2006-06-20,0,1257.3359985351562,1283.0033959960938
2006-06-21,0,1257.1169982910155,1282.1149951171874
2006-06-22,0,1256.4684997558593,1281.295595703125
2006-06-23,0,1255.0494995117188,1280.4231958007813
2006-06-26,0,1253.5695007324218,1279.6519970703125
2006-06-27,0,1252.5359985351563,1278.7293969726563
2006-06-28,0,1251.3315002441407,1277.5037963867187
2006-06-29,0,1250.689501953125,1276.7625952148437
2006-06-30,0,1249.7885009765625,1275.9373950195313
2006-07-03,0,1250.53349609375,1275.3155932617187
2006-07-05,0,1250.8864990234374,1274.5715942382812
2006-07-06,0,1251.7829956054688,1274.0183935546875
2006-07-07,0,1252.1604919433594,1273.2197924804686
2006-07-10,0,1252.9124877929687,1272.3721923828125
2006-07-11,0,1254.6619934082032,1271.60859375
2006-07-12,0,1256.4074951171874,1270.6767944335938
2006-07-13,0,1257.0194946289062,1269.2581958007813
2006-07-14,0,1256.0214904785157,1267.819794921875
2006-07-17,0,1255.1689880371093,1266.2645947265626
2006-07-18,0,1255.0054870605468,1264.4865942382812
2006-07-19,0,1255.989990234375,1263.1895947265625
2006-07-20,0,1255.836492919922,1261.66939453125
2006-07-21,0,1255.57099609375,1260.0181958007813
2006-07-24,0,1256.3914978027344,1259.1179956054686
2006-07-25,0,1257.3074951171875,1258.6707958984375
2006-07-26,1,1258.7674987792968,1258.1487963867187
2006-07-27,1,1259.6274963378905,1257.5711962890625
2006-07-28,1,1259.9114990234375,1257.7357983398438
2006-07-31,1,1260.2345031738282,1258.0327978515625
2006-08-01,1,1259.7710083007812,1258.1105981445312
2006-08-02,1,1260.0960083007812,1258.4173999023437
2006-08-03,1,1260.4055114746093,1258.891201171875
2006-08-04,1,1261.09951171875,1259.307001953125
2006-08-07,1,1261.521014404297,1259.3648022460939
2006-08-08,1,1261.4735107421875,1259.191201171875
2006-08-09,1,1261.8410095214845,1259.3128002929689
2006-08-10,1,1263.3175109863282,1259.3472021484374
2006-08-11,1,1264.8445129394531,1258.967802734375
2006-08-14,1,1266.5305114746093,1258.5676025390626
2006-08-15,1,1268.9665100097657,1258.9734008789062
2006-08-16,1,1270.747509765625,1259.6050024414062
2006-08-17,1,1273.1650085449219,1260.4316015625
2006-08-18,1,1276.2655090332032,1261.3190014648437
2006-08-21,1,1278.0960083007812,1262.2234008789062
2006-08-22,1,1279.5930053710938,1263.4510009765625
2006-08-23,1,1280.8225036621093,1264.837001953125
2006-08-24,1,1282.465509033203,1266.15740234375
2006-08-25,1,1283.2925048828124,1266.9360009765626
2006-08-28,1,1284.5485046386718,1267.94080078125
2006-08-29,1,1286.21650390625,1269.2238012695314
2006-08-30,1,1287.614501953125,1270.5288012695312
2006-08-31,1,1288.7919982910157,1271.561201171875
2006-09-01,1,1290.3744995117188,1272.8694018554688
2006-09-05,1,1292.2484985351562,1274.2444018554688
2006-09-06,1,1293.6875,1275.2384008789063
2006-09-07,1,1295.0910034179688,1276.3348022460937
2006-09-08,1,1296.4465026855469,1277.393203125
2006-09-11,1,1298.0865051269532,1277.9266040039063
2006-09-12,1,1300.3260070800782,1278.7826049804687
2006-09-13,1,1301.950506591797,1279.540205078125
2006-09-14,1,1302.9930053710937,1280.4476049804687
2006-09-15,1,1304.1020080566407,1281.3592065429686
2006-09-18,1,1305.0460083007813,1282.4732080078124
2006-09-19,1,1306.0520080566407,1283.479208984375
2006-09-20,1,1307.3700134277344,1284.534208984375
2006-09-21,1,1308.6220153808595,1285.7228100585937
2006-09-22,1,1309.5580139160156,1287.1728100585938
2006-09-25,1,1311.1220153808595,1288.9762109375
2006-09-26,1,1312.8505126953125,1291.0134106445312
2006-09-27,1,1314.4660095214845,1293.0080102539061
2006-09-28,1,1316.1415100097656,1294.5894091796874
2006-09-29,1,1317.7430114746094,1296.32380859375
2006-10-02,1,1318.7585083007812,1298.1444067382813
2006-10-03,1,1319.8015075683593,1299.6084057617188
2006-10-04,1,1322.2985046386718,1301.2348046875
2006-10-05,1,1325.2585021972657,1302.9312036132812
2006-10-06,1,1327.7919982910157,1304.65900390625
2006-10-09,1,1330.347998046875,1306.1012036132813
2006-10-10,1,1332.3690002441406,1307.6364038085937
2006-10-11,1,1333.9630004882813,1309.217001953125
2006-10-12,1,1336.2904968261719,1310.925400390625
2006-10-13,1,1338.5884948730468,1312.6323999023436
2006-10-16,1,1340.9824951171875,1314.4264013671875
2006-10-17,1,1343.302996826172,1316.192001953125
2006-10-18,1,1345.3339965820312,1318.0784033203124
2006-10-19,1,1347.7804931640626,1320.098603515625
2006-10-20,1,1350.4714904785155,1322.0344018554688
2006-10-23,1,1353.0039916992187,1324.2400024414062
2006-10-24,1,1355.0554931640625,1326.4234033203124
2006-10-25,1,1357.3369934082032,1328.3562036132812
2006-10-26,1,1359.846990966797,1330.2292016601561
2006-10-27,1,1361.9214904785156,1331.8264013671876
2006-10-30,1,1364.2519958496093,1333.3390014648437
2006-10-31,1,1366.4434936523437,1334.9473999023437
2006-11-01,1,1367.3239990234374,1336.3272021484374
2006-11-02,1,1368.0299987792969,1337.8142016601562
2006-11-03,1,1368.7655029296875,1339.1790014648439
2006-11-06,1,1370.221502685547,1340.872802734375
2006-11-07,1,1371.6924987792968,1342.4940014648437
2006-11-08,1,1373.4809997558593,1344.1228002929688
2006-11-09,1,1374.2559997558594,1345.5819995117188
2006-11-10,1,1375.020001220703,1347.1236010742186
2006-11-13,1,1375.7880004882813,1348.5918017578124
2006-11-14,1,1377.2464965820313,1350.191201171875
2006-11-15,1,1378.7849914550782,1352.1173999023438
2006-11-16,1,1380.4249938964845,1354.2321997070312
2006-11-17,1,1382.0549926757812,1356.2777978515626
2006-11-20,1,1383.2289916992188,1358.2969970703125
2006-11-21,1,1384.5004943847657,1360.0931982421876
2006-11-22,1,1385.693994140625,1361.8535986328125
2006-11-24,1,1386.2874938964844,1363.5469970703125
2006-11-27,1,1386.5184936523438,1364.7929956054688
2006-11-28,1,1386.957989501953,1366.1037939453124
2006-11-29,1,1388.0349914550782,1367.7405932617187
2006-11-30,1,1389.6759887695312,1369.2495922851563
2006-12-01,1,1391.1444885253907,1370.8231909179688
2006-12-04,1,1393.3854858398438,1372.709990234375
2006-12-05,1,1395.1344848632812,1374.4777905273438
2006-12-06,1,1396.6374877929688,1376.0087915039062
2006-12-07,1,1397.7159912109375,1377.42279296875
2006-12-08,1,1399.2914916992188,1378.8419921875
2006-12-11,1,1400.8984924316405,1380.3857934570312
2006-12-12,1,1402.2554931640625,1381.990595703125
2006-12-13,1,1403.2549926757813,1383.5725952148437
2006-12-14,1,1404.700994873047,1385.0783959960938
2006-12-15,1,1406.0674926757813,1386.5557958984375
2006-12-18,1,1407.131494140625,1388.0135961914064
2006-12-19,1,1408.3839965820312,1389.511396484375
2006-12-20,1,1409.4199951171875,1390.9135961914062
2006-12-21,1,1410.030499267578,1392.2805981445313
2006-12-22,1,1410.5210021972657,1393.23919921875
2006-12-26,1,1412.2680053710938,1394.2647998046875
2006-12-27,1,1414.2740051269532,1395.4203979492188
2006-12-28,1,1415.5365051269532,1396.6339965820312
2006-12-29,1,1416.4200073242187,1397.6839965820313
2007-01-03,1,1417.4145080566407,1398.676796875
2007-01-04,1,1417.875506591797,1399.6715966796876
2007-01-05,1,1417.6230041503907,1400.3253955078126
2007-01-08,1,1417.6200012207032,1401.0345947265625
2007-01-09,1,1417.8609985351563,1401.6323950195313
2007-01-10,1,1418.1114990234375,1402.1477954101563
2007-01-11,1,1418.6504943847656,1403.0773950195312
2007-01-12,1,1419.6089904785156,1404.1333935546875
2007-01-16,1,1420.5434936523438,1405.2125952148438
2007-01-17,1,1420.7999938964845,1406.4687939453124
2007-01-18,1,1420.7639953613282,1407.64939453125
2007-01-19,1,1421.1649963378907,1408.9733935546874
2007-01-22,1,1421.0349914550782,1409.8367919921875
2007-01-23,1,1421.257989501953,1410.7397924804689
2007-01-24,1,1422.3494873046875,1411.8279931640625
2007-01-25,1,1423.0064880371094,1412.73939453125
2007-01-26,1,1423.270489501953,1413.5649951171874
2007-01-29,1,1422.959490966797,1414.288994140625
2007-01-30,1,1423.1639892578125,1415.0009936523438
2007-01-31,1,1424.160986328125,1415.83439453125
2007-02-01,1,1425.6279846191405,1416.7579931640626
2007-02-02,1,1427.1304870605468,1417.7017944335937
2007-02-05,1,1428.9944885253906,1418.6315942382812
2007-02-06,1,1430.752490234375,1419.5353930664062
2007-02-07,1,1432.6479919433593,1420.413994140625
2007-02-08,1,1434.32099609375,1421.3611962890625
2007-02-09,1,1435.0330017089843,1422.4831982421874
2007-02-12,1,1435.1650024414062,1423.4161987304688
2007-02-13,1,1435.7830017089843,1424.3117993164062
2007-02-14,1,1437.0170043945313,1425.4052001953125
2007-02-15,1,1438.5390075683595,1426.6072021484374
2007-02-16,1,1439.7910095214843,1427.5356030273438
2007-02-20,1,1441.6275146484375,1428.43400390625
2007-02-21,1,1443.1095153808594,1429.328603515625
2007-02-22,1,1443.9220153808594,1430.3104028320313
2007-02-23,1,1445.2865112304687,1431.13740234375
2007-02-26,1,1446.6460083007812,1431.8640014648438
2007-02-27,1,1445.5670104980468,1431.6136010742186
2007-02-28,1,1444.4670104980469,1431.48580078125
2007-03-01,1,1442.7135131835937,1431.0394018554687
2007-03-02,1,1439.7750183105468,1430.2410034179688
2007-03-05,1,1436.0615173339843,1429.2738037109375
2007-03-06,1,1433.48251953125,1428.6710034179687
2007-03-07,1,1430.6810180664063,1428.0398022460938
2007-03-08,1,1428.2745178222656,1427.7116015625
2007-03-09,0,1426.0010131835938,1427.5532006835938
2007-03-12,0,1424.4280090332031,1427.3471997070312
2007-03-13,0,1421.6570068359374,1426.3693994140624
2007-03-14,0,1418.802508544922,1425.6182006835938
2007-03-15,0,1415.6515075683594,1425.0978002929687
2007-03-16,0,1412.1585021972655,1424.5047998046875
2007-03-19,0,1409.4845031738282,1424.1792016601562
2007-03-20,0,1407.0474975585937,1424.2038012695311
2007-03-21,0,1405.9179992675781,1424.647802734375
2007-03-22,0,1404.8260009765625,1425.0964038085938
2007-03-23,0,1404.072003173828,1425.5216040039063
2007-03-26,0,1403.4785034179688,1425.795205078125
2007-03-27,0,1404.9570007324219,1425.7528051757813
2007-03-28,0,1405.4775024414062,1425.459404296875
2007-03-29,0,1406.4455017089845,1425.2976049804688
2007-03-30,0,1408.1299987792968,1425.1874047851563
2007-04-02,0,1410.6515014648437,1425.0684057617189
2007-04-03,0,1412.7695007324219,1425.3648071289062
2007-04-04,0,1415.139501953125,1425.5924072265625
2007-04-05,0,1417.2330017089844,1425.6650073242188
2007-04-09,0,1419.3215026855469,1426.0792065429687
2007-04-10,0,1421.4110046386718,1426.6034057617187
2007-04-11,0,1424.4570068359376,1426.9684057617187
2007-04-12,1,1427.488507080078,1427.3480078125
2007-04-13,1,1430.5170043945313,1427.6402075195313
2007-04-16,1,1434.586004638672,1428.0880078125
2007-04-17,1,1438.0570007324218,1428.5498071289062
2007-04-18,1,1441.1350036621093,1429.0600073242188
2007-04-19,1,1442.919500732422,1429.5146069335938
2007-04-20,1,1445.4099975585937,1430.2012060546874
2007-04-23,1,1447.6510009765625,1430.8536059570313
2007-04-24,1,1449.7965026855468,1431.70060546875
2007-04-25,1,1453.1370056152343,1432.9416064453126
2007-04-26,1,1456.9880065917969,1433.94140625
2007-04-27,1,1460.5650024414062,1434.7168041992188
2007-04-30,1,1463.6405029296875,1435.2280029296876
2007-05-01,1,1466.7280029296876,1435.843203125
2007-05-02,1,1469.6355041503907,1436.5680029296875
2007-05-03,1,1472.7865051269532,1437.463203125
2007-05-04,1,1475.8795043945313,1438.4480029296874
2007-05-07,1,1479.1230041503907,1439.6138037109374
2007-05-08,1,1482.089501953125,1440.7808032226562
2007-05-09,1,1485.775,1443.0516015625
2007-05-10,1,1487.95849609375,1444.7446020507812
2007-05-11,1,1490.60849609375,1446.7982006835937
2007-05-14,1,1492.3494995117187,1449.1178002929687
2007-05-15,1,1493.8349975585938,1451.65919921875
2007-05-16,1,1495.9169982910157,1454.033798828125
2007-05-17,1,1498.017999267578,1456.4493994140626
2007-05-18,1,1499.9380004882812,1458.8665991210937
2007-05-21,1,1502.1464965820312,1461.3117993164062
2007-05-22,1,1504.3319946289062,1463.6621997070313
2007-05-23,1,1505.6749938964845,1466.5488012695312
2007-05-24,1,1506.3379943847656,1468.9556005859374
2007-05-25,1,1507.42099609375,1471.424599609375
2007-05-29,1,1509.2079956054688,1474.0478002929688
2007-05-30,1,1511.4044921875,1476.6111987304687
2007-05-31,1,1513.1394897460937,1479.0047998046875
2007-06-01,1,1514.8369873046875,1481.0307983398438
2007-06-04,1,1516.514990234375,1483.1235986328124
2007-06-05,1,1517.5884887695313,1485.0203979492187
2007-06-06,1,1518.0714904785157,1486.617998046875
2007-06-07,1,1516.9784912109376,1487.8601977539063
2007-06-08,1,1517.7884948730468,1489.6689990234374
2007-06-11,1,1517.9519958496094,1491.4007983398437
2007-06-12,1,1517.4444946289063,1492.8435986328125
2007-06-13,1,1518.1684997558593,1494.6659985351562
2007-06-14,1,1518.6099975585937,1496.3699975585937
2007-06-15,1,1519.6179992675782,1498.2407983398436
2007-06-18,1,1520.0330017089843,1499.9865991210938
2007-06-19,1,1520.4630004882813,1501.7683984375
2007-06-20,1,1519.8989990234375,1503.0573974609374
2007-06-21,1,1519.8944946289062,1504.7237963867187
2007-06-22,1,1519.6469970703124,1505.8189965820313
2007-06-25,1,1518.7474975585938,1506.716796875
2007-06-26,1,1517.4864990234375,1507.207998046875
2007-06-27,1,1516.2919982910157,1507.9051977539064
2007-06-28,1,1515.0464965820313,1508.5693969726562
2007-06-29,1,1513.3969970703124,1509.221796875
2007-07-02,1,1512.4094970703125,1509.9233984375
2007-07-03,1,1512.1054992675781,1510.802197265625
2007-07-05,1,1512.5065002441406,1511.7019970703125
2007-07-06,1,1514.492498779297,1512.4023950195312
2007-07-09,1,1515.7014953613282,1513.15439453125
2007-07-10,1,1515.7514953613281,1513.4753955078124
2007-07-11,1,1517.0394958496095,1514.2031958007813
2007-07-12,1,1518.6409912109375,1515.4311938476562
2007-07-13,1,1520.1174926757812,1516.56279296875
2007-07-16,1,1520.9479919433593,1517.5053930664062
2007-07-17,1,1521.8639892578126,1518.3803930664062
2007-07-18,1,1522.4874938964845,1519.1141943359376
2007-07-19,1,1524.499493408203,1520.0213940429687
2007-07-20,1,1525.0949951171874,1520.4517944335937
2007-07-23,1,1527.0454895019532,1521.4537939453126
2007-07-24,1,1527.7104919433593,1521.5575952148438
2007-07-25,1,1528.9704895019531,1521.8563940429688
2007-07-26,1,1527.7864929199218,1521.4857958984376
2007-07-27,1,1525.4484924316407,1520.3819946289063
2007-07-30,1,1523.976495361328,1519.6051953125
2007-07-31,1,1520.7684936523438,1518.255595703125
2007-08-01,1,1517.815496826172,1517.0697973632812
2007-08-02,0,1515.1554931640626,1516.031396484375
2007-08-03,0,1510.2864990234375,1514.2469970703125
2007-08-06,0,1507.0775024414063,1513.4501977539062
2007-08-07,0,1505.407000732422,1512.6697973632813
2007-08-08,0,1504.3434997558593,1512.2573974609375
2007-08-09,0,1499.6130004882812,1510.7145971679688
2007-08-10,0,1494.6700012207032,1509.1749975585938
2007-08-13,0,1489.8400024414063,1507.5065991210938
2007-08-14,0,1483.698504638672,1505.253798828125
2007-08-15,0,1476.725,1502.768798828125
2007-08-16,0,1469.634503173828,1500.6465991210937
2007-08-17,0,1465.2265014648438,1499.7509985351562
2007-08-20,0,1460.4255065917969,1498.5085986328124
2007-08-21,0,1457.2295043945312,1497.2685986328124
2007-08-22,0,1454.5285034179688,1496.6899975585939
2007-08-23,0,1453.5205017089843,1495.6265966796875
2007-08-24,0,1454.54150390625,1494.7545971679688
2007-08-27,0,1454.1855041503907,1493.432197265625
2007-08-28,0,1453.0400024414062,1491.4583959960937
2007-08-29,0,1452.9375,1490.0595971679688
2007-08-30,0,1452.2095031738281,1488.9555981445312
2007-08-31,0,1454.2559997558594,1487.9915991210937
2007-09-04,0,1455.3434997558593,1487.728798828125
2007-09-05,0,1455.1225036621095,1487.2197998046875
2007-09-06,0,1454.1755065917969,1486.9330004882813
2007-09-07,0,1454.1985107421874,1485.8772021484374
2007-09-10,0,1454.1015075683595,1484.797001953125
2007-09-11,0,1455.0300048828126,1484.1598022460937
2007-09-12,0,1457.281005859375,1483.20240234375
2007-09-13,0,1461.143505859375,1482.3840014648438
2007-09-14,0,1464.7925048828124,1481.5610009765626
2007-09-17,0,1466.3280090332032,1480.4852026367187
2007-09-18,0,1470.0395080566407,1480.2438037109375
2007-09-19,0,1474.135009765625,1480.6220043945314
2007-09-20,0,1476.8690124511718,1480.6218041992188
2007-09-21,0,1480.031512451172,1480.1828051757811
2007-09-24,1,1481.94951171875,1479.4874047851563
2007-09-25,1,1484.4705078125,1478.8412036132813
2007-09-26,1,1489.1235107421876,1478.3622045898437
2007-09-27,1,1492.5045104980468,1478.0664038085938
2007-09-28,1,1495.960009765625,1477.5398046875
2007-10-01,1,1499.6125122070312,1477.7986059570312
2007-10-02,1,1502.4730102539063,1477.8998071289063
2007-10-03,1,1505.8380065917968,1478.4708056640625
2007-10-04,1,1509.0525024414062,1478.9658056640626
2007-10-05,1,1514.2544982910156,1480.464404296875
2007-10-08,1,1519.2984985351563,1482.3370043945313
2007-10-09,1,1523.9815002441405,1484.1618041992188
2007-10-10,1,1528.5269958496094,1486.3058032226563
2007-10-11,1,1532.05,1488.077802734375
2007-10-12,1,1535.9275024414062,1489.8698046875
2007-10-15,1,1539.530499267578,1492.182802734375
2007-10-16,1,1540.467999267578,1493.6000024414063
2007-10-17,1,1541.0784973144532,1494.8906030273438
2007-10-18,1,1542.1449951171876,1495.74240234375
2007-10-19,1,1540.8889953613282,1496.693203125
2007-10-22,1,1540.318994140625,1497.747001953125
2007-10-23,1,1540.4379943847657,1499.080400390625
2007-10-24,1,1539.9609924316405,1500.8671997070312
2007-10-25,1,1539.111993408203,1503.021201171875
2007-10-26,1,1539.5384948730468,1505.5014013671876
2007-10-29,1,1539.2354919433594,1507.4022021484375
2007-10-30,1,1538.4549926757813,1509.1116015625
2007-10-31,1,1538.9444946289063,1511.1568017578124
2007-11-01,1,1537.2244934082032,1512.0442016601562
2007-11-02,1,1534.8274963378906,1512.9872021484375
2007-11-05,1,1532.3070007324218,1513.443203125
2007-11-06,1,1530.0630004882812,1514.512802734375
2007-11-07,1,1525.7205017089843,1515.3780029296875
2007-11-08,1,1521.7385009765626,1515.598203125
2007-11-09,1,1516.33349609375,1515.5194018554687
2007-11-12,0,1510.857000732422,1514.823203125
2007-11-13,0,1507.9830017089844,1514.6558032226562
2007-11-14,0,1504.45,1514.6216015625
2007-11-15,0,1500.0035034179687,1514.0736010742187
2007-11-16,0,1497.909002685547,1514.1773999023437
2007-11-19,0,1494.256005859375,1513.8088012695312
2007-11-20,0,1490.2615051269531,1513.1730004882813
2007-11-21,0,1485.306005859375,1512.0771997070312
2007-11-23,0,1481.6210021972656,1511.2121997070312
2007-11-26,0,1475.217999267578,1509.6715991210938
2007-11-27,0,1469.580499267578,1508.7031982421875
2007-11-28,0,1466.4804992675781,1507.687998046875
2007-11-29,0,1462.4974975585938,1506.501796875
2007-11-30,0,1461.132501220703,1505.7495971679687
2007-12-03,0,1459.2710021972657,1504.682998046875
2007-12-04,0,1457.302001953125,1503.58419921875
2007-12-05,0,1455.5390014648438,1502.9402001953124
2007-12-06,0,1457.125,1502.5785986328126
2007-12-07,0,1458.6195007324218,1502.04419921875
2007-12-10,0,1461.7325012207032,1501.8283984375
2007-12-11,0,1463.6559997558593,1500.4405981445314
2007-12-12,0,1463.9329956054687,1499.2397973632812
2007-12-13,0,1464.8244995117188,1498.2161987304687
2007-12-14,0,1465.6644958496095,1496.7183984375
2007-12-17,0,1465.0224975585938,1494.484599609375
2007-12-18,0,1466.1079956054687,1492.5326000976563
2007-12-19,0,1466.772998046875,1490.289599609375
2007-12-20,0,1468.940496826172,1488.2426000976564
2007-12-21,0,1471.1284973144532,1486.8435986328125
2007-12-24,0,1475.5899963378906,1485.5365966796876
2007-12-26,0,1479.0614990234376,1484.5155981445312
2007-12-27,0,1479.4239990234375,1483.2703979492187
2007-12-28,0,1479.8625,1482.0153979492188
2007-12-31,0,1479.2234985351563,1480.5809985351561
2008-01-02,0,1477.960498046875,1479.5115991210937
2008-01-03,0,1477.1789978027343,1478.3282006835936
2008-01-04,0,1473.5099975585938,1476.1690014648439
2008-01-07,0,1468.952001953125,1474.1750024414061
2008-01-08,0,1463.228497314453,1471.69080078125
2008-01-09,0,1457.8869995117188,1469.1678002929686
2008-01-10,0,1455.02099609375,1466.7547998046875
2008-01-11,0,1450.742498779297,1464.1547998046874
2008-01-14,0,1447.1344970703126,1461.4921997070312
2008-01-15,0,1442.7844970703125,1458.9423999023438
2008-01-16,0,1439.1494934082032,1456.2133984375
2008-01-17,0,1433.0629943847657,1452.8349975585938
2008-01-18,0,1426.6724914550782,1448.9333959960939
2008-01-22,0,1419.1914916992187,1445.63099609375
2008-01-23,0,1411.8984924316405,1442.9075952148437
2008-01-24,0,1404.6794921875,1440.8749951171876
2008-01-25,0,1396.3269897460937,1438.70359375
2008-01-28,0,1390.2114868164062,1436.1617919921875
2008-01-29,0,1384.4019897460937,1433.9961938476563
2008-01-30,0,1378.7744934082032,1432.08939453125
2008-01-31,0,1375.343994140625,1430.485595703125
2008-02-01,0,1372.7569946289063,1429.7285961914063
2008-02-04,0,1371.2164916992188,1428.55099609375
2008-02-05,0,1367.2394897460938,1426.9483959960937
2008-02-06,0,1364.052490234375,1424.6633959960936
2008-02-07,0,1360.4414916992187,1423.257197265625
2008-02-08,0,1355.9894958496093,1421.3183984375
2008-02-11,0,1352.8949951171876,1418.7205981445313
2008-02-12,0,1349.5254943847656,1416.3033984375
2008-02-13,0,1348.8384948730468,1414.0247973632813
2008-02-14,0,1347.6214965820313,1411.5535961914063
2008-02-15,0,1348.45849609375,1409.2975952148438
2008-02-19,0,1349.6380004882812,1406.5729956054688
2008-02-20,0,1352.114501953125,1403.626796875
2008-02-21,0,1352.3110046386719,1400.3841967773437
2008-02-22,0,1352.3630065917969,1397.127197265625
2008-02-25,0,1354.422509765625,1395.0101977539061
2008-02-26,0,1355.789013671875,1392.90419921875
2008-02-27,0,1356.6750122070312,1390.7363989257813
2008-02-28,0,1357.2685119628907,1388.7310009765624
2008-02-29,0,1354.872509765625,1386.4256005859374
2008-03-03,0,1351.668505859375,1383.9528002929687
2008-03-04,0,1348.9650085449218,1381.4278002929686
2008-03-05,0,1348.8180053710937,1378.8993994140626
2008-03-06,0,1347.7125061035156,1375.2969995117187
2008-03-07,0,1345.5355041503906,1371.235400390625
2008-03-10,0,1342.639501953125,1366.749599609375
2008-03-11,0,1341.7155029296875,1363.6371997070312
2008-03-12,0,1339.711004638672,1360.2428002929687
2008-03-13,0,1337.1245056152343,1357.1852001953125
2008-03-14,0,1334.0885070800782,1354.0047998046875
2008-03-17,0,1330.4190063476562,1350.5935986328125
2008-03-18,0,1329.5170043945313,1348.9757983398438
2008-03-19,0,1326.436505126953,1346.6205981445312
2008-03-20,0,1325.7855041503906,1345.4069995117188
2008-03-24,0,1325.624005126953,1344.2219995117186
2008-03-25,0,1324.6835021972656,1342.8752001953126
2008-03-26,0,1322.6755004882812,1341.6773999023437
2008-03-27,0,1319.9625,1339.8676000976564
2008-03-28,0,1317.3394958496094,1338.5530004882812
2008-03-31,0,1316.9429931640625,1337.5430004882812
2008-04-01,0,1318.8849975585938,1338.2816015625
2008-04-02,0,1320.9239990234375,1339.1284033203126
2008-04-03,0,1322.7045043945313,1340.3046044921875
2008-04-04,0,1326.0075073242188,1340.94060546875
2008-04-07,0,1329.9660095214845,1341.3500073242187
2008-04-08,0,1334.57451171875,1342.0486083984374
2008-04-09,0,1336.2665100097656,1342.059208984375
2008-04-10,0,1338.8555114746093,1342.024208984375
2008-04-11,0,1339.7230102539063,1341.5646069335937
2008-04-14,1,1341.7320068359375,1340.5600048828126
2008-04-15,1,1344.6235107421876,1339.340205078125
2008-04-16,1,1346.3220092773438,1339.0180053710938
2008-04-17,1,1349.6790100097655,1339.59640625
2008-04-18,1,1352.7200073242188,1340.8740063476562
2008-04-21,1,1354.6345092773438,1341.8992065429688
2008-04-22,1,1355.7820068359374,1342.7922045898438
2008-04-23,1,1357.7220092773437,1343.6082055664062
2008-04-24,1,1360.8750061035157,1344.4074047851564
2008-04-25,1,1365.006005859375,1345.0200048828126
2008-04-28,1,1368.6895080566405,1345.970205078125
2008-04-29,1,1369.7275024414062,1346.7892041015625
2008-04-30,1,1370.6304992675782,1347.5254028320312
2008-05-01,1,1372.6319946289063,1348.5116015625
2008-05-02,1,1374.8069946289063,1349.9390014648438
2008-05-05,1,1376.5544921875,1351.0266015625
2008-05-06,1,1379.1904907226562,1351.95580078125
2008-05-07,1,1381.0944885253907,1352.1813989257812
2008-05-08,1,1382.9509887695312,1352.534599609375
2008-05-09,1,1385.7234924316406,1352.9465991210936
2008-05-12,1,1389.4864929199218,1354.4055981445313
2008-05-13,1,1392.9169921875,1355.839599609375
2008-05-14,1,1395.1144958496093,1357.4778002929688
2008-05-15,1,1398.014990234375,1359.2752001953124
2008-05-16,1,1399.7659912109375,1361.695400390625
2008-05-19,1,1401.6889892578124,1364.3606005859374
2008-05-20,1,1403.561993408203,1367.161201171875
2008-05-21,1,1404.1009887695313,1368.5623999023437
2008-05-22,1,1404.377490234375,1370.2739990234375
2008-05-23,1,1403.2819946289062,1371.4830004882813
2008-05-27,1,1402.7309936523438,1373.4271997070311
2008-05-28,1,1402.7259948730468,1375.7119995117187
2008-05-29,1,1403.3594970703125,1377.0623999023437
2008-05-30,1,1402.9114990234375,1379.1015991210938
2008-06-02,1,1401.5,1380.2247998046876
2008-06-03,1,1400.0080017089845,1380.7802001953125
2008-06-04,1,1397.9549987792968,1381.2643994140626
2008-06-05,1,1398.52900390625,1382.5228002929687
2008-06-06,1,1396.67900390625,1383.221201171875
2008-06-09,1,1395.3530029296876,1384.152001953125
2008-06-10,1,1393.0960021972655,1384.8668017578125
2008-06-11,1,1389.7184997558593,1384.1730004882813
2008-06-12,1,1386.2789978027345,1383.6197998046875
2008-06-13,0,1383.102001953125,1383.43419921875
2008-06-16,0,1379.84150390625,1383.2289990234376
2008-06-17,0,1376.0565063476563,1382.7967993164064
2008-06-18,0,1372.2770080566406,1382.2421997070312
2008-06-19,0,1369.8830078125,1382.0089990234376
2008-06-20,0,1366.06201171875,1381.1565991210937
2008-06-23,0,1363.165509033203,1380.86
2008-06-24,0,1359.6125122070312,1380.5794018554689
2008-06-25,0,1356.169012451172,1380.3302001953125
2008-06-26,0,1350.4135131835938,1378.6990014648438
2008-06-27,0,1344.3135131835938,1376.955400390625
2008-06-30,0,1339.030010986328,1374.7488012695312
2008-07-01,0,1334.3930114746095,1372.6836010742188
2008-07-02,0,1328.6090148925782,1370.3952026367188
2008-07-03,0,1321.551513671875,1368.0546020507813
2008-07-07,0,1316.1330139160157,1365.324404296875
2008-07-08,0,1311.7300109863281,1362.8416040039062
2008-07-09,0,1306.0425109863281,1359.8080029296875
2008-07-10,0,1301.9375122070312,1357.0570043945313
2008-07-11,0,1296.9185119628905,1354.1350048828126
2008-07-14,0,1290.332012939453,1350.5142065429689
2008-07-15,0,1283.0705139160157,1346.5344067382812
2008-07-16,0,1277.792010498047,1343.291806640625
2008-07-17,0,1273.9175048828124,1340.1330053710938
2008-07-18,0,1269.810009765625,1337.4952075195313
2008-07-21,0,1266.913507080078,1334.7416064453125
2008-07-22,0,1264.863507080078,1332.516005859375
2008-07-23,0,1263.2585021972657,1330.0882055664063
2008-07-24,0,1259.7870056152344,1327.0782055664063
2008-07-25,0,1258.5175048828125,1324.060205078125
2008-07-28,0,1256.3170043945313,1320.2762060546875
2008-07-29,0,1255.477001953125,1317.0332055664062
2008-07-30,0,1255.4445007324218,1314.1858056640624
2008-07-31,0,1255.7375,1311.2654052734374
2008-08-01,0,1255.6080017089844,1308.6574072265626
2008-08-04,0,1255.4429992675782,1305.7506079101563
2008-08-05,0,1256.002001953125,1303.9296069335937
2008-08-06,0,1258.227001953125,1302.00640625
2008-08-07,0,1258.8609985351563,1299.511005859375
2008-08-08,0,1261.7024963378906,1297.4722045898438
2008-08-11,0,1265.5534912109374,1295.5710034179688
2008-08-12,0,1269.2874877929687,1293.6494018554688
2008-08-13,0,1271.310986328125,1291.8130004882812
2008-08-14,0,1272.9414916992187,1290.1276025390625
2008-08-15,0,1274.8174865722656,1288.0106005859375
2008-08-18,0,1275.7474853515625,1286.3689990234375
2008-08-19,0,1275.231982421875,1284.46759765625
2008-08-20,0,1274.8494873046875,1282.789599609375
2008-08-21,0,1276.1084838867187,1281.63419921875
2008-08-22,0,1277.8304809570313,1280.6807983398437
2008-08-25,1,1279.4539794921875,1278.8169970703125
2008-08-26,1,1279.869482421875,1277.0443969726562
2008-08-27,1,1279.739483642578,1275.6589965820312
2008-08-28,1,1281.4044860839845,1274.916396484375
2008-08-29,1,1282.5304809570312,1273.716396484375
2008-09-02,1,1283.9589782714843,1272.90939453125
2008-09-03,1,1283.4639770507813,1272.048994140625
2008-09-04,1,1280.8459777832031,1270.4997924804688
2008-09-05,1,1279.6579833984374,1268.9065942382813
2008-09-08,1,1278.2314880371093,1268.59939453125
2008-09-09,1,1274.1909912109375,1267.5219946289062
2008-09-10,1,1271.313494873047,1266.5627954101562
2008-09-11,1,1269.4744995117187,1265.845595703125
2008-09-12,1,1267.4129943847656,1265.6491943359374
2008-09-15,0,1262.1379943847655,1264.2451928710936
2008-09-16,0,1258.8879943847655,1263.4709912109374
2008-09-17,0,1253.372998046875,1261.1247924804688
2008-09-18,0,1249.9714965820312,1260.3611938476563
2008-09-19,0,1248.8394958496094,1260.3949926757812
2008-09-22,0,1244.5839965820312,1259.7469921875
2008-09-23,0,1240.6529968261718,1258.945390625
2008-09-24,0,1236.37099609375,1258.36458984375
2008-09-25,0,1232.7469970703125,1257.6409912109375
2008-09-26,0,1228.3764953613281,1256.6999926757812
2008-09-29,0,1219.5559997558594,1253.6147924804689
2008-09-30,0,1213.9950012207032,1251.7419921875
2008-10-01,0,1208.299005126953,1249.423193359375
2008-10-02,0,1202.1715087890625,1246.0649951171874
2008-10-03,0,1195.0175048828125,1242.9987939453124
2008-10-06,0,1184.4725036621094,1238.9813940429688
2008-10-07,0,1173.0585021972656,1234.21859375
2008-10-08,0,1160.7035003662108,1228.6533947753906
2008-10-09,0,1143.7469970703125,1221.1665942382813
2008-10-10,0,1126.122998046875,1213.8033935546875
2008-10-13,0,1116.655499267578,1208.6641918945313
2008-10-14,0,1105.8760009765624,1203.6441918945313
2008-10-15,0,1093.448501586914,1196.1033923339844
2008-10-16,0,1080.4445007324218,1189.248193359375
2008-10-17,0,1064.718002319336,1182.737794189453
2008-10-20,0,1053.6335052490235,1176.5193957519532
2008-10-21,0,1041.9750061035156,1169.5139965820313
2008-10-22,0,1027.5205078125,1161.6577978515625
2008-10-23,0,1012.4670043945313,1154.1033984375
2008-10-24,0,995.6420043945312,1145.7801977539064
2008-10-27,0,982.7670013427735,1136.7945983886718
2008-10-28,0,971.4745025634766,1130.0327990722656
2008-10-29,0,959.9260009765625,1123.30080078125
2008-10-30,0,951.9165008544921,1116.8918005371095
2008-10-31,0,945.3925018310547,1110.712401123047
2008-11-03,0,940.8630004882813,1104.1944018554686
2008-11-04,0,941.3390014648437,1098.9726025390626
2008-11-05,0,939.730502319336,1092.597802734375
2008-11-06,0,939.4785034179688,1085.0622021484376
2008-11-07,0,941.0670043945313,1077.6684008789061
2008-11-10,0,936.8600067138672,1070.3960021972657
2008-11-11,0,931.9070068359375,1062.8234033203125
2008-11-12,0,929.1300048828125,1054.3698034667968
2008-11-13,0,927.3730041503907,1047.85900390625
2008-11-14,0,924.0100036621094,1040.478602294922
2008-11-17,0,917.2775024414062,1032.1378015136718
2008-11-18,0,912.4810028076172,1024.830001220703
2008-11-19,0,907.9710021972656,1016.32080078125
2008-11-20,0,900.1875030517579,1006.3885998535156
2008-11-21,0,896.3505035400391,997.3552014160156
2008-11-24,0,896.495004272461,990.53740234375
2008-11-25,0,892.3390045166016,983.413203125
2008-11-26,0,890.2185028076171,978.0390026855468
2008-11-28,0,887.3260009765625,971.8336022949219
2008-12-01,0,879.6990020751953,963.0562036132812
2008-12-02,0,873.8245025634766,955.8906042480469
2008-12-03,0,867.0740020751953,949.5410046386719
2008-12-04,0,861.696499633789,942.7280041503906
2008-12-05,0,860.2559997558594,936.0658032226562
2008-12-08,0,859.1915008544922,929.9944030761719
2008-12-09,0,857.6644989013672,925.6394018554688
2008-12-10,0,857.6789978027343,920.297001953125
2008-12-11,0,858.7434997558594,914.5476013183594
2008-12-12,0,857.1654998779297,909.8566003417968
2008-12-15,0,856.9295013427734,905.2434008789063
2008-12-16,0,860.0510009765625,902.3692004394532
2008-12-17,0,862.3160003662109,900.5330004882812
2008-12-18,0,866.2510009765625,898.5398010253906
2008-12-19,0,873.0230010986328,898.0990014648437
2008-12-22,0,876.6029998779297,897.5472021484375
2008-12-23,0,877.1704986572265,894.7434020996094
2008-12-24,0,877.7084991455079,892.1462023925782
2008-12-26,0,876.9644989013672,891.4454016113282
2008-12-29,0,875.6234985351563,889.9052014160156
2008-12-30,0,879.3449981689453,888.907001953125
2008-12-31,0,882.0669982910156,887.2640014648438
2009-01-02,0,885.1199981689454,886.7990014648437
2009-01-05,1,889.2315002441406,887.4124011230468
2009-01-06,1,892.1630004882812,887.9442016601563
2009-01-07,1,892.0105010986329,888.5418017578126
2009-01-08,1,893.0635009765625,889.7580017089844
2009-01-09,1,892.6190002441406,888.7548010253906
2009-01-12,1,892.4524993896484,887.5582006835938
2009-01-13,1,892.0554992675782,885.9121997070313
2009-01-14,1,890.7579986572266,883.389599609375
2009-01-15,1,887.2859985351563,880.9383996582031
2009-01-16,1,884.5709991455078,877.8257995605469
2009-01-20,1,880.5679962158204,874.8747985839843
2009-01-21,1,878.1859954833984,873.5819982910157
2009-01-22,1,875.9794952392579,871.5121984863281
2009-01-23,1,874.4189971923828,869.7669982910156
2009-01-26,1,872.8399963378906,868.5193981933594
2009-01-27,1,871.485498046875,868.3875988769531
2009-01-28,1,871.7190002441406,867.6435998535156
2009-01-29,1,869.4440002441406,867.0806005859375
2009-01-30,0,865.5755004882812,866.5832006835938
2009-02-02,0,860.2575012207031,865.9096008300781
2009-02-03,0,855.8105010986328,866.5482006835938
2009-02-04,0,850.6869995117188,868.1440002441407
2009-02-05,0,847.6469970703125,869.0603991699219
2009-02-06,0,845.5904968261718,869.3961987304688
2009-02-09,0,844.5674987792969,869.6461987304688
2009-02-10,0,842.4124969482422,868.4357983398437
2009-02-11,0,840.5099975585938,867.1857983398437
2009-02-12,0,840.1384979248047,867.5653979492188
2009-02-13,0,839.2934997558593,867.1259985351562
2009-02-17,0,836.2459991455078,865.4945983886719
2009-02-18,0,835.4059997558594,864.3585986328125
2009-02-19,0,832.3410003662109,862.4159985351563
2009-02-20,0,829.4684997558594,859.622998046875
2009-02-23,0,825.0375,856.7161987304687
2009-02-24,0,821.866000366211,854.19419921875
2009-02-25,0,817.8255004882812,852.0203991699219
2009-02-26,0,811.7625,849.4823999023438
2009-02-27,0,806.2600006103515,846.8128002929687
2009-03-02,0,800.0070007324218,842.5656005859375
2009-03-03,0,793.5515014648438,838.4038012695313
2009-03-04,0,787.2695007324219,834.9556005859375
2009-03-05,0,779.7855010986328,830.8490002441406
2009-03-06,0,771.6620025634766,827.0840002441406
2009-03-09,0,762.0585052490235,823.3514013671875
2009-03-10,0,754.5440032958984,820.380400390625
2009-03-11,0,749.25400390625,817.3516003417968
2009-03-12,0,745.10400390625,814.9780004882813
2009-03-13,0,741.1720031738281,812.2961999511718
2009-03-16,0,737.5245025634765,809.3090002441406
2009-03-17,0,736.9720031738282,806.235400390625
2009-03-18,0,737.2685028076172,803.5733996582031
2009-03-19,0,737.5235015869141,800.5601989746094
2009-03-20,0,737.4480010986329,797.797998046875
2009-03-23,0,741.4274993896485,796.0617980957031
2009-03-24,0,743.0764984130859,794.3771984863281
2009-03-25,0,745.5254974365234,793.2495983886719
2009-03-26,0,749.5269958496094,792.4709985351562
2009-03-27,0,753.5694946289062,791.9373986816406
2009-03-30,0,757.904995727539,790.8131994628907
2009-03-31,0,762.9819946289062,789.7681994628906
2009-04-01,0,767.8924957275391,789.885400390625
2009-04-02,0,775.4839965820313,789.7682006835937
2009-04-03,0,783.4399963378906,790.0682006835938
2009-04-06,1,791.3874938964843,790.1388000488281
2009-04-07,1,796.1849945068359,789.7183996582031
2009-04-08,1,801.3749938964844,789.3073986816406
2009-04-09,1,806.6659942626953,788.9567980957031
2009-04-13,1,811.7749938964844,789.2285974121094
2009-04-14,1,816.1554931640625,789.5409973144531
2009-04-15,1,819.8524932861328,790.0733972167968
2009-04-16,1,823.3999938964844,790.6091967773438
2009-04-17,1,827.6779937744141,791.3565966796875
2009-04-20,1,830.8704956054687,791.0873974609375
2009-04-21,1,832.2284973144531,790.7169982910157
2009-04-22,1,834.0999969482422,790.1901977539062
2009-04-23,1,836.0019958496093,790.6853979492188
2009-04-24,1,837.6704956054688,791.3351977539063
2009-04-27,1,839.7489959716797,791.7815979003906
2009-04-28,1,843.1304931640625,792.3479968261719
2009-04-29,1,846.918994140625,794.0373974609375
2009-04-30,1,850.0054931640625,795.7251977539063
2009-05-01,1,852.1624938964844,797.6967980957031
2009-05-04,1,855.3994934082032,800.4405981445312
2009-05-05,1,858.8154937744141,803.6499975585938
2009-05-06,1,864.0144958496094,806.5777978515625
2009-05-07,1,868.1259979248047,809.42759765625
2009-05-08,1,871.7594970703125,812.9555969238281
2009-05-11,1,874.2849975585938,816.4385961914063
2009-05-12,1,877.6274963378906,820.5891955566407
2009-05-13,1,879.2204956054687,824.3409948730468
2009-05-14,1,880.6089965820313,827.9449951171875
2009-05-15,1,881.272998046875,831.9515954589843
2009-05-18,1,885.1389984130859,836.4781958007812
2009-05-19,1,888.0414978027344,841.1101953125
2009-05-20,1,891.0374969482422,844.7875952148438
2009-05-21,1,892.8579986572265,848.1269958496093
2009-05-22,1,893.8964996337891,850.8521960449219
2009-05-26,1,896.5375,853.9277966308593
2009-05-27,1,898.4325012207031,856.7111962890625
2009-05-28,1,900.0920013427734,859.2853967285156
2009-05-29,1,902.4085021972656,861.7811975097657
2009-06-01,1,905.6760009765625,864.9577978515625
2009-06-02,1,907.5510009765625,868.4817980957031
2009-06-03,1,908.9490020751953,870.6585986328125
2009-06-04,1,910.0955017089843,873.3853991699219
2009-06-05,1,911.730502319336,875.909599609375
2009-06-08,1,912.2260040283203,878.0352001953125
2009-06-09,1,913.8855041503906,880.565
2009-06-10,1,915.4255065917969,883.5973999023438
2009-06-11,1,918.474008178711,886.5378002929688
2009-06-12,1,921.1310089111328,889.240400390625
2009-06-15,1,923.1730072021485,891.0271997070313
2009-06-16,1,923.2860046386719,892.4165991210938
2009-06-17,1,923.415005493164,893.9211999511718
2009-06-18,1,924.1600067138672,895.9776000976562
2009-06-19,1,925.8050048828125,897.8990002441407
2009-06-22,1,926.1070037841797,898.6285998535157
2009-06-23,1,925.3455017089843,899.3559997558593
2009-06-24,1,925.739501953125,900.5447998046875
2009-06-25,1,926.411001586914,901.9088000488281
2009-06-26,1,926.3990020751953,902.98080078125
2009-06-29,1,925.6170013427734,904.1334008789063
2009-06-30,1,924.3460021972656,905.8720007324218
2009-07-01,1,923.9245025634766,907.3370007324219
2009-07-02,1,921.6225006103516,908.3944006347656
2009-07-06,1,919.5539978027343,909.330400390625
2009-07-07,1,916.6484985351562,909.6264013671876
2009-07-08,1,913.5049987792969,910.0674011230469
2009-07-09,1,910.6814971923828,910.6178015136719
2009-07-10,0,907.3934967041016,910.7276013183593
2009-07-13,0,905.1354949951171,911.2924011230468
2009-07-14,0,904.2414978027343,911.8588012695312
2009-07-15,0,905.2769989013672,912.3676013183593
2009-07-16,0,906.7784973144531,913.1064013671875
2009-07-17,0,907.8789978027344,913.5234008789063
2009-07-20,0,909.3739990234375,914.3982006835937
2009-07-21,0,912.4510009765625,914.9052014160156
2009-07-22,0,915.3995025634765,915.8018017578125
2009-07-23,1,919.1670013427735,917.1606018066407
2009-07-24,1,922.1170013427734,919.06740234375
2009-07-27,1,925.2809997558594,920.8496020507813
2009-07-28,1,927.9005004882813,922.7844018554688
2009-07-29,1,930.6920013427734,924.0932019042968
2009-07-30,1,933.8630004882813,925.6656018066407
2009-07-31,1,938.4160003662109,927.3458020019531
2009-08-03,1,943.6115020751953,929.6318017578125
2009-08-04,1,949.8425018310547,932.0048022460937
2009-08-05,1,956.0005004882812,933.8526013183593
2009-08-06,1,961.7205017089843,935.9330017089844
2009-08-07,1,968.2880004882812,938.0060009765625
2009-08-10,1,973.5904998779297,939.7652001953124
2009-08-11,1,978.0159973144531,940.7947998046875
2009-08-12,1,981.6724975585937,942.0161999511719
2009-08-13,1,985.2719970703125,943.6355993652344
2009-08-14,1,988.4574981689453,944.8681994628906
2009-08-17,1,989.8874969482422,945.6609985351563
2009-08-18,1,991.6419952392578,946.6715979003907
2009-08-19,1,993.7614959716797,947.7521984863281
2009-08-20,1,995.3154968261719,949.1165979003906
2009-08-21,1,997.6589965820312,950.7413977050782
2009-08-24,1,999.8284942626954,952.3285961914063
2009-08-25,1,1002.2474945068359,954.4141967773437
2009-08-26,1,1004.8959930419921,956.737197265625
2009-08-27,1,1007.1074920654297,959.1425964355469
2009-08-28,1,1009.1799957275391,961.3537976074218
2009-08-31,1,1010.0794952392578,963.3415979003906
2009-09-01,1,1009.6989929199219,965.4415979003907
2009-09-02,1,1009.3004943847657,967.4345983886719
2009-09-03,1,1009.6084930419922,969.4805981445312
2009-09-04,1,1009.9044952392578,971.4033984375
2009-09-08,1,1010.8189971923828,973.5331982421875
2009-09-09,1,1012.7699981689453,975.6559985351563
2009-09-10,1,1014.6864990234375,978.1523986816406
2009-09-11,1,1016.1864990234375,980.5403979492188
2009-09-14,1,1018.4489959716797,983.5987976074218
2009-09-15,1,1022.0939971923829,986.6769982910156
2009-09-16,1,1026.0484985351563,990.4315979003907
2009-09-17,1,1029.4999969482421,994.1501977539062
2009-09-18,1,1032.5464996337892,997.8625988769531
2009-09-21,1,1034.4730010986327,1001.5731994628907
2009-09-22,1,1036.777505493164,1004.985400390625
2009-09-23,1,1038.4210052490234,1008.0859997558593
2009-09-24,1,1039.554006958008,1010.4480004882812
2009-09-25,1,1040.2240081787108,1012.52080078125
2009-09-28,1,1041.9265045166017,1014.9728002929687
2009-09-29,1,1043.9260040283202,1017.1623999023437
2009-09-30,1,1046.8780029296875,1019.2123986816406
2009-10-01,1,1048.6330017089845,1020.727998046875
2009-10-02,1,1049.7315002441405,1021.7063977050781
2009-10-05,1,1050.9344970703125,1022.9303967285156
2009-10-06,1,1052.4009948730468,1024.3811962890625
2009-10-07,1,1053.6114929199218,1025.9403955078126
2009-10-08,1,1054.6784912109374,1027.7469946289064
2009-10-09,1,1056.1164916992188,1029.4417944335937
2009-10-12,1,1057.4589904785157,1031.2159936523437
2009-10-13,1,1058.4869873046875,1032.6271923828126
2009-10-14,1,1059.6499877929687,1034.3545922851563
2009-10-15,1,1061.2034912109375,1036.2313940429688
2009-10-16,1,1062.1724914550782,1038.0433947753907
2009-10-19,1,1063.8349914550781,1039.7919958496093
2009-10-20,1,1064.8049926757812,1041.4711975097657
2009-10-21,1,1065.831494140625,1043.2121984863281
2009-10-22,1,1067.9379943847657,1044.95419921875
2009-10-23,1,1069.698992919922,1046.2915991210937
2009-10-26,1,1069.8974914550781,1047.5487976074219
2009-10-27,1,1070.0374938964844,1049.2223986816407
2009-10-28,1,1069.3149963378905,1050.2815991210937
2009-10-29,1,1071.127996826172,1051.674598388672
2009-10-30,1,1071.6769958496093,1052.2509973144531
2009-11-02,1,1071.797998046875,1052.5859973144532
2009-11-03,1,1071.332501220703,1052.9827990722656
2009-11-04,1,1070.7785034179688,1053.3527990722657
2009-11-05,1,1070.836004638672,1054.122999267578
2009-11-06,1,1070.7265075683595,1054.8894006347657
2009-11-09,1,1071.5710083007812,1056.1723986816405
2009-11-10,1,1072.56201171875,1057.6201989746094
2009-11-11,1,1072.8865112304688,1059.629599609375
2009-11-12,1,1072.4205078125,1061.4793994140625
2009-11-13,1,1072.7105041503905,1063.28419921875
2009-11-16,1,1073.2800048828126,1065.1421997070313
2009-11-17,1,1074.2429992675782,1066.8407983398438
2009-11-18,1,1075.6630004882813,1068.3693994140624
2009-11-19,1,1075.7625,1069.384599609375
2009-11-20,1,1076.3515014648438,1070.3576000976564
2009-11-23,1,1078.3160034179687,1071.4956005859376
2009-11-24,1,1080.4280029296874,1072.5560009765625
2009-11-25,1,1083.8280029296875,1073.3934008789063
2009-11-27,1,1085.0970031738282,1073.9134008789063
2009-11-30,1,1088.0690063476563,1074.46
2009-12-01,1,1091.3680053710937,1075.3439990234374
2009-12-02,1,1094.559503173828,1076.0955981445313
2009-12-03,1,1097.2305053710938,1076.8765991210937
2009-12-04,1,1099.1980041503907,1077.9805981445313
2009-12-07,1,1100.8955017089843,1079.157998046875
2009-12-08,1,1100.8385009765625,1079.737197265625
2009-12-09,1,1100.985498046875,1080.4439965820313
2009-12-10,1,1101.1774963378907,1081.3493969726562
2009-12-11,1,1102.1359985351562,1082.8805981445312
2009-12-14,1,1103.167498779297,1084.6585986328125
2009-12-15,1,1103.0989990234375,1086.0080004882811
2009-12-16,1,1103.0420043945312,1087.0972021484374
2009-12-17,1,1102.3559997558593,1087.8672021484374
2009-12-18,1,1102.7344970703125,1088.607001953125
2009-12-21,1,1103.8679992675782,1089.458203125
2009-12-22,1,1104.4570007324219,1090.2948046875
2009-12-23,1,1105.2039978027344,1091.2428051757813
2009-12-24,1,1105.9964965820313,1091.9320043945313
2009-12-28,1,1107.8109985351562,1092.5564038085938
2009-12-29,1,1109.3394958496094,1093.3268017578125
2009-12-30,1,1110.2174987792969,1093.897001953125
2009-12-31,1,1110.510498046875,1094.3778002929687
2010-01-04,1,1112.163995361328,1095.409599609375
2010-01-05,1,1113.6909973144532,1096.2817993164062
2010-01-06,1,1115.385498046875,1097.4326000976562
2010-01-07,1,1117.872998046875,1098.9273999023437
2010-01-08,1,1120.3244995117188,1100.558798828125
2010-01-11,1,1122.5559997558594,1102.6457983398439
2010-01-12,1,1124.0464965820313,1104.047998046875
2010-01-13,1,1125.625,1106.2378002929688
2010-01-14,1,1127.6514953613282,1108.3493994140624
2010-01-15,1,1128.993994140625,1110.1617993164064
2010-01-19,1,1131.7014953613282,1112.2363989257813
2010-01-20,1,1133.479998779297,1113.664599609375
2010-01-21,1,1133.601495361328,1114.6081982421874
2010-01-22,1,1132.2884948730468,1114.5817993164062
2010-01-25,1,1131.097998046875,1114.6571997070312
2010-01-26,1,1129.382501220703,1114.530400390625
2010-01-27,1,1127.8684997558594,1114.7356005859374
2010-01-28,1,1125.7850036621094,1114.5566015625
2010-01-29,1,1123.1575012207031,1113.8480004882813
2010-02-01,1,1121.8619995117188,1113.425400390625
2010-02-02,1,1120.3784973144532,1113.2957983398437
2010-02-03,1,1118.4164978027343,1113.3433984375
2010-02-04,1,1114.7149963378906,1112.777998046875
2010-02-05,0,1110.9399963378905,1111.9769970703126
2010-02-08,0,1106.5279968261718,1110.9987963867188
2010-02-09,0,1102.7049987792968,1110.1965966796874
2010-02-10,0,1099.3005004882812,1109.7293969726563
2010-02-11,0,1095.9399963378905,1109.3861962890626
2010-02-12,0,1092.292498779297,1108.7191967773438
2010-02-16,0,1090.2344970703125,1108.431796875
2010-02-17,0,1087.6984985351562,1108.4235961914062
2010-02-18,0,1086.1339965820312,1108.4389965820312
2010-02-19,0,1085.7684997558595,1108.5573974609374
2010-02-22,0,1086.5809997558595,1108.878798828125
2010-02-23,0,1086.4719970703125,1108.8517993164062
2010-02-24,0,1087.1254943847657,1108.909599609375
2010-02-25,0,1087.3974914550781,1108.8401977539063
2010-02-26,0,1088.395489501953,1108.6477978515625
2010-03-01,0,1090.4874877929688,1108.8033959960937
2010-03-02,0,1091.9434936523437,1108.98599609375
2010-03-03,0,1092.7169982910157,1109.4401977539062
2010-03-04,0,1094.0014953613281,1109.8501977539063
2010-03-05,0,1097.7809936523438,1110.3431958007814
2010-03-08,0,1101.3964965820312,1110.7527954101563
2010-03-09,0,1105.5819946289062,1111.1499951171875
2010-03-10,0,1109.336492919922,1111.5325952148437
2010-03-11,1,1113.4419921875,1111.9817944335937
2010-03-12,1,1117.0179931640625,1112.4575952148436
2010-03-15,1,1120.7679931640625,1112.93939453125
2010-03-16,1,1123.997491455078,1113.8265942382814
2010-03-17,1,1127.3324890136719,1114.4909936523438
2010-03-18,1,1130.2864868164063,1115.0771923828124
2010-03-19,1,1132.8229858398438,1115.532392578125
2010-03-22,1,1135.71298828125,1116.014794921875
2010-03-23,1,1139.6914916992187,1116.5985961914062
2010-03-24,1,1142.8154907226562,1117.0133959960938
2010-03-25,1,1145.9549926757813,1117.6035961914063
2010-03-26,1,1149.059991455078,1118.0217944335936
2010-03-29,1,1151.9354919433595,1118.5169946289063
2010-03-30,1,1154.6834899902344,1119.2617944335936
2010-03-31,1,1157.2154907226563,1119.6457958984374
2010-04-01,1,1159.971990966797,1120.4469946289062
2010-04-05,1,1162.4089904785155,1121.8661938476562
2010-04-06,1,1164.955987548828,1123.8197924804688
2010-04-07,1,1167.0559875488282,1125.5331909179688
2010-04-08,1,1169.0974853515625,1127.4185888671875
2010-04-09,1,1171.3039855957031,1129.3559887695312
2010-04-12,1,1173.628485107422,1131.5949877929688
2010-04-13,1,1175.9679870605469,1134.0635888671875
2010-04-14,1,1178.527490234375,1136.4927905273437
2010-04-15,1,1180.8004943847657,1138.6597924804687
2010-04-16,1,1182.115496826172,1140.5567919921875
2010-04-19,1,1183.9964965820313,1143.2449926757813
2010-04-20,1,1186.0644958496093,1146.0645947265625
2010-04-21,1,1187.6529907226563,1149.04859375
2010-04-22,1,1189.7004943847655,1151.8115942382813
2010-04-23,1,1192.2779968261718,1154.7945947265625
2010-04-26,1,1194.5510009765626,1157.4661962890625
2010-04-27,1,1195.0755004882812,1159.6301953125
2010-04-28,1,1195.979998779297,1161.5599951171876
2010-04-29,1,1197.8474975585937,1163.7053955078125
2010-04-30,1,1198.2769958496094,1165.3041943359376
2010-05-03,1,1199.017999267578,1167.1659936523438
2010-05-04,1,1198.2260009765625,1168.47779296875
2010-05-05,1,1197.3970031738281,1169.903193359375
2010-05-06,1,1194.4825073242187,1170.3613940429686
2010-05-07,1,1190.3080078125,1170.5201953125
2010-05-10,1,1188.4705078125,1171.6249951171876
2010-05-11,1,1186.3950073242188,1172.4265966796875
2010-05-12,1,1184.4460083007812,1173.4937963867187
2010-05-13,1,1181.7345031738282,1174.2667944335938
2010-05-14,1,1178.9120056152344,1174.52099609375
2010-05-17,1,1175.8830017089845,1174.4857958984376
2010-05-18,0,1171.564501953125,1174.131796875
2010-05-19,0,1167.0200073242188,1173.623798828125
2010-05-20,0,1160.1660034179688,1172.1433984375
2010-05-21,0,1153.6864990234376,1170.8923974609374
2010-05-24,0,1146.7664978027344,1169.3655981445313
2010-05-25,0,1141.2825012207031,1167.8359985351562
2010-05-26,0,1135.1119995117188,1166.0057983398438
2010-05-27,0,1129.9260009765626,1164.7428002929687
2010-05-28,0,1125.0620056152343,1163.2144018554689
2010-06-01,0,1118.4845031738282,1161.4306005859376
2010-06-02,0,1114.7235046386718,1160.0819995117188
2010-06-03,0,1111.5715026855469,1158.6551977539064
2010-06-04,0,1108.4080017089843,1156.5983984375
2010-06-07,0,1105.3875,1154.2931982421876
2010-06-08,0,1100.5010009765624,1152.2013989257812
2010-06-09,0,1095.49599609375,1149.8507983398438
2010-06-10,0,1091.2544921875,1148.122197265625
2010-06-11,0,1087.9624938964844,1146.565595703125
2010-06-14,0,1085.6599914550782,1144.7961962890624
2010-06-15,0,1084.5744934082031,1143.3519970703126
2010-06-16,0,1084.264990234375,1141.8553979492187
2010-06-17,0,1084.3144897460938,1140.5271997070313
2010-06-18,0,1086.6104919433594,1139.1486010742187
2010-06-21,0,1087.8859924316407,1137.5252001953124
2010-06-22,0,1088.968994140625,1135.5018017578125
2010-06-23,0,1089.8694946289063,1133.3966015625
2010-06-24,0,1090.156494140625,1130.6573999023437
2010-06-25,0,1088.8414916992188,1127.95919921875
2010-06-28,0,1088.0994873046875,1125.607998046875
2010-06-29,0,1086.6259887695312,1122.4823974609376
2010-06-30,0,1083.2424865722655,1118.9531958007813
2010-07-01,0,1079.4694885253907,1115.381796875
2010-07-02,0,1077.3544891357421,1111.6599963378906
2010-07-06,0,1076.2339935302734,1107.8755969238282
2010-07-07,0,1076.147494506836,1104.8399963378906
2010-07-08,0,1076.8754974365233,1102.5707971191407
2010-07-09,0,1076.4314971923827,1100.3027966308593
2010-07-12,0,1075.788998413086,1097.742196044922
2010-07-13,0,1076.074496459961,1095.915196533203
2010-07-14,0,1075.071499633789,1093.7733972167969
2010-07-15,0,1074.1649993896485,1092.2309973144531
2010-07-16,0,1071.606997680664,1090.2111975097657
2010-07-19,0,1069.293997192383,1089.0731970214845
2010-07-20,0,1067.8079986572266,1088.5251965332031
2010-07-21,0,1066.5219940185548,1086.7223962402343
2010-07-22,0,1066.6034942626952,1085.4799963378907
2010-07-23,0,1068.0519989013671,1084.099796142578
2010-07-26,0,1069.9644989013673,1083.2511975097657
2010-07-27,0,1071.9279998779298,1082.814395751953
2010-07-28,0,1075.1725006103516,1082.1981970214845
2010-07-29,0,1078.7135040283204,1081.8127966308593
2010-07-30,1,1082.4250030517578,1081.5437951660156
2010-08-02,1,1087.5890014648437,1082.6291955566405
2010-08-03,1,1092.2089965820312,1083.2845959472656
2010-08-04,1,1095.5574951171875,1084.3563952636719
2010-08-05,1,1098.335498046875,1085.3919958496094
2010-08-06,1,1100.5195007324219,1086.4657971191407
2010-08-09,1,1102.971502685547,1086.9603967285157
2010-08-10,1,1104.2575073242188,1087.5933972167968
2010-08-11,1,1103.9725036621094,1087.9685974121094
2010-08-12,1,1103.32900390625,1087.6731970214844
2010-08-13,1,1104.0475036621094,1087.2015979003907
2010-08-16,1,1104.45400390625,1087.4915979003906
2010-08-17,1,1104.9070068359374,1088.332999267578
2010-08-18,1,1106.1355102539062,1088.9761999511718
2010-08-19,1,1105.2335083007813,1089.375001220703
2010-08-20,1,1103.6850036621095,1089.0720007324219
2010-08-23,1,1101.3025024414062,1088.5872009277343
2010-08-24,1,1098.20400390625,1087.8320007324219
2010-08-25,1,1095.6640014648438,1086.6340002441407
2010-08-26,1,1092.9484985351562,1085.286199951172
2010-08-27,1,1091.097998046875,1084.2571984863282
2010-08-30,1,1087.2510009765624,1082.8853991699218
2010-08-31,1,1083.6945007324218,1081.6079992675782
2010-09-01,1,1081.3470031738282,1081.307598876953
2010-09-02,0,1079.5614990234376,1081.268797607422
2010-09-03,0,1078.7049987792968,1081.8851989746095
2010-09-07,0,1076.9074951171874,1082.1867980957031
2010-09-08,0,1075.7979919433594,1082.6727990722657
2010-09-09,0,1076.53349609375,1083.9316003417969
2010-09-10,0,1077.830499267578,1085.5084020996094
2010-09-13,0,1079.9630004882813,1087.399002685547
2010-09-14,0,1082.0489990234375,1089.3694018554688
2010-09-15,0,1083.6754943847657,1091.309599609375
2010-09-16,0,1085.2004943847655,1092.5973999023438
2010-09-17,0,1087.6984924316407,1093.70419921875
2010-09-20,0,1091.249493408203,1094.99919921875
2010-09-21,0,1094.8704956054687,1096.2197998046875
2010-09-22,1,1098.9909973144531,1096.9986010742186
2010-09-23,1,1102.465997314453,1097.5917993164062
2010-09-24,1,1107.5385009765625,1098.6356005859375
2010-09-27,1,1111.4170043945312,1100.181201171875
2010-09-28,1,1116.3559997558593,1101.7102001953126
2010-09-29,1,1121.1260009765624,1102.9352001953125
2010-09-30,1,1124.1714965820313,1104.3673999023438
2010-10-01,1,1126.978497314453,1105.418798828125
2010-10-04,1,1128.6044982910157,1106.1061987304688
2010-10-05,1,1132.05,1107.0209985351562
2010-10-06,1,1135.104998779297,1107.9435986328126
2010-10-07,1,1137.7989990234375,1108.9821997070312
2010-10-08,1,1140.5789978027344,1110.254599609375
2010-10-11,1,1142.7499938964843,1111.5289990234376
2010-10-12,1,1145.18349609375,1112.4071997070312
2010-10-13,1,1147.8349975585938,1113.56
2010-10-14,1,1150.292498779297,1114.4914013671876
2010-10-15,1,1152.8224975585938,1115.4989990234376
2010-10-18,1,1154.9224975585937,1116.7603979492187
2010-10-19,1,1156.228497314453,1117.52259765625
2010-10-20,1,1158.422998046875,1118.6647973632812
2010-10-21,1,1161.1945007324218,1120.4805981445313
2010-10-22,1,1162.9149963378907,1122.4699975585938
2010-10-25,1,1165.0879943847656,1124.5973974609376
2010-10-26,1,1166.9849975585937,1126.72259765625
2010-10-27,1,1168.87099609375,1128.5207958984374
2010-10-28,1,1171.0,1130.3131958007812
2010-10-29,1,1172.8510009765625,1132.4657958984376
2010-11-01,1,1175.2184997558593,1134.7195971679687
2010-11-02,1,1176.8594970703125,1137.2437963867187
2010-11-03,1,1178.7589965820312,1140.165595703125
2010-11-04,1,1181.9089965820312,1143.4801977539062
2010-11-05,1,1184.943994140625,1147.0527978515624
2010-11-08,1,1187.8404968261718,1150.2259985351564
2010-11-09,1,1190.0219970703124,1153.5155981445312
2010-11-10,1,1192.0524963378907,1156.9031982421875
2010-11-11,1,1194.038995361328,1159.5681982421875
2010-11-12,1,1195.1899963378905,1161.7503979492187
2010-11-15,1,1195.8419982910157,1163.6151977539062
2010-11-16,1,1196.4639953613282,1165.3451977539062
2010-11-17,1,1196.4849914550782,1166.9395971679687
2010-11-18,1,1197.3064880371094,1168.789794921875
2010-11-19,1,1198.1389892578125,1170.5933935546875
2010-11-22,1,1198.7499877929688,1172.1121923828125
2010-11-23,1,1198.5044860839844,1173.3047924804687
2010-11-24,1,1199.2994873046875,1174.7703930664063
2010-11-26,1,1199.5804870605468,1176.0651928710938
2010-11-29,1,1199.805487060547,1177.30859375
2010-11-30,1,1199.6139892578126,1178.0653955078126
2010-12-01,1,1200.2389892578126,1179.3911938476563
2010-12-02,1,1201.4174926757812,1181.1361938476562
2010-12-03,1,1201.5999877929687,1183.1337939453124
2010-12-06,1,1201.4634887695313,1184.62279296875
2010-12-07,1,1201.4884887695312,1186.2545922851561
2010-12-08,1,1202.232489013672,1187.8661938476562
2010-12-09,1,1202.9469909667969,1189.6315942382812
2010-12-10,1,1204.289990234375,1191.615595703125
2010-12-13,1,1206.352490234375,1193.4999951171876
2010-12-14,1,1208.5444885253905,1195.5911938476563
2010-12-15,1,1211.3889892578125,1197.0807934570312
2010-12-16,1,1214.6029907226562,1198.7387939453124
2010-12-17,1,1216.9639953613282,1200.4557934570312
2010-12-20,1,1219.331494140625,1202.0943920898437
2010-12-21,1,1222.1694946289062,1203.8799926757813
2010-12-22,1,1226.0749938964843,1205.6613916015624
2010-12-23,1,1228.99599609375,1207.2347924804687
2010-12-27,1,1232.4029968261718,1208.9093920898438
2010-12-28,1,1235.940496826172,1210.5557934570313
2010-12-29,1,1239.9019958496094,1212.0571948242186
2010-12-30,1,1242.492498779297,1213.8967944335936
2010-12-31,1,1244.297998046875,1215.4861938476563
2011-01-03,1,1246.6559997558593,1217.3183935546874
2011-01-04,1,1249.0099975585938,1219.0607934570312
2011-01-05,1,1251.6505004882813,1220.8795947265626
2011-01-06,1,1253.9289978027343,1222.6437939453126
2011-01-07,1,1255.8539978027343,1224.424794921875
2011-01-10,1,1257.3214965820312,1226.1441943359375
2011-01-11,1,1259.0224975585938,1227.96859375
2011-01-12,1,1261.2409973144531,1230.0001928710938
2011-01-13,1,1263.667498779297,1231.803994140625
2011-01-14,1,1266.1859985351562,1233.7095947265625
2011-01-18,1,1268.7414978027343,1235.1887939453125
2011-01-19,1,1270.4835021972656,1236.3101953125
2011-01-20,1,1271.76650390625,1237.4503955078126
2011-01-21,1,1272.9920043945312,1238.84939453125
2011-01-24,1,1274.6955017089845,1240.2919946289062
2011-01-25,1,1276.3775024414062,1241.844794921875
2011-01-26,1,1278.2835021972655,1243.7931958007812
2011-01-27,1,1280.271502685547,1245.8289965820313
2011-01-28,1,1281.1945007324218,1247.7889965820314
2011-01-31,1,1282.6184997558594,1249.9395971679687
2011-02-01,1,1284.4044982910157,1252.15759765625
2011-02-02,1,1286.0960021972655,1254.2435986328126
2011-02-03,1,1287.622998046875,1256.428798828125
2011-02-04,1,1289.4739990234375,1259.0315991210937
2011-02-07,1,1291.8515014648438,1261.4456005859374
2011-02-08,1,1294.5924987792969,1264.1489990234375
2011-02-09,1,1296.9125,1266.8113989257813
2011-02-10,1,1298.7080017089843,1269.6377978515625
2011-02-11,1,1300.9775024414062,1272.0993994140624
2011-02-14,1,1302.9315002441406,1274.3151977539062
2011-02-15,1,1304.5809997558595,1276.3811987304687
2011-02-16,1,1307.3009948730469,1278.6451977539064
2011-02-17,1,1310.3094970703125,1280.978798828125
2011-02-18,1,1313.292498779297,1283.2733984375
2011-02-22,1,1314.5224975585938,1284.922197265625
2011-02-23,1,1315.33349609375,1286.262197265625
2011-02-24,1,1315.8069946289063,1287.5749975585939
2011-02-25,1,1316.823992919922,1289.1407983398437
2011-02-28,1,1319.3679931640625,1290.9805981445313
2011-03-01,1,1320.3784912109375,1292.2497973632812
2011-03-02,1,1320.4209899902344,1293.5403955078125
2011-03-03,1,1321.7679870605468,1295.2181958007814
2011-03-04,1,1322.4704895019531,1296.5491967773437
2011-03-07,1,1322.4334899902344,1297.5749975585939
2011-03-08,1,1322.5719848632812,1298.87599609375
2011-03-09,1,1322.3444885253907,1300.125595703125
2011-03-10,1,1321.0559875488282,1300.8575952148437
2011-03-11,1,1320.1764892578126,1301.7475952148438
2011-03-14,1,1318.5384887695313,1302.5177954101562
2011-03-15,1,1316.0159912109375,1303.0023950195311
2011-03-16,1,1312.459490966797,1302.7025952148438
2011-03-17,1,1309.3294921875,1302.7729956054689
2011-03-18,1,1306.268487548828,1302.8259936523436
2011-03-21,1,1304.0369873046875,1303.3165942382811
2011-03-22,0,1302.9534912109375,1303.7619946289062
2011-03-23,0,1302.4604919433593,1304.3177954101564
2011-03-24,0,1302.638494873047,1305.021396484375
2011-03-25,0,1302.3344970703124,1305.5781982421875
2011-03-28,0,1301.4829956054687,1306.106796875
2011-03-29,0,1302.138494873047,1306.6307958984376
2011-03-30,0,1303.1294982910156,1307.295595703125
2011-03-31,0,1302.8724975585938,1308.1737939453126
2011-04-01,0,1303.435498046875,1309.2167944335938
2011-04-04,0,1304.5724975585938,1310.2071948242187
2011-04-05,0,1305.1130004882812,1311.0429956054688
2011-04-06,0,1305.8890014648437,1311.9301953125
2011-04-07,0,1307.8090026855468,1312.6677954101563
2011-04-08,0,1309.0035034179687,1313.2403955078125
2011-04-11,0,1310.407000732422,1314.2027954101563
2011-04-12,0,1312.021502685547,1314.7635961914064
2011-04-13,0,1314.8980041503905,1314.8999975585937
2011-04-14,1,1316.938006591797,1315.1097973632814
2011-04-15,1,1318.9615112304687,1315.3613989257813
2011-04-18,1,1319.29951171875,1315.2467993164062
2011-04-19,1,1320.242010498047,1315.1181982421874
2011-04-20,1,1321.8830078125,1315.2339990234375
2011-04-21,1,1323.2690063476562,1315.5639990234374
2011-04-25,1,1324.34150390625,1315.8315991210939
2011-04-26,1,1326.1940063476563,1316.1933984375
2011-04-27,1,1328.0050109863282,1316.6602001953124
2011-04-28,1,1329.6160095214843,1317.309599609375
2011-04-29,1,1331.5050109863282,1317.855400390625
2011-05-02,1,1332.9455078125,1318.2711987304688
2011-05-03,1,1334.1330078125,1318.5433984375
2011-05-04,1,1334.8675048828125,1319.1809985351563
2011-05-05,1,1334.8455017089843,1319.7349975585937
2011-05-06,1,1335.179998779297,1320.4169970703124
2011-05-09,1,1336.0859985351562,1320.9451977539063
2011-05-10,1,1337.7210021972655,1321.5439990234374
2011-05-11,1,1339.1169982910155,1322.2589990234376
2011-05-12,1,1340.8289978027344,1323.0632006835938
2011-05-13,1,1341.9914978027343,1323.1992016601562
2011-05-16,1,1342.4809936523438,1323.3656005859375
2011-05-17,1,1343.6729919433594,1323.7426000976564
2011-05-18,1,1345.075994873047,1324.1198022460937
2011-05-19,1,1345.7379943847657,1324.5914013671875
2011-05-20,1,1345.5324951171874,1325.3546020507813
2011-05-23,1,1344.638494873047,1325.6164013671876
2011-05-24,1,1343.0904968261718,1326.0142016601562
2011-05-25,1,1341.3309936523438,1326.786201171875
2011-05-26,1,1339.5914916992188,1328.1623999023439
2011-05-27,1,1337.9659912109375,1329.31
2011-05-31,1,1337.164990234375,1330.6297998046875
2011-06-01,1,1335.0614929199219,1330.9532006835936
2011-06-02,1,1333.3424926757812,1331.3365991210937
2011-06-03,1,1331.5954956054688,1331.3889990234375
2011-06-06,0,1328.8940002441407,1330.91919921875
2011-06-07,0,1325.8264953613282,1330.3419970703126
2011-06-08,0,1321.9464965820312,1329.7293994140625
2011-06-09,0,1319.292498779297,1329.1206005859376
2011-06-10,0,1315.4089965820312,1327.975
2011-06-13,0,1312.111993408203,1326.895
2011-06-14,0,1310.0319946289062,1326.00419921875
2011-06-15,0,1306.8539978027343,1324.6552001953125
2011-06-16,0,1303.2019958496094,1323.355400390625
2011-06-17,0,1299.5969970703125,1322.074599609375
2011-06-20,0,1296.851495361328,1320.9715991210937
2011-06-21,0,1295.7589965820312,1320.3185986328126
2011-06-22,0,1294.3019958496093,1319.5721997070314
2011-06-23,0,1292.4534973144532,1318.9589990234374
2011-06-24,0,1289.5914978027345,1318.0397973632812
2011-06-27,0,1287.0414978027343,1317.351396484375
2011-06-28,0,1284.6150024414062,1316.8911962890625
2011-06-29,0,1284.2580017089845,1316.9365966796875
2011-06-30,0,1284.6430053710938,1317.0969970703125
2011-07-01,0,1286.618505859375,1317.2831982421876
2011-07-05,0,1289.20400390625,1317.2931982421876
2011-07-06,0,1291.9180053710938,1317.37259765625
2011-07-07,0,1295.6010009765625,1317.492197265625
2011-07-08,0,1298.3410034179688,1317.2549975585937
2011-07-11,0,1300.76650390625,1316.4351977539063
2011-07-12,0,1302.8570068359375,1315.4357983398438
2011-07-13,0,1304.3495056152344,1314.5657983398437
2011-07-14,0,1306.5220031738281,1313.6107983398438
2011-07-15,0,1308.947003173828,1312.9871997070313
2011-07-18,0,1310.6440002441407,1312.3939990234376
2011-07-19,1,1313.0625,1312.124599609375
2011-07-20,1,1314.5784973144532,1311.7155981445312
2011-07-21,1,1317.4114990234375,1311.4483984375
2011-07-22,1,1320.4875,1311.5071997070313
2011-07-25,1,1323.936505126953,1311.2828002929687
2011-07-26,1,1326.5285034179688,1311.1661987304688
2011-07-27,1,1326.939501953125,1310.674599609375
2011-07-28,1,1326.6025024414062,1310.1084008789062
2011-07-29,1,1325.184503173828,1309.140400390625
2011-08-01,1,1322.547998046875,1308.0071997070313
2011-08-02,1,1318.3565002441405,1306.4228002929688
2011-08-03,1,1314.4125,1305.2821997070312
2011-08-04,1,1306.7549987792968,1302.957998046875
2011-08-05,0,1299.5339965820312,1300.5361987304686
2011-08-08,0,1289.5324951171874,1296.4115991210938
2011-08-09,0,1282.4769958496095,1293.2402001953126
2011-08-10,0,1272.6289978027344,1288.7514013671876
2011-08-11,0,1265.8174987792968,1285.9132006835937
2011-08-12,0,1258.9510009765625,1283.2306030273437
2011-08-15,0,1253.9035034179688,1281.3172021484374
2011-08-16,0,1247.2050048828125,1279.4490014648438
2011-08-17,0,1240.6075073242187,1277.6280029296875
2011-08-18,0,1230.4500061035155,1274.8498022460938
2011-08-19,0,1219.375506591797,1271.5404028320313
2011-08-22,0,1208.695001220703,1268.5972021484374
2011-08-23,0,1200.2155029296875,1266.4076025390625
2011-08-24,0,1193.8510009765625,1264.2022021484374
2011-08-25,0,1186.7809997558593,1262.0792016601563
2011-08-26,0,1181.0070007324218,1260.26240234375
2011-08-29,0,1177.1640014648438,1259.0340014648436
2011-08-30,0,1175.1075012207032,1257.7252026367187
2011-08-31,0,1173.0350036621094,1256.1926025390626
2011-09-01,0,1173.252508544922,1254.538203125
2011-09-02,0,1171.9820068359375,1252.3476025390626
2011-09-06,0,1174.2710083007812,1250.2834033203126
2011-09-07,0,1175.575506591797,1248.6538037109376
2011-09-08,0,1178.8325073242188,1246.4384033203125
2011-09-09,0,1177.9120056152344,1243.3748022460939
2011-09-12,0,1177.0850036621093,1240.20740234375
2011-09-13,0,1175.50400390625,1236.8714013671874
2011-09-14,0,1175.3000061035157,1233.88740234375
2011-09-15,0,1176.0610046386719,1231.2852026367189
2011-09-16,0,1179.82900390625,1228.5410034179688
2011-09-19,0,1183.857000732422,1225.7468017578126
2011-09-20,0,1187.7705017089843,1223.3988012695313
2011-09-21,0,1187.9910034179688,1220.461201171875
2011-09-22,0,1185.5890075683594,1216.6980029296874
2011-09-23,0,1184.4470092773438,1213.2492041015626
2011-09-26,0,1183.7545043945313,1210.1854028320313
2011-09-27,0,1182.0195068359376,1207.5842041015626
2011-09-28,0,1178.9265075683593,1204.0708056640624
2011-09-29,0,1176.0020080566405,1200.7620068359374
2011-09-30,0,1172.3520080566407,1196.5144067382812
2011-10-03,0,1168.615008544922,1191.5986059570312
2011-10-04,0,1166.5505065917969,1187.32900390625
2011-10-05,0,1163.8210083007812,1183.5708056640624
2011-10-06,0,1162.7745056152344,1180.7724047851561
2011-10-07,0,1162.836004638672,1177.868203125
2011-10-10,0,1164.4670043945312,1175.9204028320312
2011-10-11,0,1165.6005065917968,1174.0924047851563
2011-10-12,0,1166.52900390625,1173.1564038085937
2011-10-13,0,1166.2565063476563,1172.0228051757813
2011-10-14,0,1166.6850036621095,1172.5130053710936
2011-10-17,0,1166.523504638672,1172.5426049804687
2011-10-18,0,1167.688006591797,1174.661005859375
2011-10-19,0,1169.8440063476562,1175.4080053710939
2011-10-20,0,1174.1355041503907,1177.30060546875
2011-10-21,1,1179.2265014648438,1178.6128051757812
2011-10-24,1,1183.7885009765625,1180.1204028320312
2011-10-25,1,1186.4720031738282,1180.6116040039062
2011-10-26,1,1191.0190002441407,1181.5964038085938
2011-10-27,1,1197.228497314453,1183.4104028320312
2011-10-28,1,1204.9119934082032,1186.2992016601563
2011-10-31,1,1212.615496826172,1188.8946020507813
2011-11-01,1,1217.3320007324219,1190.7838037109375
2011-11-02,1,1222.0255004882813,1192.2948046875
2011-11-03,1,1226.8345031738281,1193.9658056640626
2011-11-04,1,1231.7230041503906,1195.8450048828124
2011-11-07,1,1235.0345031738282,1197.5314038085937
2011-11-08,1,1239.0535034179688,1198.8482055664062
2011-11-09,1,1240.1460021972657,1199.1718041992187
2011-11-10,1,1241.947998046875,1199.5880029296875
2011-11-11,1,1243.9114990234375,1200.7766015625
2011-11-14,1,1246.457501220703,1202.332802734375
2011-11-15,1,1248.07900390625,1204.1842041015625
2011-11-16,1,1249.4305053710937,1204.9500048828124
2011-11-17,1,1249.4675048828126,1205.5546044921875
2011-11-18,1,1248.3375061035156,1206.7830053710939
2011-11-21,1,1245.2770080566406,1207.3972045898438
2011-11-22,1,1243.2265075683595,1207.70060546875
2011-11-23,1,1239.2160095214845,1207.1628051757812
2011-11-25,1,1232.9200134277344,1206.1540063476561
2011-11-28,1,1228.293017578125,1205.6848071289062
2011-11-29,1,1225.3875122070312,1205.506806640625
2011-11-30,1,1226.8215087890626,1206.4042065429687
2011-12-01,1,1227.1555053710938,1207.96060546875
2011-12-02,1,1226.3120056152343,1210.2550048828125
2011-12-05,1,1226.5045043945313,1212.6680029296874
2011-12-06,1,1226.372003173828,1214.5784033203124
2011-12-07,1,1225.6265014648438,1216.2910034179688
2011-12-08,1,1225.8890014648437,1217.9568017578124
2011-12-09,1,1226.6635009765625,1219.8526000976562
2011-12-12,1,1225.294500732422,1221.9535986328126
2011-12-13,0,1223.9919982910155,1224.4835986328126
2011-12-14,0,1221.6924926757813,1226.2409985351562
2011-12-15,0,1220.6344909667969,1227.6753979492187
2011-12-16,0,1220.8109924316407,1228.76919921875
2011-12-19,0,1220.2959899902344,1229.7669995117187
2011-12-20,0,1222.7119934082032,1230.6952001953125
2011-12-21,0,1225.4959899902344,1231.658798828125
2011-12-22,0,1230.1064880371093,1232.593798828125
2011-12-23,1,1235.4394836425781,1233.827197265625
2011-12-27,1,1239.0834838867188,1234.64419921875
2011-12-28,1,1241.8059875488282,1235.6197998046875
2011-12-29,1,1242.6089904785156,1236.3726000976562
2011-12-30,1,1243.259991455078,1237.3269995117187
2012-01-03,1,1244.898992919922,1238.560400390625
2012-01-04,1,1245.9099975585937,1239.3414013671875
2012-01-05,1,1247.039501953125,1239.8788037109375
2012-01-06,1,1247.8795043945313,1240.85400390625
2012-01-09,1,1250.197003173828,1241.6280029296875
2012-01-10,1,1252.04150390625,1241.777802734375
2012-01-11,1,1254.8420043945312,1241.9256030273436
2012-01-12,1,1258.3305053710938,1242.7696020507813
2012-01-13,1,1262.1940063476563,1244.18580078125
2012-01-17,1,1266.0900085449218,1245.301201171875
2012-01-18,1,1270.5090087890626,1246.2390014648438
2012-01-19,1,1275.9665100097657,1247.4644018554689
2012-01-20,1,1279.6705078125,1248.5496020507812
2012-01-23,1,1283.2845092773437,1249.351201171875
2012-01-24,1,1286.3170104980468,1251.0622021484376
2012-01-25,1,1289.353515625,1252.789404296875
2012-01-26,1,1292.003515625,1253.881005859375
2012-01-27,1,1295.3380126953125,1255.1720043945313
2012-01-30,1,1297.8375122070313,1256.2760034179687
2012-01-31,1,1300.5780151367187,1257.7860034179687
2012-02-01,1,1302.929510498047,1259.9452026367187
2012-02-02,1,1305.3415100097657,1262.1430029296876
2012-02-03,1,1308.5335083007812,1265.1814038085938
2012-02-06,1,1311.8595031738282,1268.3072021484375
2012-02-07,1,1315.1770080566407,1272.01240234375
2012-02-08,1,1318.0710083007812,1275.8382006835936
2012-02-09,1,1321.0445068359375,1279.0261987304686
2012-02-10,1,1323.4015075683594,1281.9752001953125
2012-02-13,1,1326.5355102539063,1284.0714013671875
2012-02-14,1,1329.3770080566405,1286.1898022460937
2012-02-15,1,1331.1365051269531,1288.1688012695313
2012-02-16,1,1333.3135070800781,1290.1880029296874
2012-02-17,1,1335.606005859375,1292.243203125
2012-02-21,1,1337.91650390625,1294.2672021484375
2012-02-22,1,1340.0670043945313,1296.7334033203124
2012-02-23,1,1341.9369995117188,1298.8988037109375
2012-02-24,1,1344.3024963378907,1301.4842041015625
2012-02-27,1,1346.865496826172,1304.3214038085937
2012-02-28,1,1349.8239990234374,1307.5286059570312
2012-02-29,1,1352.4875,1310.52720703125
2012-03-01,1,1354.9875,1313.6158056640625
2012-03-02,1,1357.1919982910156,1316.90140625
2012-03-05,1,1358.1634948730468,1319.3620043945311
2012-03-06,1,1358.1149963378907,1321.3548046875
2012-03-07,1,1358.393994140625,1323.3274047851562
2012-03-08,1,1359.1914978027344,1325.3390063476563
2012-03-09,1,1360.1375,1327.4478051757812
2012-03-12,1,1361.5599975585938,1329.8768041992187
2012-03-13,1,1363.768994140625,1332.5354028320312
2012-03-14,1,1365.9579956054688,1335.26900390625
2012-03-15,1,1368.926495361328,1337.7798022460938
2012-03-16,1,1371.2329956054687,1340.3172021484374
2012-03-19,1,1373.6589965820312,1342.8910009765625
2012-03-20,1,1375.8244995117188,1345.4452001953125
2012-03-21,1,1378.0859985351562,1347.8890014648437
2012-03-22,1,1379.552001953125,1349.9030029296875
2012-03-23,1,1381.1205017089844,1351.9956030273438
2012-03-26,1,1383.56650390625,1354.4158032226562
2012-03-27,1,1385.5835021972657,1356.884404296875
2012-03-28,1,1387.5765014648437,1359.1218041992188
2012-03-29,1,1389.0360046386718,1361.0266040039062
2012-03-30,1,1390.9780029296876,1362.9060034179688
2012-04-02,1,1393.7135070800782,1364.9792041015626
2012-04-03,1,1397.2145080566406,1366.9268041992189
2012-04-04,1,1399.531005859375,1368.6130029296876
2012-04-05,1,1401.139501953125,1370.0534008789064
2012-04-09,1,1401.7059997558595,1371.328798828125
2012-04-10,1,1401.0809997558595,1372.1739990234375
2012-04-11,1,1399.7190002441407,1373.287998046875
2012-04-12,1,1399.38349609375,1374.7911962890626
2012-04-13,1,1397.7664978027344,1375.7145971679688
2012-04-16,1,1396.0364929199218,1376.5951953125
2012-04-17,1,1395.0879943847656,1377.5127954101563
2012-04-18,1,1394.068994140625,1378.3289965820313
2012-04-19,1,1392.7704956054688,1378.926396484375
2012-04-20,1,1392.0579956054687,1379.4977978515626
2012-04-23,1,1390.549493408203,1379.79759765625
2012-04-24,1,1388.322491455078,1380.3841967773437
2012-04-25,1,1387.2309875488281,1381.1625952148438
2012-04-26,1,1386.9529846191406,1382.1521948242187
2012-04-27,1,1386.956982421875,1383.354794921875
2012-04-30,1,1386.4289855957031,1384.1521948242187
2012-05-01,1,1385.7679809570313,1385.043994140625
2012-05-02,0,1385.2144836425782,1385.84599609375
2012-05-03,0,1384.8449829101562,1386.5241943359374
2012-05-04,0,1383.3959838867188,1386.6369946289062
2012-05-07,0,1382.7649841308594,1386.7137939453125
2012-05-08,0,1383.021484375,1386.6363940429687
2012-05-09,0,1382.3149841308593,1386.2843920898438
2012-05-10,0,1380.835986328125,1386.1305908203126
2012-05-11,0,1379.9924865722655,1385.716591796875
2012-05-14,0,1378.4314880371094,1385.0909912109375
2012-05-15,0,1375.42548828125,1384.4175927734375
2012-05-16,0,1372.4084899902343,1384.0463940429688
2012-05-17,0,1368.805487060547,1383.0909936523437
2012-05-18,0,1364.6399841308594,1381.6771923828126
2012-05-21,0,1362.0924865722657,1380.5795922851562
2012-05-22,0,1359.32548828125,1379.4903930664063
2012-05-23,0,1355.7339904785156,1377.94859375
2012-05-24,0,1351.768994140625,1376.4765942382812
2012-05-25,0,1347.4919921875,1374.7809936523438
2012-05-29,0,1344.2174926757812,1373.3459936523439
2012-05-30,0,1339.5924926757812,1371.417392578125
2012-05-31,0,1334.9934875488282,1369.5135913085937
2012-06-01,0,1329.3169921875,1367.016591796875
2012-06-04,0,1324.77099609375,1364.7245922851562
2012-06-05,0,1320.5669982910156,1362.492392578125
2012-06-06,0,1318.1375,1360.4647924804688
2012-06-07,0,1316.1580017089843,1358.5141918945312
2012-06-08,0,1314.54150390625,1356.916591796875
2012-06-11,0,1312.318505859375,1355.0295922851562
2012-06-12,0,1311.610009765625,1353.3437939453124
2012-06-13,0,1310.8210083007812,1351.2605932617187
2012-06-14,0,1311.0360046386718,1349.5749926757812
2012-06-15,0,1312.9350036621095,1348.4525927734376
2012-06-18,0,1315.4130065917968,1347.3865942382813
2012-06-19,0,1317.5125061035155,1346.9021948242187
2012-06-20,0,1319.4655029296875,1346.8441943359376
2012-06-21,0,1319.7980041503906,1345.9801953125
2012-06-22,0,1320.5150024414063,1344.9291967773438
2012-06-25,0,1320.3100036621095,1343.7983959960939
2012-06-26,0,1319.6885009765624,1342.806796875
2012-06-27,0,1320.6150024414062,1341.6281958007812
2012-06-28,0,1321.5505065917969,1340.5061962890625
2012-06-29,0,1325.7565063476563,1340.21099609375
2012-07-02,0,1330.1230041503907,1339.950595703125
2012-07-03,0,1334.549005126953,1340.092197265625
2012-07-05,0,1337.1715026855468,1340.0043969726562
2012-07-06,0,1339.156005859375,1339.28419921875
2012-07-09,1,1340.4960021972656,1338.333798828125
2012-07-10,1,1342.122998046875,1337.0959985351562
2012-07-11,1,1342.9864929199218,1335.966796875
2012-07-12,1,1343.9804931640624,1334.5455981445311
2012-07-13,1,1345.3644958496093,1333.6349975585938
2012-07-16,1,1345.9044982910157,1332.8763989257814
2012-07-17,1,1346.8489990234375,1332.7678002929688
2012-07-18,1,1347.5890014648437,1332.8318017578124
2012-07-19,1,1348.6300048828125,1333.0876025390626
2012-07-20,1,1350.4875061035157,1333.2492041015626
2012-07-23,1,1351.2625061035155,1333.0998046875
2012-07-24,1,1352.492010498047,1332.7982055664063
2012-07-25,1,1353.38701171875,1332.7890063476561
2012-07-26,1,1354.7955139160156,1333.3762060546876
2012-07-27,1,1357.6420104980468,1334.5996044921876
2012-07-30,1,1358.7990112304688,1336.2084057617187
2012-07-31,1,1359.4895080566407,1337.8904052734374
2012-08-01,1,1359.5545043945312,1339.0770043945313
2012-08-02,1,1359.4255065917969,1340.044404296875
2012-08-03,1,1361.2410034179688,1341.4870043945311
2012-08-06,1,1363.3295043945313,1342.9580029296876
2012-08-07,1,1366.323504638672,1344.628603515625
2012-08-08,1,1369.3620056152345,1346.0246020507811
2012-08-09,1,1372.7640075683594,1347.8142041015626
2012-08-10,1,1375.218505859375,1349.7250048828125
2012-08-13,1,1377.7420043945312,1352.2464038085936
2012-08-14,1,1379.7550048828125,1354.7614038085937
2012-08-15,1,1381.3925048828125,1357.1620043945313
2012-08-16,1,1383.3425048828126,1359.1696044921875
2012-08-17,1,1386.1175048828125,1361.2330053710937
2012-08-20,1,1389.4980041503907,1363.0824047851563
2012-08-21,1,1393.2410034179688,1365.1672045898438
2012-08-22,1,1397.0210021972657,1366.9534033203124
2012-08-23,1,1399.1239990234376,1368.69740234375
2012-08-24,1,1400.3820007324218,1370.3380029296875
2012-08-27,1,1401.6389953613282,1371.6900024414062
2012-08-28,1,1403.1380004882812,1372.9804028320314
2012-08-29,1,1404.896502685547,1374.0306030273437
2012-08-30,1,1406.6205017089844,1374.9064038085937
2012-08-31,1,1407.4,1376.527802734375
2012-09-04,1,1407.935498046875,1377.926201171875
2012-09-05,1,1408.0399963378907,1379.7206005859375
2012-09-06,1,1409.5349975585937,1381.9632006835936
2012-09-07,1,1411.290997314453,1384.0846020507813
2012-09-10,1,1412.4514953613282,1386.085400390625
2012-09-11,1,1413.9239990234375,1387.5134008789062
2012-09-12,1,1415.5554992675782,1388.9344018554686
2012-09-13,1,1418.278497314453,1390.6538012695312
2012-09-14,1,1420.7914978027343,1392.6176025390625
2012-09-17,1,1422.9429931640625,1394.7478002929688
2012-09-18,1,1425.002490234375,1396.885
2012-09-19,1,1427.3964904785157,1399.2766015625
2012-09-20,1,1429.7349914550782,1401.652802734375
2012-09-21,1,1432.638494873047,1404.1606030273438
2012-09-24,1,1434.926495361328,1406.162802734375
2012-09-25,1,1436.4839965820313,1407.9218017578125
2012-09-26,1,1437.684991455078,1409.3147998046875
2012-09-27,1,1439.5179931640625,1410.8021997070311
2012-09-28,1,1441.5774963378906,1412.085400390625
2012-10-01,1,1443.472998046875,1413.7219995117186
2012-10-02,1,1445.5135009765625,1415.6265991210937
2012-10-03,1,1447.8910034179687,1417.8801977539063
2012-10-04,1,1449.3550048828124,1420.3503979492189
2012-10-05,1,1450.5055053710937,1422.3685986328126
2012-10-08,1,1451.8455078125,1423.7667993164061
2012-10-09,1,1452.24150390625,1424.8903979492188
2012-10-10,1,1452.04150390625,1425.9552001953125
2012-10-11,1,1450.6840026855468,1427.1056005859375
2012-10-12,1,1448.825,1428.3773999023438
2012-10-15,1,1447.7720031738281,1429.3602001953125
2012-10-16,1,1447.5520080566407,1430.5740014648438
2012-10-17,1,1447.5450073242187,1431.7652026367186
2012-10-18,1,1447.3990051269532,1432.8676025390625
2012-10-19,1,1446.0510009765626,1433.475400390625
2012-10-22,1,1444.8974975585938,1434.0343994140626
2012-10-23,1,1443.4734985351563,1434.2143994140624
2012-10-24,1,1442.2450012207032,1434.3107983398438
2012-10-25,1,1440.5359985351563,1434.4595971679687
2012-10-26,1,1439.0994934082032,1434.3881958007812
2012-10-31,1,1437.4829956054687,1434.2681958007813
2012-11-01,1,1436.5749938964843,1434.4573950195313
2012-11-02,1,1434.7354919433594,1434.4779931640626
2012-11-05,0,1432.5284912109375,1434.5533935546875
2012-11-06,0,1430.9014892578125,1435.0795947265624
2012-11-07,0,1427.8339904785157,1434.7475952148438
2012-11-08,0,1424.6354919433593,1434.0889965820313
2012-11-09,0,1421.9999877929688,1433.4999951171876
2012-11-12,0,1419.3594909667968,1432.8907958984375
2012-11-13,0,1416.656494140625,1432.391796875
2012-11-14,0,1412.424493408203,1431.3699975585937
2012-11-15,0,1407.344989013672,1430.3377978515625
2012-11-16,0,1402.2934875488281,1429.4665991210939
2012-11-19,0,1398.7709899902343,1428.5619995117188
2012-11-20,0,1396.5019958496093,1427.5597998046876
2012-11-21,0,1394.3625,1426.7988012695312
2012-11-23,0,1394.164501953125,1426.3106005859374
2012-11-26,0,1394.04150390625,1425.7052001953125
2012-11-27,0,1393.3400024414063,1424.48419921875
2012-11-28,0,1393.2395080566407,1423.3673999023438
2012-11-29,0,1393.42900390625,1422.4626000976561
2012-11-30,0,1392.8585083007813,1421.5998022460938
2012-12-03,0,1392.6215087890625,1420.5680004882813
2012-12-04,0,1392.1110107421875,1419.5038012695313
2012-12-05,0,1391.1555114746093,1418.4864013671875
2012-12-06,0,1392.1260070800781,1417.6273999023438
2012-12-07,0,1394.15400390625,1417.1569995117188
2012-12-10,0,1396.0890075683594,1416.8616015625
2012-12-11,0,1398.4795043945312,1416.475400390625
2012-12-12,0,1401.177001953125,1416.2315991210937
2012-12-13,0,1404.375,1415.7307983398437
2012-12-14,0,1407.3875,1415.0873974609376
2012-12-17,0,1410.9114990234375,1414.6747973632812
2012-12-18,0,1413.9065002441407,1414.38259765625
2012-12-19,1,1416.3065002441406,1413.8801977539063
2012-12-20,1,1418.9394958496093,1413.636396484375
2012-12-21,1,1419.9894958496093,1413.4097973632813
2012-12-24,1,1421.0079956054688,1413.291796875
2012-12-26,1,1422.0524963378907,1413.0315966796875
2012-12-27,1,1422.4609924316405,1412.821796875
2012-12-28,1,1421.7849975585937,1412.0677978515625
2012-12-31,1,1422.2854919433594,1411.4931958007812
2013-01-02,1,1424.93349609375,1411.5233959960938
2013-01-03,1,1427.549493408203,1411.5639965820312
2013-01-04,1,1430.4089904785155,1412.2295971679687
2013-01-07,1,1432.806494140625,1412.7909985351562
2013-01-08,1,1434.760498046875,1413.6717993164064
2013-01-09,1,1436.8839965820312,1414.7171997070313
2013-01-10,1,1439.097998046875,1415.9002001953124
2013-01-11,1,1441.2765014648437,1417.10240234375
2013-01-14,1,1443.8380065917968,1418.272802734375
2013-01-15,1,1446.7760070800782,1419.167802734375
2013-01-16,1,1448.8895080566406,1420.3364038085938
2013-01-17,1,1450.5970031738282,1421.6100024414063
2013-01-18,1,1453.1054992675781,1422.7618017578125
2013-01-22,1,1455.549005126953,1424.72240234375
2013-01-23,1,1458.7820068359374,1427.0684033203124
2013-01-24,1,1462.1900024414062,1429.367802734375
2013-01-25,1,1466.346502685547,1431.8264013671876
2013-01-28,1,1470.450506591797,1434.3394018554689
2013-01-29,1,1475.7210021972655,1437.3864013671875
2013-01-30,1,1479.509503173828,1440.3590014648437
2013-01-31,1,1481.2940002441405,1443.1236010742186
2013-02-01,1,1483.9840026855468,1445.6492016601562
2013-02-04,1,1485.4460021972657,1447.8071997070313
2013-02-05,1,1487.9160034179688,1450.2123999023438
2013-02-06,1,1490.664501953125,1452.2717993164063
2013-02-07,1,1493.0830017089843,1454.333798828125
2013-02-08,1,1495.3735046386719,1456.7136010742188
2013-02-11,1,1497.6215026855468,1458.8552001953126
2013-02-12,1,1500.0590026855468,1460.9248022460938
2013-02-13,1,1502.4585021972657,1463.0078002929688
2013-02-14,1,1504.8960021972657,1465.246201171875
2013-02-15,1,1506.8385070800782,1467.5010009765624
2013-02-19,1,1509.0865051269532,1469.93419921875
2013-02-20,1,1510.0559997558594,1471.8943994140625
2013-02-21,1,1510.4364990234376,1473.5814013671875
2013-02-22,1,1511.4755004882813,1475.5223999023438
2013-02-25,1,1510.7200012207031,1476.7226000976561
2013-02-26,1,1510.5579956054687,1478.0917993164062
2013-02-27,1,1510.9654968261718,1480.0226000976563
2013-02-28,1,1511.6015014648438,1482.0446020507814
2013-03-01,1,1512.6059997558593,1483.8014013671875
2013-03-04,1,1513.2074951171876,1485.369599609375
2013-03-05,1,1515.4114990234375,1487.44919921875
2013-03-06,1,1516.9199951171875,1489.404599609375
2013-03-07,1,1518.5269958496094,1491.6867993164062
2013-03-08,1,1520.6164978027343,1494.1771997070311
2013-03-11,1,1522.5309936523438,1496.905
2013-03-12,1,1524.3044921875,1499.5926000976563
2013-03-13,1,1526.0589904785156,1502.6343994140625
2013-03-14,1,1528.2039916992187,1505.3752001953126
2013-03-15,1,1530.169989013672,1507.3407983398438
2013-03-18,1,1531.7854858398437,1509.1953979492187
2013-03-19,1,1532.6554870605469,1510.8327978515624
2013-03-20,1,1534.9934875488282,1512.7691967773437
2013-03-21,1,1537.1624877929687,1514.542197265625
2013-03-22,1,1539.2269897460938,1516.4595971679687
2013-03-25,1,1542.4189880371093,1518.05099609375
2013-03-26,1,1545.7604919433593,1519.8853955078125
2013-03-27,1,1548.1034912109376,1521.7287939453124
2013-03-28,1,1550.8289855957032,1523.6657934570312
2013-04-01,1,1553.027490234375,1525.4565942382812
2013-04-02,1,1555.2799926757812,1527.2427954101563
2013-04-03,1,1555.9749877929687,1528.5969946289063
2013-04-04,1,1556.9009887695313,1529.9453930664063
2013-04-05,1,1557.3519897460938,1531.1147924804689
2013-04-08,1,1557.946484375,1532.4797924804689
2013-04-09,1,1558.565985107422,1533.79279296875
2013-04-10,1,1560.3284851074218,1535.5437915039063
2013-04-11,1,1562.2709838867188,1537.2543920898438
2013-04-12,1,1563.551983642578,1538.9921923828124
2013-04-15,1,1563.1349853515626,1540.0771923828124
2013-04-16,1,1564.2584838867188,1541.3051904296874
2013-04-17,1,1564.4419860839844,1542.43119140625
2013-04-18,1,1563.5869873046875,1543.0375903320312
2013-04-19,1,1564.0594848632813,1543.9001904296874
2013-04-22,1,1564.3399841308594,1544.9623901367188
2013-04-23,1,1565.6944885253906,1546.1793896484376
2013-04-24,1,1566.445489501953,1547.414990234375
2013-04-25,1,1567.5609924316407,1548.72958984375
2013-04-26,1,1568.2134948730468,1549.9677905273438
2013-04-29,1,1569.7854919433594,1551.4123901367188
2013-04-30,1,1571.1514892578125,1552.96798828125
2013-05-01,1,1572.6019897460938,1554.0031884765624
2013-05-02,1,1574.482489013672,1555.7159887695314
2013-05-03,1,1577.5394897460938,1557.9559887695314
2013-05-06,1,1580.2609924316407,1559.9939892578125
2013-05-07,1,1583.1284912109375,1562.7561889648437
2013-05-08,1,1585.3764892578124,1565.4711889648438
2013-05-09,1,1587.0414916992188,1567.6847900390626
2013-05-10,1,1589.2839904785155,1570.0651879882812
2013-05-13,1,1593.3544921875,1572.3765893554687
2013-05-14,1,1597.1429931640625,1574.8793896484376
2013-05-15,1,1602.481494140625,1577.259189453125
2013-05-16,1,1607.924493408203,1579.4393896484376
2013-05-17,1,1613.5354919433594,1581.9035888671874
2013-05-20,1,1618.7249938964844,1584.2057885742188
2013-05-21,1,1623.243994140625,1586.46458984375
2013-05-22,1,1627.0719909667969,1588.5219897460938
2013-05-23,1,1630.3394897460937,1590.4417895507813
2013-05-24,1,1633.7074890136719,1592.169189453125
2013-05-28,1,1637.0299926757812,1594.1563916015625
2013-05-29,1,1639.5694946289063,1596.081591796875
2013-05-30,1,1643.1549987792969,1598.2029931640625
2013-05-31,1,1644.8125,1599.64359375
2013-06-03,1,1646.1125,1601.5359936523437
2013-06-04,1,1646.8065002441406,1603.0257934570313
2013-06-05,1,1645.9535034179687,1604.1699951171875
2013-06-06,1,1645.4470092773438,1605.3457958984375
2013-06-07,1,1646.2825073242188,1606.956396484375
2013-06-10,1,1646.7380126953126,1608.428798828125
2013-06-11,1,1646.3560119628905,1609.707998046875
2013-06-12,1,1644.4650146484375,1610.5533984375
2013-06-13,1,1643.344012451172,1612.2067993164062
2013-06-14,1,1642.1570129394531,1613.5417993164062
2013-06-17,1,1640.7355163574218,1615.2569995117187
2013-06-18,1,1640.0115173339843,1617.0318017578124
2013-06-19,1,1638.000018310547,1618.238203125
2013-06-20,1,1634.6420166015625,1618.24740234375
2013-06-21,1,1631.738018798828,1618.228603515625
2013-06-24,1,1627.9125183105468,1617.9134033203125
2013-06-25,1,1624.311016845703,1618.6268041992187
2013-06-26,1,1622.0560180664063,1619.20060546875
2013-06-27,0,1619.9955139160156,1620.424404296875
2013-06-28,0,1618.7725158691405,1621.7178051757812
2013-07-01,0,1617.49951171875,1622.9120043945313
2013-07-02,0,1616.6345092773438,1623.943603515625
2013-07-03,0,1616.960009765625,1624.6762036132814
2013-07-05,0,1617.4265075683593,1625.738203125
2013-07-08,0,1617.2805053710938,1626.8442016601562
2013-07-09,0,1617.7559997558594,1628.24580078125
2013-07-10,0,1619.080499267578,1629.4260009765626
2013-07-11,0,1622.205499267578,1630.9750024414063
2013-07-12,0,1624.3969970703124,1632.9248022460938
2013-07-15,0,1627.185498046875,1634.6230029296876
2013-07-16,0,1629.0464965820313,1635.8598022460938
2013-07-17,0,1630.5014953613281,1637.1280029296875
2013-07-18,0,1633.5234924316405,1638.3962036132812
2013-07-19,0,1638.7184936523438,1639.5842041015626
2013-07-22,1,1643.8734924316407,1640.9614038085938
2013-07-23,1,1649.8384948730468,1642.135205078125
2013-07-24,1,1654.7339904785156,1643.178603515625
2013-07-25,1,1659.0834899902343,1643.9768041992188
2013-07-26,1,1663.0059936523437,1644.6342041015625
2013-07-29,1,1666.9584899902343,1645.3314038085937
2013-07-30,1,1670.5084899902345,1645.7012036132812
2013-07-31,1,1674.0909912109375,1646.0900024414063
2013-08-01,1,1678.6639892578125,1646.8442016601562
2013-08-02,1,1682.5529907226562,1647.9306030273438
2013-08-05,1,1685.8869934082031,1649.063203125
2013-08-06,1,1688.1394958496094,1650.018603515625
2013-08-07,1,1690.0539978027343,1650.6356030273437
2013-08-08,1,1691.1769958496093,1651.6180029296875
2013-08-09,1,1691.7385009765626,1652.358203125
2013-08-12,1,1692.0869995117187,1653.532802734375
2013-08-13,1,1692.982000732422,1654.6076025390626
2013-08-14,1,1693.2059997558595,1655.687802734375
2013-08-15,1,1691.8034973144531,1656.736201171875
2013-08-16,1,1689.990496826172,1657.4015991210938
2013-08-19,1,1687.5169982910156,1657.4552001953125
2013-08-20,1,1685.5149963378906,1657.6459985351562
2013-08-21,1,1683.3580017089844,1657.9793994140625
2013-08-22,1,1681.6934997558594,1658.8681982421874
2013-08-23,1,1680.2859985351563,1659.4109985351563
2013-08-26,1,1678.8585021972656,1660.0119995117188
2013-08-27,1,1676.0845031738281,1659.8407983398438
2013-08-28,1,1673.5460021972656,1659.5037963867187
2013-08-29,1,1670.1110046386718,1659.6885961914063
2013-08-30,1,1666.2760009765625,1660.5841967773438
2013-09-03,1,1662.9075012207031,1661.53099609375
2013-09-04,0,1660.6929992675782,1663.1307958984376
2013-09-05,0,1658.9014953613282,1664.4717944335937
2013-09-06,0,1656.7859985351563,1665.5099951171876
2013-09-09,0,1655.8004943847657,1666.6801953125
2013-09-10,0,1655.5264953613282,1668.23439453125
2013-09-11,0,1655.2749938964844,1669.7177954101562
2013-09-12,0,1655.176495361328,1671.1045971679687
2013-09-13,0,1656.5099975585938,1672.5561962890624
2013-09-16,0,1658.5984985351563,1673.8703955078124
2013-09-17,0,1661.53349609375,1675.156396484375
2013-09-18,0,1665.1919982910156,1676.6203979492188
2013-09-19,0,1669.168994140625,1678.0147973632813
2013-09-20,0,1671.8164978027344,1678.71259765625
2013-09-23,0,1673.73349609375,1679.1455981445313
2013-09-24,0,1675.7654968261718,1679.4439990234375
2013-09-25,0,1678.8799987792968,1679.77419921875
2013-09-26,1,1682.0655029296875,1680.1293994140624
2013-09-27,1,1684.7445007324218,1680.1769995117188
2013-09-30,1,1687.1735046386718,1679.966201171875
2013-10-01,1,1689.9350036621095,1679.9556005859374
2013-10-02,1,1691.9745056152344,1679.9852001953125
2013-10-03,1,1693.1535095214845,1679.8396020507812
2013-10-04,1,1694.9200073242187,1679.8446020507813
2013-10-07,1,1695.1405090332032,1679.5340014648436
2013-10-08,1,1693.7135070800782,1678.9364013671875
2013-10-09,1,1692.0770080566406,1678.3452026367188
2013-10-10,1,1692.5340087890625,1678.4818041992187
2013-10-11,1,1693.2945068359375,1678.4084033203126
2013-10-14,1,1693.9215087890625,1678.417802734375
2013-10-15,1,1693.5865112304687,1678.2362036132813
2013-10-16,1,1693.3875122070312,1678.7196044921875
2013-10-17,1,1693.9280151367188,1679.564404296875
2013-10-18,1,1695.6575134277343,1680.5048046875
2013-10-21,1,1697.798516845703,1681.5696044921874
2013-10-22,1,1700.6610168457032,1682.8736059570313
2013-10-23,1,1703.3415161132812,1683.9180053710938
2013-10-24,1,1706.0115112304688,1685.2516040039063
2013-10-25,1,1709.4125122070313,1687.22060546875
2013-10-28,1,1713.4405090332032,1689.3462060546874
2013-10-29,1,1717.2880065917968,1691.86400390625
2013-10-30,1,1720.760009765625,1694.0832055664061
2013-10-31,1,1724.6540100097657,1696.3580053710937
2013-11-01,1,1728.2110107421875,1698.4516064453126
2013-11-04,1,1732.801513671875,1700.5402075195314
2013-11-05,1,1738.1775146484374,1702.6640063476561
2013-11-06,1,1743.882012939453,1705.4642065429687
2013-11-07,1,1746.6115112304688,1707.7080078125
2013-11-08,1,1749.9820129394532,1710.356806640625
2013-11-11,1,1753.069512939453,1713.1352075195311
2013-11-12,1,1756.551007080078,1715.6936059570312
2013-11-13,1,1759.5740051269531,1718.2720068359374
2013-11-14,1,1762.4475036621093,1720.9828076171875
2013-11-15,1,1765.1315063476563,1723.8430078125
2013-11-18,1,1767.4750061035156,1726.2394091796875
2013-11-19,1,1769.1350036621093,1728.3170092773437
2013-11-20,1,1770.884503173828,1730.1618090820311
2013-11-21,1,1773.073504638672,1732.4104077148438
2013-11-22,1,1775.3230041503907,1734.7458081054688
2013-11-25,1,1777.34150390625,1736.843408203125
2013-11-26,1,1778.8815063476563,1738.8032080078126
2013-11-27,1,1781.0775024414063,1740.4374072265625
2013-11-29,1,1783.5410034179688,1742.1068090820313
2013-12-02,1,1785.50400390625,1743.9266088867187
2013-12-03,1,1786.8650024414062,1745.7928100585937
2013-12-04,1,1788.3570068359375,1747.7006103515625
2013-12-05,1,1789.0840087890624,1749.545810546875
2013-12-06,1,1791.981005859375,1751.674208984375
2013-12-09,1,1793.8690063476563,1754.0066088867188
2013-12-10,1,1795.4055053710938,1756.4280078125
2013-12-11,1,1796.1320068359375,1758.1724072265624
2013-12-12,1,1795.8070068359375,1759.8050073242186
2013-12-13,1,1795.0420043945312,1761.7382055664064
2013-12-16,1,1794.4600036621093,1763.6590063476563
2013-12-17,1,1793.9335021972656,1765.7566064453124
2013-12-18,1,1795.0725036621093,1768.8606079101562
2013-12-19,1,1796.4840026855468,1771.9246069335939
2013-12-20,1,1797.6075012207032,1774.4398046875
2013-12-23,1,1798.7690002441407,1776.93560546875
2013-12-24,1,1800.3109985351562,1779.3992041015624
2013-12-26,1,1802.2744995117187,1782.2784033203125
2013-12-27,1,1803.9830017089844,1784.6756030273436
2013-12-30,1,1805.74599609375,1786.8340014648438
2013-12-31,1,1808.118994140625,1788.911201171875
2014-01-02,1,1809.9604919433593,1790.6576000976563
2014-01-03,1,1811.8884887695312,1792.1915991210938
2014-01-06,1,1813.97548828125,1793.7993994140625
2014-01-07,1,1815.614990234375,1795.5156005859376
2014-01-08,1,1817.0709899902345,1797.07
2014-01-09,1,1818.8464904785155,1798.590400390625
2014-01-10,1,1821.8539916992188,1799.9988012695312
2014-01-13,1,1824.0389892578125,1801.1165991210937
2014-01-14,1,1827.2169921875,1802.7633984375
2014-01-15,1,1830.3089904785156,1804.4981982421875
2014-01-16,1,1833.5534912109374,1806.0573974609374
2014-01-17,1,1834.955987548828,1807.5719970703126
2014-01-21,1,1836.6659912109376,1809.0381982421875
2014-01-22,1,1837.9929931640625,1810.9923974609376
2014-01-23,1,1838.0164916992187,1812.1493969726562
2014-01-24,1,1835.8649963378907,1812.5173974609374
2014-01-27,1,1832.8419982910157,1812.7947998046875
2014-01-28,1,1830.3969970703124,1813.0047998046875
2014-01-29,1,1827.0534973144531,1812.6763989257813
2014-01-30,1,1824.3449951171874,1812.5965966796875
2014-01-31,1,1821.8754943847657,1812.4177954101563
2014-02-03,1,1817.4014953613282,1811.4981958007813
2014-02-04,1,1813.8229919433593,1810.974794921875
2014-02-05,0,1809.5109924316407,1810.090595703125
2014-02-06,0,1806.3079956054687,1809.4639965820313
2014-02-07,0,1804.2524963378905,1809.3547973632812
2014-02-10,0,1802.125994873047,1809.2965966796876
2014-02-11,0,1802.153497314453,1809.5469970703125
2014-02-12,0,1801.1724975585937,1809.81599609375
2014-02-13,0,1800.2449951171875,1810.3945947265624
2014-02-14,0,1799.8819946289063,1811.2641943359374
2014-02-18,0,1799.9849975585937,1812.223193359375
2014-02-19,0,1799.2324951171875,1813.0975927734376
2014-02-20,0,1798.978497314453,1813.7913940429687
2014-02-21,0,1799.3679992675782,1814.348994140625
2014-02-24,0,1802.2339965820313,1815.2487939453124
2014-02-25,0,1805.4119934082032,1816.5067944335938
2014-02-26,0,1808.0449951171875,1817.8999951171875
2014-02-27,0,1812.0494995117188,1819.4793969726563
2014-02-28,0,1815.3125,1820.9375952148437
2014-03-03,0,1818.469500732422,1822.2321948242188
2014-03-04,1,1825.0705017089845,1823.4973950195313
2014-03-05,1,1831.0010070800781,1824.7815966796875
2014-03-06,1,1837.2705078125,1825.9557983398438
2014-03-07,1,1842.5010070800781,1826.9567993164062
2014-03-10,1,1846.5085083007812,1827.8338012695312
2014-03-11,1,1849.8980102539062,1828.3460009765624
2014-03-12,1,1852.3205078125,1828.8819995117187
2014-03-13,1,1853.6745056152345,1828.9873999023437
2014-03-14,1,1854.2395080566407,1828.8428002929688
2014-03-17,1,1855.2495056152343,1829.3797998046875
2014-03-18,1,1856.8240051269531,1830.1973999023437
2014-03-19,1,1858.4250061035157,1830.8773999023438
2014-03-20,1,1860.0365051269532,1831.56
2014-03-21,1,1861.5500061035157,1832.1406005859376
2014-03-24,1,1862.04150390625,1832.5267993164061
2014-03-25,1,1863.06650390625,1832.9917993164063
2014-03-26,1,1863.436505126953,1833.6590014648436
2014-03-27,1,1863.174005126953,1833.8622021484375
2014-03-28,1,1863.0825073242188,1834.047001953125
2014-03-31,1,1864.4130065917968,1834.5760009765625
2014-04-01,1,1864.993505859375,1835.51240234375
2014-04-02,1,1865.8480041503906,1836.4544018554689
2014-04-03,1,1866.4350036621095,1837.3326025390625
2014-04-04,1,1865.7875,1838.0652026367188
2014-04-07,1,1864.1809997558594,1839.1602026367189
2014-04-08,1,1863.3974975585938,1840.5682006835937
2014-04-09,1,1863.596502685547,1842.1618017578126
2014-04-10,1,1862.9335021972656,1843.3394018554689
2014-04-11,1,1861.6614990234375,1843.7694018554687
2014-04-14,1,1860.2505004882812,1844.7298022460936
2014-04-15,1,1858.7869995117187,1846.7516015625
2014-04-16,1,1858.8640014648438,1848.8938037109374
2014-04-17,1,1858.5059997558594,1851.1580029296874
2014-04-21,1,1858.7744995117187,1853.1272021484374
2014-04-22,1,1859.8800048828125,1854.777802734375
2014-04-23,1,1860.368505859375,1856.2888037109376
2014-04-24,1,1861.6710021972656,1857.4660034179688
2014-04-25,1,1862.3890014648437,1858.3488037109375
2014-04-28,1,1862.9795043945312,1859.1408056640626
2014-04-29,1,1863.27900390625,1859.9348046875
2014-04-30,1,1863.2005004882812,1860.798603515625
2014-05-01,1,1862.839501953125,1861.8972045898438
2014-05-02,0,1862.4580017089843,1862.724404296875
2014-05-05,0,1863.436505126953,1863.6926049804688
2014-05-06,1,1864.5705017089845,1864.0948046875
2014-05-07,1,1865.8830017089845,1864.7566040039062
2014-05-08,1,1866.0554992675782,1865.3660034179688
2014-05-09,1,1868.3255004882812,1865.8498022460938
2014-05-12,1,1872.3735046386719,1866.5938037109374
2014-05-13,1,1875.7155029296875,1867.628203125
2014-05-14,1,1877.9930053710937,1867.9206030273438
2014-05-15,1,1878.4200012207032,1867.8614013671875
2014-05-16,1,1879.0705017089845,1867.8780004882813
2014-05-19,1,1879.729998779297,1868.018798828125
2014-05-20,1,1879.393994140625,1867.9319970703125
2014-05-21,1,1880.0259948730468,1868.3399975585937
2014-05-22,1,1880.7199951171874,1868.8257983398437
2014-05-23,1,1882.5764953613282,1869.909599609375
2014-05-27,1,1884.7004943847655,1871.3252001953124
2014-05-28,1,1886.272998046875,1872.3442016601562
2014-05-29,1,1888.077001953125,1873.2998022460938
2014-05-30,1,1890.0714965820312,1874.55580078125
2014-06-02,1,1892.2629943847655,1875.615
2014-06-03,1,1894.2419921875,1876.7693994140625
2014-06-04,1,1897.2499938964843,1878.1782006835938
2014-06-05,1,1900.3624938964845,1879.675
2014-06-06,1,1904.0529907226562,1881.61259765625
2014-06-09,1,1907.6924926757813,1883.657197265625
2014-06-10,1,1910.3994934082032,1885.5205981445313
2014-06-11,1,1912.7214965820312,1886.9515991210938
2014-06-12,1,1914.8004943847657,1887.8433984375
2014-06-13,1,1918.0659973144532,1888.7485986328124
2014-06-16,1,1921.0619995117188,1889.728798828125
2014-06-17,1,1923.9075012207031,1891.2667993164061
2014-06-18,1,1928.1150024414062,1893.5055981445312
2014-06-19,1,1931.6875,1895.6559985351562
2014-06-20,1,1935.2065002441407,1897.4697973632813
2014-06-23,1,1938.310498046875,1900.0603979492187
2014-06-24,1,1940.2139953613282,1902.7461987304687
2014-06-25,1,1942.7014953613282,1905.324599609375
2014-06-26,1,1944.5609924316407,1907.6093994140624
2014-06-27,1,1946.4304931640625,1909.5823974609375
2014-06-30,1,1948.1934936523437,1911.4899975585938
2014-07-01,1,1950.6474914550781,1913.5185961914062
2014-07-02,1,1952.9844909667968,1915.4199951171875
2014-07-03,1,1955.2334899902344,1917.6209936523437
2014-07-07,1,1956.643994140625,1919.6017944335938
2014-07-08,1,1957.2659912109375,1921.6079931640625
2014-07-09,1,1958.367987060547,1923.6759912109376
2014-07-10,1,1959.407489013672,1925.4029931640625
2014-07-11,1,1961.2804870605469,1927.0753930664061
2014-07-14,1,1963.3274841308594,1928.9437915039061
2014-07-15,1,1965.1024841308595,1930.786591796875
2014-07-16,1,1967.0814819335938,1932.7247900390626
2014-07-17,1,1967.1384826660155,1934.5327905273436
2014-07-18,1,1968.0754821777343,1936.5329907226562
2014-07-21,1,1968.6134826660157,1938.4929907226563
2014-07-22,1,1969.6594848632812,1940.5939916992188
2014-07-23,1,1971.510986328125,1942.40119140625
2014-07-24,1,1972.9334838867187,1944.2117919921875
2014-07-25,1,1973.989483642578,1946.0079907226564
2014-07-28,1,1974.8869873046874,1948.1691918945312
2014-07-29,1,1975.3729858398438,1950.0109912109374
2014-07-30,1,1975.2104858398438,1951.710791015625
2014-07-31,1,1973.01298828125,1952.8675927734375
2014-08-01,1,1969.9984924316407,1953.6099926757813
2014-08-04,1,1968.0654907226562,1954.5399926757811
2014-08-05,1,1965.8904907226563,1954.9335913085938
2014-08-06,1,1963.2609924316407,1955.1001904296875
2014-08-07,1,1960.5054870605468,1955.0959887695312
2014-08-08,1,1958.7064880371095,1955.3271875
2014-08-11,1,1956.697491455078,1955.594189453125
2014-08-12,0,1954.7209899902343,1955.7697900390624
2014-08-13,0,1952.9784912109376,1956.2193896484375
2014-08-14,0,1952.831494140625,1956.765390625
2014-08-15,0,1951.6734985351563,1957.057392578125
2014-08-18,0,1951.5789978027344,1957.5033935546876
2014-08-19,0,1951.4824951171875,1958.1099926757813
2014-08-20,0,1951.4574951171876,1958.8243920898437
2014-08-21,0,1951.6769958496093,1959.7939916992189
2014-08-22,0,1952.179998779297,1960.9597924804686
2014-08-25,0,1953.1304992675782,1962.1949926757814
2014-08-26,0,1954.6340026855469,1963.4397924804687
2014-08-27,0,1956.1365051269531,1964.602392578125
2014-08-28,0,1959.4400024414062,1965.3975927734375
2014-08-29,0,1963.3510009765625,1966.2753930664062
2014-09-02,0,1966.5155029296875,1967.06359375
2014-09-03,1,1970.5410034179688,1967.8257934570313
2014-09-04,1,1974.4115051269532,1968.7791943359375
2014-09-05,1,1979.318505859375,1969.74279296875
2014-09-08,1,1982.8160095214844,1970.6291943359374
2014-09-09,1,1985.3920043945313,1971.1787939453125
2014-09-10,1,1988.4890014648438,1971.8879931640624
2014-09-11,1,1991.0255004882813,1972.3705932617188
2014-09-12,1,1992.5434997558593,1972.588994140625
2014-09-15,1,1993.9969970703125,1972.5627954101562
2014-09-16,1,1995.3589965820313,1972.98939453125
2014-09-17,1,1996.3574951171875,1973.7465942382812
2014-09-18,1,1997.5999938964844,1974.5171948242187
2014-09-19,1,1998.5014953613281,1975.4315942382811
2014-09-22,1,1998.79599609375,1975.96599609375
2014-09-23,1,1998.0384948730468,1976.0793969726562
2014-09-24,1,1997.9524963378906,1976.5797973632812
2014-09-25,1,1996.24599609375,1976.2681982421875
2014-09-26,1,1995.551495361328,1976.7627978515625
2014-09-29,1,1994.272998046875,1976.7543994140624
2014-09-30,1,1992.7734985351562,1976.7276000976562
2014-10-01,1,1990.0455017089844,1975.9802001953126
2014-10-02,1,1987.471502685547,1975.1634008789063
2014-10-03,1,1985.481005859375,1974.7618017578125
2014-10-06,1,1983.645001220703,1974.4914013671876
2014-10-07,1,1980.9780029296876,1973.6152001953126
2014-10-08,1,1979.638006591797,1973.5940014648438
2014-10-09,1,1976.176007080078,1972.7568017578126
2014-10-10,0,1972.2055053710938,1972.2660009765625
2014-10-13,0,1966.7360046386718,1971.2578002929688
2014-10-14,0,1960.6720031738282,1970.0319995117188
2014-10-15,0,1953.7180053710938,1968.8776000976563
2014-10-16,0,1946.2880065917968,1967.7280004882812
2014-10-17,0,1940.106005859375,1967.2718017578125
2014-10-20,0,1935.5920043945312,1966.7202026367188
2014-10-21,0,1933.5175048828125,1966.80740234375
2014-10-22,0,1929.9580017089843,1966.6746020507812
2014-10-23,0,1929.1994995117188,1966.7566015625
2014-10-24,0,1928.2859985351563,1966.944599609375
2014-10-27,0,1927.4774963378907,1967.0759985351563
2014-10-28,0,1928.115496826172,1967.3421997070313
2014-10-29,0,1929.9224975585937,1967.356201171875
2014-10-30,0,1932.3464965820312,1967.5190014648438
2014-10-31,0,1934.8539978027343,1968.0326025390625
2014-11-03,0,1937.5035034179687,1968.6208032226561
2014-11-04,0,1941.3535034179683,1968.9044018554687
2014-11-05,0,1944.0875,1969.375400390625
2014-11-06,0,1949.2375,1969.9971997070313
2014-11-07,0,1955.527001953125,1970.70080078125
2014-11-10,0,1963.7030029296875,1971.3986010742187
2014-11-11,0,1971.8020080566407,1972.1466015625
2014-11-12,1,1980.5900085449218,1972.8972021484376
2014-11-13,1,1989.418505859375,1973.73080078125
2014-11-14,1,1997.0715026855469,1974.3730004882811
2014-11-17,1,2003.9369995117188,1975.1685986328125
2014-11-18,1,2009.4630004882813,1976.43580078125
2014-11-19,1,2015.5434997558593,1977.4964013671874
2014-11-20,1,2020.6400024414063,1978.60240234375
2014-11-21,1,2025.586004638672,1980.1616015625
2014-11-24,1,2030.975,1981.8671997070312
2014-11-25,1,2035.0739990234374,1983.2282006835937
2014-11-26,1,2039.6005004882813,1984.6534033203125
2014-11-28,1,2043.2460021972656,1985.7774047851562
2014-12-01,1,2045.0154968261718,1986.638203125
2014-12-02,1,2047.4524963378906,1988.0834033203125
2014-12-03,1,2050.564001464844,1989.9146044921874
2014-12-04,1,2052.9815002441405,1991.387001953125
2014-12-05,1,2055.1895080566405,1993.5746044921875
2014-12-08,1,2056.6090087890625,1995.1238061523438
2014-12-09,1,2057.68701171875,1996.7642065429689
2014-12-10,1,2057.010009765625,1997.8412060546875
2014-12-11,1,2056.8640075683593,1999.6246044921875
2014-12-12,1,2055.0140075683594,2000.747802734375
2014-12-15,1,2052.504510498047,2001.18240234375
2014-12-16,1,2049.0755126953127,2001.3408032226562
2014-12-17,1,2047.1300109863282,2002.8966040039063
2014-12-18,1,2047.7555114746094,2004.7434033203126
2014-12-19,1,2048.650506591797,2007.5922021484375
2014-12-22,1,2049.402508544922,2011.0404028320313
2014-12-23,1,2050.0405090332033,2015.1890014648438
2014-12-24,1,2050.7830017089846,2019.2726000976563
2014-12-26,1,2051.579998779297,2023.7982006835937
2014-12-29,1,2052.730499267578,2028.3544018554687
2014-12-30,1,2054.076007080078,2032.2262036132813
2014-12-31,1,2053.693499755859,2035.3240014648438
2015-01-02,1,2052.886993408203,2037.6623999023439
2015-01-05,1,2050.3199951171873,2039.5317993164062
2015-01-06,1,2046.6819885253906,2040.5676000976562
2015-01-07,1,2044.9614868164062,2041.7940014648439
2015-01-08,1,2045.0774780273437,2043.80419921875
2015-01-09,1,2046.0109802246093,2044.9993994140625
2015-01-12,0,2045.6574829101562,2045.9185986328125
2015-01-13,1,2046.6924865722656,2046.4861987304687
2015-01-14,1,2047.7744873046875,2046.3505981445312
2015-01-15,1,2048.7709899902343,2045.8477978515625
2015-01-16,1,2049.097491455078,2045.99419921875
2015-01-20,1,2047.1634948730468,2045.9738012695314
2015-01-21,0,2045.2369995117188,2045.992001953125
2015-01-22,0,2044.4674926757812,2046.6165991210937
2015-01-23,0,2042.95,2046.8878002929687
2015-01-26,0,2041.7105102539062,2047.2360009765625
2015-01-27,0,2038.74951171875,2047.062001953125
2015-01-28,0,2034.3290100097656,2046.318603515625
2015-01-29,0,2031.374005126953,2045.9472045898438
2015-01-30,0,2028.1785095214843,2045.02060546875
2015-02-02,0,2026.3110107421876,2044.401604003906
2015-02-03,0,2027.783514404297,2044.4278051757813
2015-02-04,0,2029.728515625,2044.2030053710937
2015-02-05,0,2031.5595153808595,2044.1834057617189
2015-02-06,0,2031.2260192871095,2043.9046069335936
2015-02-09,0,2031.3225158691407,2043.4988061523438
2015-02-10,0,2033.3390197753906,2043.4140063476561
2015-02-11,0,2035.6140197753907,2043.4334057617189
2015-02-12,0,2039.4745178222656,2044.1342065429687
2015-02-13,0,2044.6905151367187,2044.7430053710937
2015-02-17,1,2048.7365173339845,2045.2632055664062
2015-02-18,1,2052.5930114746093,2045.8184057617189
2015-02-19,1,2055.859509277344,2046.2600024414062
2015-02-20,1,2058.2170166015626,2047.2598022460938
2015-02-23,1,2061.1090087890625,2048.2565991210936
2015-02-24,1,2064.0285034179688,2050.0433984375
2015-02-25,1,2068.244006347656,2051.6140014648436
2015-02-26,1,2073.6730041503906,2053.7822021484376
2015-02-27,1,2077.8355041503905,2056.0796020507814
2015-03-02,1,2083.955499267578,2058.972600097656
2015-03-03,1,2088.302001953125,2060.870400390625
2015-03-04,1,2090.727001953125,2061.6164013671873
2015-03-05,1,2093.703503417969,2062.2242041015625
2015-03-06,1,2094.1405029296875,2062.078603515625
2015-03-09,1,2095.3385009765625,2062.0238037109375
2015-03-10,1,2095.209503173828,2061.2694067382813
2015-03-11,1,2093.7919982910157,2060.298806152344
2015-03-12,1,2093.6629943847656,2059.8064038085936
2015-03-13,1,2091.9089904785155,2059.2673999023436
2015-03-16,1,2091.1189880371094,2059.7132006835936
2015-03-17,1,2089.815985107422,2060.034802246094
2015-03-18,1,2089.806988525391,2061.613203125
2015-03-19,1,2089.3979919433596,2063.3464038085935
2015-03-20,1,2089.2879943847656,2064.9904052734373
2015-03-23,1,2089.025994873047,2065.836005859375
2015-03-24,1,2087.8269958496094,2066.7698046875
2015-03-25,1,2085.186492919922,2067.42560546875
2015-03-26,1,2082.4569885253904,2068.0880029296877
2015-03-27,1,2080.282989501953,2069.0830029296876
2015-03-30,1,2078.7254943847656,2070.954401855469
2015-03-31,1,2076.730987548828,2071.923798828125
2015-04-01,1,2074.788983154297,2072.6665966796877
2015-04-02,0,2073.0849792480467,2073.363395996094
2015-04-06,0,2073.5529846191407,2073.712800292969
2015-04-07,0,2073.3979919433596,2074.2030004882813
2015-04-08,1,2075.2849853515627,2074.699196777344
2015-04-09,1,2077.831982421875,2075.931794433594
2015-04-10,1,2079.637487792969,2077.929794921875
2015-04-13,1,2081.5889892578125,2079.3533935546875
2015-04-14,1,2082.321496582031,2081.3703955078126
2015-04-15,1,2083.9389892578124,2083.085993652344
2015-04-16,1,2084.213488769531,2084.185192871094
2015-04-17,0,2083.808984375,2084.978591308594
2015-04-20,0,2083.423974609375,2085.7361889648437
2015-04-21,0,2083.06748046875,2086.5725903320313
2015-04-22,0,2083.890478515625,2087.796989746094
2015-04-23,0,2086.48447265625,2088.6837866210935
2015-04-24,0,2089.561474609375,2089.6669848632814
2015-04-27,1,2091.9564697265623,2090.0757836914063
2015-04-28,1,2093.382470703125,2090.4311840820315
2015-04-29,1,2095.3304809570313,2090.5613842773437
2015-04-30,1,2096.621484375,2090.277985839844
2015-05-01,1,2098.68798828125,2090.4947875976563
2015-05-04,1,2100.381481933594,2090.5785864257814
2015-05-05,1,2101.037976074219,2090.1745874023436
2015-05-06,1,2100.950476074219,2089.4679858398435
2015-05-07,1,2100.7914794921876,2088.9507836914063
2015-05-08,1,2101.4934814453127,2089.0579858398437
2015-05-11,1,2102.1384887695312,2089.0745874023437
2015-05-12,1,2102.302490234375,2088.709191894531
2015-05-13,1,2101.8949951171876,2088.523190917969
2015-05-14,1,2102.7005004882812,2088.974592285156
2015-05-15,1,2104.7780029296873,2089.408391113281
2015-05-18,1,2106.2180053710936,2090.5671899414065
2015-05-19,1,2107.745007324219,2091.535192871094
2015-05-20,1,2108.639514160156,2093.168994140625
2015-05-21,1,2109.5340209960937,2094.980595703125
2015-05-22,1,2109.952526855469,2096.1827978515626
2015-05-26,1,2109.7165283203126,2097.198798828125
2015-05-27,1,2110.1525268554688,2098.044599609375
2015-05-28,1,2110.8495239257813,2098.9747998046873
2015-05-29,1,2111.9435180664063,2099.13259765625
2015-06-01,1,2112.115515136719,2099.581796875
2015-06-02,1,2111.8710205078123,2099.611796875
2015-06-03,1,2113.101525878906,2099.8047998046877
2015-06-04,1,2113.88603515625,2099.8916015625
2015-06-05,1,2114.1275390625,2100.5272021484375
2015-06-08,1,2112.2865356445313,2100.9898046875
2015-06-09,1,2111.0275268554688,2101.37240234375
2015-06-10,1,2111.3315185546876,2101.7516015625
2015-06-11,1,2111.8505249023438,2102.571005859375
2015-06-12,1,2110.501025390625,2103.2594091796873
2015-06-15,1,2108.5860229492187,2103.60880859375
2015-06-16,1,2106.94052734375,2103.92220703125
2015-06-17,1,2105.5710205078126,2104.404404296875
2015-06-18,1,2105.3405151367188,2105.1912060546874
2015-06-19,0,2104.2990112304688,2105.5674072265624
2015-06-22,0,2104.1385131835937,2105.9832080078127
2015-06-23,0,2105.1385131835937,2106.6186083984376
2015-06-24,0,2104.393518066406,2106.873408203125
2015-06-25,0,2103.469519042969,2106.78701171875
2015-06-26,0,2103.174523925781,2106.71701171875
2015-06-29,0,2100.47001953125,2106.2462109375
2015-06-30,0,2098.1455200195314,2105.5004150390623
2015-07-01,0,2096.3130126953124,2105.1030126953124
2015-07-02,0,2095.360009765625,2104.4794140625
2015-07-06,0,2094.1565063476564,2103.596015625
2015-07-07,0,2094.2595092773436,2102.8690185546875
2015-07-08,0,2092.586016845703,2101.6242211914064
2015-07-09,0,2089.891522216797,2100.355222167969
2015-07-10,0,2088.2795227050783,2099.750622558594
2015-07-13,0,2088.554022216797,2100.0324243164064
2015-07-14,0,2089.7800231933593,2100.0456225585935
2015-07-15,0,2090.335516357422,2099.9038208007814
2015-07-16,0,2091.5280212402345,2100.6004223632813
2015-07-17,0,2091.798016357422,2101.5302221679685
2015-07-20,0,2092.712518310547,2102.335822753906
2015-07-21,0,2092.5305114746093,2102.398020019531
2015-07-22,0,2092.028009033203,2102.5744165039064
2015-07-23,0,2091.7065002441404,2102.635012207031
2015-07-24,0,2090.5734924316407,2102.258410644531
2015-07-27,0,2088.880987548828,2101.189206542969
2015-07-28,0,2090.661492919922,2100.599606933594
2015-07-29,0,2092.934490966797,2100.187009277344
2015-07-30,0,2094.494989013672,2099.8030053710936
2015-07-31,0,2095.8479919433594,2099.3628051757814
2015-08-03,0,2097.3119934082033,2098.707204589844
2015-08-04,0,2097.910992431641,2098.0524047851563
2015-08-05,1,2100.568994140625,2097.9652075195313
2015-08-06,1,2102.181494140625,2097.1668090820312
2015-08-07,1,2102.2289916992186,2096.3024096679687
2015-08-10,1,2102.4579833984376,2096.238210449219
2015-08-11,1,2101.2139892578125,2095.6850122070314
2015-08-12,1,2100.1464965820314,2095.2140112304687
2015-08-13,1,2098.1014892578123,2094.6004077148436
2015-08-14,1,2096.3464965820312,2094.514406738281
2015-08-17,1,2095.0544921875,2094.7066040039062
2015-08-18,0,2093.939990234375,2095.059401855469
2015-08-19,0,2092.213000488281,2095.048605957031
2015-08-20,0,2088.8920043945313,2093.6592065429686
2015-08-21,0,2083.4540100097656,2090.8998046875
2015-08-24,0,2074.7325134277344,2086.8818017578124
2015-08-25,0,2063.4505126953127,2082.5454028320314
2015-08-26,0,2055.047509765625,2079.429802246094
2015-08-27,0,2048.9990173339843,2077.1742041015623
2015-08-28,0,2043.2505126953124,2074.5268041992185
2015-08-31,0,2036.9575134277343,2071.77060546875
2015-09-01,0,2027.9840087890625,2067.5906030273436
2015-09-02,0,2020.4350036621095,2064.0838037109374
2015-09-03,0,2013.8135009765624,2060.9348022460936
2015-09-04,0,2005.99599609375,2057.3130004882814
2015-09-08,0,1999.257501220703,2054.6714013671876
2015-09-09,0,1992.1559997558593,2052.359404296875
2015-09-10,0,1985.467999267578,2050.1430029296876
2015-09-11,0,1979.351007080078,2047.81560546875
2015-09-14,0,1972.4255065917969,2045.34060546875
2015-09-15,0,1966.2080078125,2043.5272045898437
2015-09-16,0,1961.1275146484375,2041.8066040039062
2015-09-17,0,1956.6570068359374,2040.677001953125
2015-09-18,0,1952.7720092773438,2038.8114013671875
2015-09-21,0,1952.5760070800782,2036.6183984375
2015-09-22,0,1955.052508544922,2033.4811962890626
2015-09-23,0,1958.610009765625,2030.0773974609374
2015-09-24,0,1958.1965087890626,2026.57419921875
2015-09-25,0,1955.3805053710937,2022.7151977539063
2015-09-28,0,1950.0255065917968,2017.8178002929687
2015-09-29,0,1945.6210021972656,2012.9339990234375
2015-09-30,0,1945.9300048828125,2008.950400390625
2015-10-01,0,1944.6780029296874,2005.1438012695312
2015-10-02,0,1944.689501953125,2002.1280029296875
2015-10-05,0,1947.981005859375,2000.276005859375
2015-10-06,0,1948.5065063476563,1998.5216088867187
2015-10-07,0,1951.1960021972657,1996.5732080078126
2015-10-08,0,1954.2530029296875,1994.6704077148438
2015-10-09,0,1956.945001220703,1992.7956103515626
2015-10-12,0,1960.1664978027343,1991.0680078125
2015-10-13,0,1961.4464965820312,1989.181005859375
2015-10-14,0,1961.3929931640625,1987.199404296875
2015-10-15,0,1963.075994873047,1985.6798022460937
2015-10-16,0,1966.8299926757813,1984.67080078125
2015-10-19,0,1970.1644958496095,1983.7926000976563
2015-10-20,0,1974.5659973144532,1982.3244018554688
2015-10-21,0,1978.5749938964843,1981.0217993164063
2015-10-22,1,1984.5884948730468,1980.3509985351564
2015-10-23,1,1991.7789916992188,1980.1861987304687
2015-10-26,1,2001.2494873046876,1979.7789965820311
2015-10-27,1,2010.3394836425782,1979.0479956054687
2015-10-28,1,2018.855487060547,1978.9165991210937
2015-10-29,1,2027.1349853515626,1979.1125952148439
2015-10-30,1,2033.5349914550782,1979.9851977539063
2015-11-02,1,2039.384991455078,1982.6483984375
2015-11-03,1,2045.8784912109375,1986.98
2015-11-04,1,2051.202496337891,1991.6740014648437
2015-11-05,1,2055.527490234375,1994.8623999023437
2015-11-06,1,2059.742987060547,1997.0931982421876
2015-11-09,1,2062.798992919922,1998.8873999023438
2015-11-10,1,2066.7004943847655,2001.0781982421875
2015-11-11,1,2070.738494873047,2004.3011987304687
2015-11-12,1,2071.843994140625,2006.2433984375
2015-11-13,1,2071.340496826172,2007.6815991210938
2015-11-16,1,2072.3169921875,2010.3209985351561
2015-11-17,1,2073.30048828125,2011.9415966796876
2015-11-18,1,2076.5324951171874,2014.7723974609376
2015-11-19,1,2077.968994140625,2017.351396484375
2015-11-20,1,2078.6699951171877,2019.9137939453126
2015-11-23,1,2079.4405029296877,2022.5849951171874
2015-11-24,1,2080.6030029296876,2024.8059936523437
2015-11-25,1,2080.52900390625,2026.6771948242188
2015-11-27,1,2080.564013671875,2028.6753979492187
2015-11-30,1,2080.61650390625,2031.1229956054688
2015-12-01,1,2080.5454956054687,2033.8361938476562
2015-12-02,1,2079.031494140625,2036.5715942382812
2015-12-03,1,2076.3969970703124,2038.7887963867188
2015-12-04,1,2075.984997558594,2041.9777954101562
2015-12-07,1,2074.8785034179687,2044.8923974609374
2015-12-08,1,2074.12900390625,2048.528798828125
2015-12-09,1,2072.424005126953,2051.7993994140625
2015-12-10,1,2071.285504150391,2054.4433984375
2015-12-11,1,2069.605505371094,2056.2143994140624
2015-12-14,1,2069.550500488281,2057.625998535156
2015-12-15,1,2069.0615051269533,2058.7531982421874
2015-12-16,1,2070.193011474609,2060.6161987304686
2015-12-17,1,2068.108508300781,2061.5373999023436
2015-12-18,1,2064.324011230469,2061.3797998046875
2015-12-21,0,2060.923016357422,2061.505
2015-12-22,0,2058.5420104980467,2061.9352001953125
2015-12-23,0,2057.2995178222654,2063.1472021484374
2015-12-24,0,2055.9055114746093,2064.4822021484374
2015-12-28,0,2054.2250061035156,2065.1350024414064
2015-12-29,0,2054.1225158691404,2066.0400048828124
2015-12-30,0,2052.1590270996094,2066.6340063476564
2015-12-31,0,2050.3805236816406,2066.897404785156
2016-01-04,0,2048.53251953125,2066.771806640625
2016-01-05,0,2044.7835205078125,2066.0558056640625
2016-01-06,0,2040.443017578125,2064.3580078125
2016-01-07,0,2034.4180114746093,2061.7962084960936
2016-01-08,0,2028.1385131835937,2058.9190112304686
2016-01-11,0,2021.710516357422,2055.58541015625
2016-01-12,0,2018.0260192871094,2052.5708129882814
2016-01-13,0,2011.4430236816406,2048.789211425781
2016-01-14,0,2005.364520263672,2045.145009765625
2016-01-15,0,1995.7275146484376,2040.5558081054687
2016-01-19,0,1987.69951171875,2036.1362060546876
2016-01-20,0,1980.3885070800782,2031.3242065429688
2016-01-21,0,1972.7805053710938,2026.7200073242188
2016-01-22,0,1966.1770080566407,2023.28640625
2016-01-25,0,1956.81650390625,2019.1936059570312
2016-01-26,0,1948.948504638672,2015.7662060546875
2016-01-27,0,1940.2710021972657,2012.5058056640626
2016-01-28,0,1931.02099609375,2009.9122045898437
2016-01-29,0,1924.864990234375,2007.6532055664063
2016-02-01,0,1919.6369934082031,2005.4320068359375
2016-02-02,0,1914.1554931640626,2001.821005859375
2016-02-03,0,1908.9464965820312,1998.446806640625
2016-02-04,0,1905.2059936523438,1994.9724072265626
2016-02-05,0,1902.0539978027343,1990.8416064453124
2016-02-08,0,1898.624493408203,1986.127607421875
2016-02-09,0,1895.0514892578126,1981.394404296875
2016-02-10,0,1890.7104858398438,1976.6294018554688
2016-02-11,0,1887.6504821777344,1971.602802734375
2016-02-12,0,1884.7974853515625,1966.8458056640625
2016-02-16,0,1885.5599853515625,1963.1672045898438
2016-02-17,0,1887.8344848632812,1960.711201171875
2016-02-18,0,1890.7594848632812,1957.2340014648437
2016-02-19,0,1893.1989868164062,1954.0482006835937
2016-02-22,0,1895.1289855957032,1951.6863989257813
2016-02-23,0,1897.3384887695313,1949.1593994140626
2016-02-24,0,1898.646990966797,1946.71080078125
2016-02-25,0,1902.084490966797,1945.4973999023437
2016-02-26,0,1904.818994140625,1944.0196020507813
2016-02-29,0,1904.4184936523438,1941.7960009765625
2016-03-01,0,1906.3669921875,1939.9015991210938
2016-03-02,0,1910.53798828125,1938.7927978515625
2016-03-03,0,1914.5814880371095,1938.5497973632812
2016-03-04,0,1918.8084899902344,1938.1265966796875
2016-03-07,0,1924.8939880371095,1937.3823974609375
2016-03-08,0,1931.184991455078,1935.681796875
2016-03-09,1,1938.0374938964844,1934.247197265625
2016-03-10,1,1944.9229919433594,1932.9085961914063
2016-03-11,1,1954.5784912109375,1931.7851928710938
2016-03-14,1,1962.3214904785157,1930.910791015625
2016-03-15,1,1968.3389953613282,1930.3505932617188
2016-03-16,1,1973.3589965820313,1930.6417919921876
2016-03-17,1,1979.4969970703125,1931.1193920898438
2016-03-18,1,1986.0869995117187,1932.3057934570313
2016-03-21,1,1991.3920043945313,1934.47599609375
2016-03-22,1,1997.818505859375,1937.031396484375
2016-03-23,1,2003.1640014648438,1939.2921948242188
2016-03-24,1,2007.3760009765624,1941.237392578125
2016-03-28,1,2011.8260009765625,1944.17279296875
2016-03-29,1,2017.9650024414063,1946.8361938476562
2016-03-30,1,2022.2450012207032,1950.50859375
2016-03-31,1,2025.9095031738282,1954.0767944335937
2016-04-01,1,2029.8785034179687,1958.3457958984375
2016-04-04,1,2033.185498046875,1962.28859375
2016-04-05,1,2035.3559997558593,1965.053994140625
2016-04-06,1,2039.7259948730468,1968.8455932617187
2016-04-07,1,2042.35849609375,1971.6111938476563
2016-04-08,1,2045.2599975585938,1974.9041943359375
2016-04-11,1,2046.25,1977.8767944335937
2016-04-12,1,2048.3539978027343,1980.3063940429688
2016-04-13,1,2051.6784912109374,1983.1671923828126
2016-04-14,1,2054.456494140625,1986.7621923828126
2016-04-15,1,2056.463494873047,1990.12619140625
2016-04-18,1,2058.701495361328,1993.703994140625
2016-04-19,1,2061.161492919922,1998.118994140625
2016-04-20,1,2063.7914855957033,2003.098193359375
2016-04-21,1,2066.5299865722654,2007.88359375
2016-04-22,1,2069.3119934082033,2012.6779956054688
2016-04-25,1,2071.848992919922,2017.852197265625
2016-04-26,1,2073.683489990234,2022.390595703125
2016-04-27,1,2075.243487548828,2026.3819946289063
2016-04-28,1,2076.046990966797,2029.361796875
2016-04-29,1,2075.672991943359,2032.3111987304687
2016-05-02,1,2076.4379943847657,2035.5841967773438
2016-05-03,1,2077.347998046875,2037.9415991210938
2016-05-04,1,2076.571008300781,2040.5386010742188
2016-05-05,1,2077.007000732422,2042.9551977539063
2016-05-06,1,2077.483996582031,2045.0639965820312
2016-05-09,1,2078.318994140625,2047.2767944335938
2016-05-10,1,2079.452490234375,2050.319992675781
2016-05-11,1,2078.5544921875,2052.0421923828126
2016-05-12,1,2077.62099609375,2053.5953955078126
2016-05-13,1,2075.9149963378904,2054.6595947265623
2016-05-16,1,2074.5309875488283,2055.9929931640627
2016-05-17,1,2071.851483154297,2056.9019921875
2016-05-18,1,2069.11298828125,2058.2693920898437
2016-05-19,1,2066.5409912109376,2059.2849926757813
2016-05-20,1,2064.577990722656,2060.5399951171876
2016-05-23,1,2062.5904907226563,2061.0569970703127
2016-05-24,0,2061.80849609375,2062.185397949219
2016-05-25,0,2061.5780029296875,2063.67759765625
2016-05-26,0,2062.2925048828124,2064.9352001953125
2016-05-27,0,2063.980505371094,2066.104602050781
2016-05-31,0,2064.7565063476563,2067.051999511719
2016-06-01,0,2066.5545043945312,2068.0065991210936
2016-06-02,1,2069.2614990234374,2069.115798339844
2016-06-03,1,2071.6864990234376,2070.3641967773438
2016-06-06,1,2074.3,2071.8335961914063
2016-06-07,1,2076.9719970703127,2073.3351928710936
2016-06-08,1,2078.7085083007814,2074.617395019531
2016-06-09,1,2081.2595092773436,2075.6479956054686
2016-06-10,1,2082.8575073242187,2076.3745971679687
2016-06-13,1,2084.480010986328,2076.5001977539064
2016-06-14,1,2084.913018798828,2076.6840014648437
2016-06-15,1,2086.127520751953,2077.2106005859373
2016-06-16,1,2087.6455200195314,2077.4372021484373
2016-06-17,1,2089.2045166015623,2078.023400878906
2016-06-20,1,2090.751013183594,2078.7364013671877
2016-06-21,1,2092.7940063476562,2079.674599609375
2016-06-22,1,2093.2635009765627,2080.14919921875
2016-06-23,1,2094.4025024414063,2080.7672021484377
2016-06-24,1,2091.767999267578,2079.8598022460938
2016-06-27,1,2086.8419982910154,2078.2560034179687
2016-06-28,1,2083.7989990234373,2077.0910009765626
2016-06-29,1,2082.37099609375,2076.490400390625
2016-06-30,1,2082.0510009765626,2076.4196044921873
2016-07-01,1,2082.2420043945312,2076.64900390625
2016-07-05,1,2081.199011230469,2076.5884033203124
2016-07-06,1,2080.5790161132813,2076.8272021484377
2016-07-07,1,2079.5180053710938,2076.951201171875
2016-07-08,1,2080.2390014648436,2077.646201171875
2016-07-11,1,2082.293493652344,2078.8731982421873
2016-07-12,1,2085.9474853515626,2080.6099951171873
2016-07-13,1,2089.802978515625,2082.0299951171874
2016-07-14,1,2094.415478515625,2084.0375927734376
2016-07-15,1,2098.602978515625,2086.249990234375
2016-07-18,1,2103.386474609375,2088.5751904296876
2016-07-19,1,2107.412976074219,2090.7079931640624
2016-07-20,1,2111.6189819335937,2092.9945947265624
2016-07-21,1,2115.60498046875,2094.6101953125
2016-07-22,1,2118.690478515625,2096.8215966796874
2016-07-25,1,2125.243975830078,2098.908994140625
2016-07-26,1,2133.6759704589845,2101.3603930664062
2016-07-27,1,2140.200476074219,2103.358796386719
2016-07-28,1,2145.1649780273438,2105.8157983398437
2016-07-29,1,2148.9019775390625,2108.3352001953126
2016-08-01,1,2152.296484375,2110.951201171875
2016-08-02,1,2155.7204833984374,2113.045400390625
2016-08-03,1,2158.923486328125,2115.360400390625
2016-08-04,1,2162.2409912109374,2117.12419921875
2016-08-05,1,2164.889501953125,2118.97080078125
2016-08-08,1,2167.0760009765627,2120.7865966796876
2016-08-09,1,2168.556005859375,2122.4401953125
2016-08-10,1,2169.7090087890624,2124.01099609375
2016-08-11,1,2170.8110107421876,2125.7401953125
2016-08-12,1,2171.926513671875,2127.31599609375
2016-08-15,1,2173.0895141601563,2129.136396484375
2016-08-16,1,2173.8080078125,2130.5111962890624
2016-08-17,1,2174.2680053710938,2131.912998046875
2016-08-18,1,2175.3605102539063,2133.27099609375
2016-08-19,1,2175.8025146484374,2134.638798828125
2016-08-22,1,2176.5105102539064,2136.3701953125
2016-08-23,1,2177.3965087890624,2138.5269921875
2016-08-24,1,2177.839501953125,2140.5293896484377
2016-08-25,1,2177.959997558594,2142.5487890625
2016-08-26,1,2177.7319946289062,2144.3697900390625
2016-08-29,1,2178.208984375,2146.55298828125
2016-08-30,1,2179.1634887695313,2148.410390625
2016-08-31,1,2179.521484375,2150.0513916015625
2016-09-01,1,2179.8519897460938,2151.7595947265627
2016-09-02,1,2179.707482910156,2153.09279296875
2016-09-06,1,2179.9869873046873,2156.0741918945314
2016-09-07,1,2180.2079833984376,2159.7865893554685
2016-09-08,1,2180.498486328125,2162.690791015625
2016-09-09,1,2177.5994873046875,2163.831591796875
2016-09-12,1,2176.348986816406,2165.0351904296876
2016-09-13,1,2173.192492675781,2165.516591796875
2016-09-14,1,2170.5734985351564,2166.2609912109374
2016-09-15,1,2168.8255004882812,2167.211591796875
2016-09-16,0,2166.4324951171875,2168.0367919921873
2016-09-19,0,2164.1949951171873,2168.2211962890624
2016-09-20,0,2162.0510009765626,2168.2731982421874
2016-09-21,0,2160.86201171875,2168.492802734375
2016-09-22,0,2160.949011230469,2168.987802734375
2016-09-23,0,2160.560009765625,2169.0066015625
2016-09-26,0,2159.4130126953123,2168.6938037109376
2016-09-27,0,2158.390515136719,2168.5546044921875
2016-09-28,0,2158.1530151367188,2168.70640625
2016-09-29,0,2157.16201171875,2168.268603515625
2016-09-30,0,2157.032507324219,2168.33060546875
2016-10-03,0,2156.093505859375,2168.05400390625
2016-10-04,0,2154.2940063476562,2167.6942041015627
2016-10-05,0,2152.972509765625,2167.505205078125
2016-10-06,0,2151.946008300781,2167.38900390625
2016-10-07,0,2153.2425048828127,2167.0626025390625
2016-10-10,0,2153.473498535156,2166.863798828125
2016-10-11,0,2153.9589965820314,2166.1815966796876
2016-10-12,0,2154.6294921875,2165.8245947265623
2016-10-13,0,2153.893994140625,2165.199794921875
2016-10-14,0,2153.584997558594,2164.57439453125
2016-10-17,0,2152.953991699219,2163.4469921875
2016-10-18,0,2152.94599609375,2162.6211962890625
2016-10-19,0,2152.0044921875,2161.872197265625
2016-10-20,0,2150.2125,2161.18919921875
2016-10-21,0,2149.035998535156,2160.2965966796874
2016-10-24,0,2149.297497558594,2159.642197265625
2016-10-25,0,2148.4589965820314,2158.7023974609374
2016-10-26,0,2146.8619873046873,2157.927998046875
2016-10-27,0,2145.9574951171876,2156.9443994140624
2016-10-28,0,2143.8644897460936,2155.732197265625
2016-10-31,0,2142.1119873046873,2154.57779296875
2016-11-01,0,2140.173486328125,2153.15939453125
2016-11-02,0,2137.083984375,2151.3801953125
2016-11-03,0,2133.478479003906,2149.6445947265624
2016-11-04,0,2130.0504760742188,2147.8987939453127
2016-11-07,0,2128.4434814453125,2147.1483935546876
2016-11-08,0,2128.5849853515624,2146.3319970703124
2016-11-09,0,2129.7889892578123,2146.074794921875
2016-11-10,0,2131.5354858398437,2146.0053955078124
2016-11-11,0,2133.108984375,2145.8771923828126
2016-11-14,0,2134.9939819335937,2145.561591796875
2016-11-15,0,2137.0334716796874,2145.4397900390627
2016-11-16,0,2138.665966796875,2145.255390625
2016-11-17,0,2140.954968261719,2145.3717919921874
2016-11-18,0,2142.9919677734374,2146.4535888671876
2016-11-21,0,2145.3344604492186,2147.23638671875
2016-11-22,0,2148.3234619140626,2148.75478515625
2016-11-23,1,2151.5879638671877,2150.3337841796874
2016-11-25,1,2155.603466796875,2151.6555859375
2016-11-28,1,2159.3689697265627,2152.906787109375
2016-11-29,1,2163.294470214844,2154.2175830078127
2016-11-30,1,2167.648974609375,2155.398583984375
2016-12-01,1,2172.3059814453127,2155.957783203125
2016-12-02,1,2177.4704833984374,2156.25318359375
2016-12-05,1,2183.446984863281,2157.053583984375
2016-12-06,1,2187.4824829101562,2158.376181640625
2016-12-07,1,2192.571984863281,2160.0045849609373
2016-12-08,1,2196.7184814453126,2161.5009814453124
2016-12-09,1,2201.3209838867188,2163.668984375
2016-12-12,1,2205.946484375,2165.442783203125
2016-12-13,1,2211.3224853515626,2167.65318359375
2016-12-14,1,2214.9669921875,2169.708984375
2016-12-15,1,2219.2214965820312,2171.7549853515625
2016-12-16,1,2222.768994140625,2173.700986328125
2016-12-19,1,2226.800500488281,2175.876787109375
2016-12-20,1,2230.4295043945312,2178.0187890625
2016-12-21,1,2233.54150390625,2180.5877880859375
2016-12-22,1,2236.3535034179686,2183.023388671875
2016-12-23,1,2238.8755004882814,2185.6481884765626
2016-12-27,1,2242.23349609375,2188.3661865234376
2016-12-28,1,2244.4964965820313,2190.8345849609377
2016-12-29,1,2247.018994140625,2193.027783203125
2016-12-30,1,2249.406494140625,2194.918583984375
2017-01-03,1,2252.7005004882812,2197.2483837890627
2017-01-04,1,2256.0025024414062,2199.840185546875
2017-01-05,1,2258.8410034179688,2202.193583984375
2017-01-06,1,2260.6224975585938,2204.8699853515627
2017-01-09,1,2261.7579956054688,2207.459384765625
2017-01-10,1,2262.2264892578123,2210.17658203125
2017-01-11,1,2263.144494628906,2213.15478515625
2017-01-12,1,2263.0804931640623,2216.0405859375
2017-01-13,1,2264.148486328125,2219.298984375
2017-01-17,1,2264.4414794921877,2222.6979833984374
2017-01-18,1,2265.132470703125,2226.3625830078126
2017-01-19,1,2265.190466308594,2229.932783203125
2017-01-20,1,2265.21796875,2232.728583984375
2017-01-23,1,2265.2189697265626,2235.2413818359373
2017-01-24,1,2266.1744750976563,2237.5775830078123
2017-01-25,1,2267.9034790039063,2240.1953857421877
2017-01-26,1,2269.2934814453124,2242.8399853515625
2017-01-27,1,2271.531982421875,2245.44978515625
2017-01-30,1,2273.113977050781,2247.4599853515624
2017-01-31,1,2275.1159790039064,2249.4985888671877
2017-02-01,1,2276.2019775390627,2251.3471875
2017-02-02,1,2276.706982421875,2253.32619140625
2017-02-03,1,2278.127978515625,2255.3109912109376
2017-02-06,1,2278.906982421875,2257.1033935546875
2017-02-07,1,2280.1159912109374,2258.870595703125
2017-02-08,1,2281.4044921875,2260.4969921875
2017-02-09,1,2283.0319946289064,2262.6199951171875
2017-02-10,1,2285.3150024414062,2264.848798828125
2017-02-13,1,2287.9955078125,2267.43759765625
2017-02-14,1,2291.480017089844,2270.36759765625
2017-02-15,1,2295.3480224609375,2273.5135986328123
2017-02-16,1,2299.524523925781,2276.363798828125
2017-02-17,1,2303.5170166015623,2279.1423974609374
2017-02-21,1,2308.526013183594,2281.6229931640623
2017-02-22,1,2312.6635131835938,2283.955595703125
2017-02-23,1,2315.935510253906,2286.0411962890626
2017-02-24,1,2319.4685180664064,2288.248798828125
2017-02-27,1,2323.2215209960937,2290.2093994140623
2017-02-28,1,2327.3585205078125,2292.4165966796877
2017-03-01,1,2333.2130126953125,2295.0951953125
2017-03-02,1,2338.331506347656,2297.5721923828123
2017-03-03,1,2343.4450073242188,2299.983994140625
2017-03-06,1,2347.3395141601563,2302.0749951171874
2017-03-07,1,2351.131005859375,2304.1391943359376
2017-03-08,1,2354.6260009765624,2306.1795947265623
2017-03-09,1,2358.1360107421874,2308.2011962890624
2017-03-10,1,2361.372509765625,2310.2756005859374
2017-03-13,1,2364.241003417969,2312.7466015625
2017-03-14,1,2366.1010009765623,2315.070400390625
2017-03-15,1,2368.484997558594,2317.9989990234376
2017-03-16,1,2370.0914916992188,2320.4699951171874
2017-03-17,1,2371.6429931640623,2322.6199951171875
2017-03-20,1,2372.75849609375,2324.70939453125
2017-03-21,1,2371.6905029296877,2326.0501953125
2017-03-22,1,2370.9719970703127,2327.6411962890625
2017-03-23,1,2370.0794921875,2329.1823974609374
2017-03-24,1,2368.911486816406,2330.555595703125
2017-03-27,1,2367.5034912109377,2331.9785986328125
2017-03-28,1,2367.25,2333.6572021484376
2017-03-29,1,2365.50849609375,2335.522001953125
2017-03-30,1,2364.8155029296877,2337.4454052734377
2017-03-31,1,2363.7954956054687,2339.426005859375
2017-04-03,1,2362.9719970703127,2341.1766064453127
2017-04-04,1,2362.560498046875,2343.0758056640625
2017-04-05,1,2362.0589965820313,2344.5334033203126
2017-04-06,1,2361.689990234375,2345.71580078125
2017-04-07,1,2360.8369873046877,2346.8930029296876
2017-04-10,1,2360.021484375,2348.14240234375
2017-04-11,1,2359.43798828125,2349.6000048828123
2017-04-12,1,2357.421484375,2350.921201171875
2017-04-13,1,2354.7999877929688,2351.90919921875
2017-04-17,1,2353.33798828125,2353.2723974609376
2017-04-18,0,2351.7739868164062,2354.1677978515627
2017-04-19,0,2351.481481933594,2355.0799951171875
2017-04-20,0,2351.8509887695313,2356.3351953125
2017-04-21,0,2351.9874877929688,2357.415595703125
2017-04-24,0,2353.495983886719,2358.74119140625
2017-04-25,0,2355.8469848632812,2360.1913916015624
2017-04-26,0,2357.290979003906,2361.375390625
2017-04-27,0,2358.672985839844,2362.399189453125
2017-04-28,0,2359.47998046875,2363.0981884765624
2017-05-01,0,2360.7604858398436,2363.920390625
2017-05-02,0,2362.3769775390624,2364.7205908203123
2017-05-03,0,2363.7754760742187,2365.1755908203127
2017-05-04,0,2365.6039794921876,2365.70958984375
2017-05-05,1,2367.693981933594,2366.419189453125
2017-05-08,1,2369.8859741210936,2367.0599853515623
2017-05-09,1,2371.873974609375,2367.6033837890627
2017-05-10,1,2374.166467285156,2368.32318359375
2017-05-11,1,2376.6419677734375,2368.292783203125
2017-05-12,1,2379.739465332031,2368.4723828125
2017-05-15,1,2382.4049682617188,2368.8563818359376
2017-05-16,1,2385.328967285156,2369.3635791015627
2017-05-17,1,2386.27197265625,2369.1363818359373
2017-05-18,1,2386.765966796875,2369.191181640625
2017-05-19,1,2388.41796875,2369.52837890625
2017-05-22,1,2389.411474609375,2369.95677734375
2017-05-23,1,2389.901965332031,2370.4557763671874
2017-05-24,1,2390.7489624023438,2371.2345751953126
2017-05-25,1,2392.06396484375,2371.8307763671874
2017-05-26,1,2393.644970703125,2372.519580078125
2017-05-30,1,2394.8739624023438,2373.2127783203123
2017-05-31,1,2395.90546875,2373.9793798828123
2017-06-01,1,2398.0019775390624,2375.7001806640624
2017-06-02,1,2400.4794799804686,2377.5125830078123
2017-06-05,1,2402.3199829101563,2379.3153857421876
2017-06-06,1,2403.817492675781,2381.0223876953123
2017-06-07,1,2405.6284912109377,2382.8533837890627
2017-06-08,1,2407.3364990234377,2384.357783203125
2017-06-09,1,2409.2030029296875,2385.7705859375
2017-06-12,1,2411.1275024414062,2386.9971826171877
2017-06-13,1,2413.02900390625,2388.54978515625
2017-06-14,1,2414.89150390625,2390.1313818359376
2017-06-15,1,2418.6630004882813,2391.5773828125
2017-06-16,1,2422.0344970703127,2393.1813818359374
2017-06-19,1,2425.62099609375,2395.10078125
2017-06-20,1,2427.7714965820314,2396.7305810546877
2017-06-21,1,2429.631005859375,2398.2995849609374
2017-06-22,1,2431.136511230469,2399.913984375
2017-06-23,1,2432.2980102539063,2401.78138671875
2017-06-26,1,2433.4605102539062,2403.9837890625
2017-06-27,1,2433.7840087890627,2405.3911865234377
2017-06-28,1,2435.2285034179686,2407.3611865234375
2017-06-29,1,2434.710498046875,2408.991787109375
2017-06-30,1,2433.927490234375,2410.34318359375
2017-07-03,1,2433.5729858398436,2411.9495849609375
2017-07-05,1,2433.7334838867187,2413.1173876953126
2017-07-06,1,2432.5639892578124,2413.540185546875
2017-07-07,1,2432.1334838867188,2414.29478515625
2017-07-10,1,2431.9164794921876,2415.0679833984377
2017-07-11,1,2431.723486328125,2415.8945849609377
2017-07-12,1,2431.8684814453127,2416.9929833984374
2017-07-13,1,2432.3639892578126,2418.1261865234374
2017-07-14,1,2433.7044921875,2419.5489892578125
2017-07-17,1,2435.0039916992187,2420.94138671875
2017-07-18,1,2435.3614990234373,2422.1677880859374
2017-07-19,1,2437.2015014648437,2423.6567919921877
2017-07-20,1,2439.0934936523436,2425.187392578125
2017-07-21,1,2440.995495605469,2426.645595703125
2017-07-24,1,2442.5759887695312,2428.1549951171874
2017-07-25,1,2444.4789794921876,2429.8795947265626
2017-07-26,1,2447.4014892578125,2431.389794921875
2017-07-27,1,2449.13798828125,2432.884794921875
2017-07-28,1,2451.7579956054688,2435.1861962890625
2017-07-31,1,2454.102502441406,2437.2777978515624
2017-08-01,1,2456.4695068359374,2439.1702001953126
2017-08-02,1,2458.7210083007812,2440.841201171875
2017-08-03,1,2461.84150390625,2442.3160009765625
2017-08-04,1,2464.4240112304688,2443.7648046875
2017-08-07,1,2467.098010253906,2445.0816015625
2017-08-08,1,2469.5675048828125,2446.2635986328123
2017-08-09,1,2471.106005859375,2447.48580078125
2017-08-10,1,2470.625,2448.0139990234375
2017-08-11,1,2469.727502441406,2448.23919921875
2017-08-14,1,2470.0625122070314,2448.774599609375
2017-08-15,1,2470.2625122070312,2449.3447998046877
2017-08-16,1,2469.976513671875,2450.120400390625
2017-08-17,1,2467.8045166015627,2450.057802734375
2017-08-18,1,2465.4550170898438,2449.8930029296876
2017-08-21,1,2463.37802734375,2449.8250048828127
2017-08-22,1,2462.1470336914062,2450.2874072265627
2017-08-23,1,2460.4575317382814,2450.3612060546875
2017-08-24,1,2458.6350341796874,2450.38220703125
2017-08-25,1,2457.1825317382813,2450.5940087890626
2017-08-28,1,2455.879528808594,2450.815810546875
2017-08-29,1,2454.3770263671877,2450.6726123046874
2017-08-30,1,2453.37802734375,2451.0838134765627
2017-08-31,1,2453.3525268554686,2451.804609375
2017-09-01,1,2453.338525390625,2452.6456103515625
2017-09-05,0,2452.1855346679686,2453.036611328125
2017-09-06,0,2451.7165405273436,2453.5660107421877
2017-09-07,0,2451.270544433594,2454.4804150390623
2017-09-08,0,2452.43154296875,2454.89521484375
2017-09-11,0,2454.771044921875,2456.26341796875
2017-09-12,0,2456.3030395507812,2457.7248193359374
2017-09-13,0,2457.9910400390627,2459.112021484375
2017-09-14,0,2459.3665405273437,2460.373623046875
2017-09-15,1,2462.8775390625,2462.18322265625
2017-09-18,1,2466.7935424804687,2463.7570263671873
2017-09-19,1,2470.7075317382814,2465.34142578125
2017-09-20,1,2473.494030761719,2466.995625
2017-09-21,1,2476.3220336914064,2468.142626953125
2017-09-22,1,2479.4845336914063,2469.2304248046876
2017-09-25,1,2482.1650268554686,2469.97822265625
2017-09-26,1,2484.795031738281,2470.7322265625
2017-09-27,1,2487.83203125,2471.6608251953126
2017-09-28,1,2490.455529785156,2472.3854248046873
2017-09-29,1,2492.8410400390626,2473.3036279296875
2017-10-02,1,2495.4695434570312,2474.4352294921873
2017-10-03,1,2499.306042480469,2475.7286328125
2017-10-04,1,2502.9160400390624,2476.9408349609375
2017-10-05,1,2507.264538574219,2478.425634765625
2017-10-06,1,2511.6595458984375,2479.903837890625
2017-10-09,1,2514.4905395507812,2481.356435546875
2017-10-10,1,2517.19853515625,2482.963232421875
2017-10-11,1,2520.042028808594,2484.5410302734376
2017-10-12,1,2522.80751953125,2486.0082275390623
2017-10-13,1,2525.4545166015623,2487.628427734375
2017-10-16,1,2528.1430053710938,2489.2446240234376
2017-10-17,1,2530.778515625,2490.8136279296873
2017-10-18,1,2533.4295166015627,2492.5404296875
2017-10-19,1,2536.5045166015625,2494.30203125
2017-10-20,1,2540.154016113281,2497.04203125
2017-10-23,1,2543.57001953125,2499.5152294921877
2017-10-24,1,2547.1845092773438,2501.581025390625
2017-10-25,1,2549.6900024414062,2503.4318212890626
2017-10-26,1,2552.206994628906,2505.2776171875
2017-10-27,1,2555.2924926757814,2508.298818359375
2017-10-30,1,2557.477990722656,2511.2444189453126
2017-10-31,1,2559.5119873046874,2514.182216796875
2017-11-01,1,2561.5929931640626,2516.71921875
2017-11-02,1,2562.9819946289062,2519.435419921875
2017-11-03,1,2564.9074951171874,2522.412822265625
2017-11-06,1,2567.227490234375,2525.3744189453123
2017-11-07,1,2569.227490234375,2528.3024169921873
2017-11-08,1,2571.1844848632813,2531.264013671875
2017-11-09,1,2572.868994140625,2533.8046142578123
2017-11-10,1,2574.3255004882812,2536.0176171875
2017-11-13,1,2575.685510253906,2538.18341796875
2017-11-14,1,2576.6610107421875,2540.603818359375
2017-11-15,1,2576.8290161132813,2542.585419921875
2017-11-16,1,2578.006005859375,2544.9962158203125
2017-11-17,1,2578.1880126953124,2547.344619140625
2017-11-20,1,2579.046008300781,2549.22521484375
2017-11-21,1,2580.541015625,2551.2762158203127
2017-11-22,1,2582.5375244140623,2553.2504150390623
2017-11-24,1,2584.638525390625,2555.3864111328126
2017-11-27,1,2585.6560180664064,2557.4102099609377
2017-11-28,1,2588.3665161132812,2559.8736083984377
2017-11-29,1,2590.907019042969,2562.26201171875
2017-11-30,1,2594.318017578125,2565.0488134765624
2017-12-01,1,2597.4365112304686,2567.8812109375
2017-12-04,1,2600.01650390625,2570.6256103515625
2017-12-05,1,2601.938513183594,2573.2838134765625
2017-12-06,1,2603.87001953125,2575.932412109375
2017-12-07,1,2606.0000244140624,2578.5312109375
2017-12-08,1,2609.3440185546874,2581.360009765625
2017-12-11,1,2613.228515625,2584.172607421875
2017-12-12,1,2617.1920166015625,2586.8724072265627
2017-12-13,1,2621.391015625,2589.4378076171874
2017-12-14,1,2625.7605102539064,2591.7232080078124
2017-12-15,1,2630.2690185546876,2594.1980078125
2017-12-18,1,2635.834509277344,2597.0146044921876
2017-12-19,1,2640.8010131835936,2599.749404296875
2017-12-20,1,2644.81201171875,2602.3216064453127
2017-12-21,1,2649.1865112304686,2604.9082080078124
2017-12-22,1,2653.23251953125,2607.5564111328126
2017-12-26,1,2657.1865234375,2610.1030126953124
2017-12-27,1,2659.96552734375,2612.6026171875
2017-12-28,1,2663.039025878906,2615.1662158203126
2017-12-29,1,2664.34052734375,2617.4132177734373
2018-01-02,1,2667.0200317382814,2620.0874169921876
2018-01-03,1,2670.701037597656,2622.8444189453126
2018-01-04,1,2675.4220336914063,2626.024619140625
2018-01-05,1,2681.1160278320312,2629.50501953125
2018-01-08,1,2686.6525268554688,2633.316220703125
2018-01-09,1,2691.6420288085938,2637.1340234375
2018-01-10,1,2696.0540283203127,2640.4772216796873
2018-01-11,1,2701.226525878906,2644.3718212890626
2018-01-12,1,2707.3960205078124,2648.5914208984377
2018-01-16,1,2713.6165161132812,2652.5326171875
2018-01-17,1,2719.9540161132813,2656.98681640625
2018-01-18,1,2725.347521972656,2661.190615234375
2018-01-19,1,2731.789025878906,2665.5740185546874
2018-01-22,1,2739.4750244140623,2670.4206201171874
2018-01-23,1,2747.203015136719,2675.3156201171873
2018-01-24,1,2754.9130126953123,2680.3740185546876
2018-01-25,1,2762.8505126953123,2685.513017578125
2018-01-26,1,2772.3630126953126,2691.2736181640626
2018-01-29,1,2780.6625122070313,2696.76681640625
2018-01-30,1,2788.1035034179686,2701.9230126953125
2018-01-31,1,2794.5035034179687,2706.686416015625
2018-02-01,1,2799.949499511719,2711.549013671875
2018-02-02,1,2801.856494140625,2715.1488134765623
2018-02-05,1,2797.14599609375,2716.14701171875
2018-02-06,1,2794.5174926757813,2718.1082080078127
2018-02-07,1,2791.035986328125,2719.6930078125
2018-02-08,1,2782.6744873046873,2719.284609375
2018-02-09,1,2775.2739868164062,2719.1348095703124
2018-02-12,1,2768.7619873046874,2719.733408203125
2018-02-13,1,2763.08798828125,2720.04060546875
2018-02-14,1,2757.8914794921875,2721.1688037109375
2018-02-15,1,2754.5499755859373,2723.00400390625
2018-02-16,1,2750.6459716796876,2725.057001953125
2018-02-20,1,2744.8104736328123,2726.7968017578123
2018-02-21,1,2737.9204833984377,2728.0838037109374
2018-02-22,1,2731.2414794921874,2729.1330029296873
2018-02-23,0,2726.6439819335938,2730.8792041015627
2018-02-26,0,2721.9804809570314,2733.18900390625
2018-02-27,0,2716.5179809570313,2734.8176025390626
2018-02-28,0,2711.08798828125,2736.05400390625
2018-03-01,0,2703.7809814453126,2736.091201171875
2018-03-02,0,2697.244482421875,2736.1130029296874
2018-03-05,0,2695.1849853515623,2736.90240234375
2018-03-06,0,2699.143994140625,2737.8798046875
2018-03-07,0,2700.727001953125,2738.724404296875
2018-03-08,0,2703.5925048828126,2739.837001953125
2018-03-09,0,2713.8710083007813,2741.9584033203123
2018-03-12,0,2722.0445068359377,2743.9664013671877
2018-03-13,0,2727.510009765625,2745.5218017578127
2018-03-14,0,2731.83701171875,2747.03919921875
2018-03-15,0,2734.272021484375,2748.069599609375
2018-03-16,0,2735.3125244140624,2748.8485986328124
2018-03-19,0,2734.347521972656,2748.627197265625
2018-03-20,0,2734.3815185546873,2748.102998046875
2018-03-21,0,2734.911511230469,2747.3873974609373
2018-03-22,0,2731.8980102539062,2745.2353955078124
2018-03-23,0,2723.946008300781,2742.03599609375
2018-03-26,0,2717.893505859375,2739.8557958984375
2018-03-27,0,2711.310510253906,2736.3833984375
2018-03-28,0,2705.869006347656,2732.955
2018-03-29,0,2704.029016113281,2729.721201171875
2018-04-02,0,2698.560510253906,2725.3981982421874
2018-04-03,0,2693.2360107421873,2721.4811962890626
2018-04-04,0,2689.064501953125,2717.715595703125
2018-04-05,0,2685.86650390625,2714.1897998046875
2018-04-06,0,2679.14150390625,2709.5283984375
2018-04-09,0,2670.47099609375,2705.0065966796874
2018-04-10,0,2664.1635009765623,2700.6865966796877
2018-04-11,0,2658.0074951171873,2696.459794921875
2018-04-12,0,2653.7329956054687,2693.29099609375
2018-04-13,0,2649.181494140625,2689.9407958984375
2018-04-16,0,2645.472998046875,2687.057998046875
2018-04-17,0,2645.1464965820314,2685.9431982421875
2018-04-18,0,2644.731494140625,2687.137197265625
2018-04-19,0,2643.7914916992186,2687.0969970703127
2018-04-20,0,2645.1139892578126,2686.8665966796875
2018-04-23,0,2649.2154907226563,2688.6523974609377
2018-04-24,0,2648.0159912109375,2688.95259765625
2018-04-25,0,2649.35498046875,2688.620595703125
2018-04-26,0,2652.4519775390627,2688.700595703125
2018-04-27,0,2653.9039672851563,2688.1261962890626
2018-04-30,0,2657.2124755859377,2686.4631982421874
2018-05-01,0,2659.22998046875,2684.9147998046874
2018-05-02,0,2658.7789794921873,2683.302998046875
2018-05-03,0,2657.1234741210938,2681.87099609375
2018-05-04,0,2660.0709716796873,2681.0601953125
2018-05-07,0,2663.044470214844,2679.5667919921875
2018-05-08,0,2663.7969604492187,2677.4131884765625
2018-05-09,0,2666.5769653320312,2676.483388671875
2018-05-10,0,2669.530969238281,2676.6681884765626
2018-05-11,0,2673.1019653320313,2677.669189453125
2018-05-14,0,2675.716455078125,2678.446787109375
2018-05-15,0,2675.9694580078126,2678.2569873046873
2018-05-16,0,2676.6604614257812,2678.1437841796874
2018-05-17,1,2678.010461425781,2678.010380859375
2018-05-18,1,2680.151965332031,2677.490380859375
2018-05-21,1,2683.2879638671875,2676.4191796875
2018-05-22,1,2687.7819580078126,2675.247578125
2018-05-23,1,2692.47646484375,2674.607177734375
2018-05-24,1,2695.517468261719,2674.1727783203123
2018-05-25,1,2698.0884765625,2673.6527783203123
2018-05-29,1,2700.1789794921874,2672.4097802734377
2018-05-30,1,2703.6394775390627,2672.63158203125
2018-05-31,1,2707.119482421875,2672.39818359375
2018-06-01,1,2712.3639892578126,2672.8519873046876
2018-06-04,1,2716.5364990234375,2674.9155908203124
2018-06-05,1,2720.345007324219,2678.1263916015623
2018-06-06,1,2725.3665161132812,2680.402392578125
2018-06-07,1,2728.9955200195313,2683.557392578125
2018-06-08,1,2731.7935180664062,2687.0379931640623
2018-06-11,1,2734.50751953125,2689.8605908203126
2018-06-12,1,2737.3435302734374,2693.9599951171876
2018-06-13,1,2740.552526855469,2697.18359375
2018-06-14,1,2743.5540283203127,2699.9395947265625
2018-06-15,1,2746.5305297851564,2702.2759912109377
2018-06-18,1,2749.56953125,2705.661591796875
2018-06-19,1,2751.04853515625,2708.6501953125
2018-06-20,1,2753.1925415039063,2710.8591943359374
2018-06-21,1,2754.0160400390623,2713.010595703125
2018-06-22,1,2755.372033691406,2714.8283935546874
2018-06-25,1,2755.159033203125,2716.0437939453127
2018-06-26,1,2756.8190307617188,2716.948193359375
2018-06-27,1,2755.6000244140623,2716.8129931640624
2018-06-28,1,2756.1520263671873,2716.966396484375
2018-06-29,1,2755.3395263671873,2717.471201171875
2018-07-02,1,2754.3315185546876,2718.6026025390624
2018-07-03,1,2752.5525146484374,2719.461201171875
2018-07-05,1,2750.765515136719,2721.5022021484374
2018-07-06,1,2750.2380126953126,2723.91060546875
2018-07-09,1,2750.495007324219,2726.255205078125
2018-07-10,1,2751.08701171875,2728.73380859375
2018-07-11,1,2750.4455078125,2731.2532080078126
2018-07-12,1,2751.578515625,2734.1230078125
2018-07-13,1,2752.5195190429686,2737.435810546875
2018-07-16,1,2753.4580200195314,2740.8098095703126
2018-07-17,1,2755.2480224609376,2743.732412109375
2018-07-18,1,2757.899523925781,2746.592216796875
2018-07-19,1,2759.758020019531,2749.2436181640624
2018-07-20,1,2762.3615234375,2751.3244189453126
2018-07-23,1,2764.9665283203126,2753.0026171875
2018-07-24,1,2770.133020019531,2754.8562158203126
2018-07-25,1,2776.2835205078127,2757.17501953125
2018-07-26,1,2783.1740234375,2759.6948193359376
2018-07-27,1,2788.299523925781,2761.622021484375
2018-07-30,1,2792.511022949219,2763.27142578125
2018-07-31,1,2796.990026855469,2765.3378271484376
2018-08-01,1,2801.997033691406,2766.9448291015624
2018-08-02,1,2806.5275268554688,2769.0004296875
2018-08-03,1,2810.5540283203127,2771.141630859375
2018-08-06,1,2813.86552734375,2773.5944287109373
2018-08-07,1,2817.0960205078127,2776.336826171875
2018-08-08,1,2821.2800170898436,2779.693623046875
2018-08-09,1,2824.0445190429687,2782.2850244140627
2018-08-10,1,2825.643017578125,2784.845224609375
2018-08-13,1,2826.818017578125,2786.5914208984377
2018-08-14,1,2828.338513183594,2788.4532177734377
2018-08-15,1,2828.4760131835938,2789.844619140625
2018-08-16,1,2830.2860107421875,2791.211416015625
2018-08-17,1,2832.7010009765627,2792.806611328125
2018-08-20,1,2835.2045043945313,2794.36701171875
2018-08-21,1,2837.3325073242186,2795.9862109375
2018-08-22,1,2838.120007324219,2797.4856103515626
2018-08-23,1,2839.0970092773437,2799.1126123046874
2018-08-24,1,2841.8905029296875,2800.956611328125
2018-08-27,1,2846.5974975585937,2803.298212890625
2018-08-28,1,2850.6589965820312,2805.77361328125
2018-08-29,1,2855.6929931640625,2808.8026123046875
2018-08-30,1,2859.3884887695312,2811.47880859375
2018-08-31,1,2862.446984863281,2814.5140087890627
2018-09-04,1,2864.76298828125,2817.350810546875
2018-09-05,1,2866.2704956054686,2820.7814111328125
2018-09-06,1,2867.2880004882813,2823.8812109375
2018-09-07,1,2868.1929931640625,2827.3222119140623
2018-09-10,1,2870.3854858398436,2830.5386083984376
2018-09-11,1,2873.683483886719,2833.92900390625
2018-09-12,1,2876.131481933594,2837.173203125
2018-09-13,1,2880.42197265625,2840.99240234375
2018-09-14,1,2883.636474609375,2844.3597998046876
2018-09-17,1,2885.5699829101563,2846.9393994140623
2018-09-18,1,2887.9329833984375,2849.3422021484375
2018-09-19,1,2890.182482910156,2851.6243994140623
2018-09-20,1,2893.6289794921877,2854.7589990234374
2018-09-21,1,2897.2634765625,2857.3865966796875
2018-09-24,1,2899.4974853515623,2859.7477978515626
2018-09-25,1,2900.4384887695314,2862.090400390625
2018-09-26,1,2900.860986328125,2864.018798828125
2018-09-27,1,2900.858984375,2865.986396484375
2018-09-28,1,2901.5014892578124,2868.1761962890623
2018-10-01,1,2902.654992675781,2870.631396484375
2018-10-02,1,2903.9904907226564,2872.9603955078123
2018-10-03,1,2905.835986328125,2875.06259765625
2018-10-04,1,2907.0139892578127,2876.1733984375
2018-10-05,1,2907.70849609375,2877.1360009765626
2018-10-08,1,2908.0734985351564,2878.4481982421876
2018-10-09,1,2907.696008300781,2880.002998046875
2018-10-10,1,2902.5340087890627,2879.3907958984373
2018-10-11,1,2893.743518066406,2877.69099609375
2018-10-12,1,2886.8510131835938,2876.4891943359376
2018-10-15,1,2879.9505126953127,2874.6979931640626
2018-10-16,1,2875.231005859375,2873.8883935546874
2018-10-17,0,2870.2940063476562,2872.90359375
2018-10-18,0,2862.1955078125,2871.1251953125
2018-10-19,0,2854.1010131835938,2869.4091943359376
2018-10-22,0,2845.9265014648436,2867.86119140625
2018-10-23,0,2837.182995605469,2866.2363916015624
2018-10-24,0,2824.689501953125,2862.5591943359377
2018-10-25,0,2814.2680053710938,2860.303193359375
2018-10-26,0,2801.5035034179687,2856.663193359375
2018-10-29,0,2787.3364990234377,2852.485595703125
2018-10-30,0,2775.296496582031,2848.9971923828125
2018-10-31,0,2764.6079956054687,2845.97279296875
2018-11-01,0,2756.54599609375,2843.5437939453127
2018-11-02,0,2748.4204956054687,2840.8653955078125
2018-11-05,0,2741.114501953125,2838.1377978515625
2018-11-06,0,2734.8699951171875,2835.3119970703124
2018-11-07,0,2736.2804931640626,2833.63939453125
2018-11-08,0,2740.2034912109375,2831.4951953125
2018-11-09,0,2740.897497558594,2829.0927978515624
2018-11-12,0,2739.668994140625,2825.586796875
2018-11-13,0,2735.2819946289064,2822.09599609375
2018-11-14,0,2729.900500488281,2818.355595703125
2018-11-15,0,2727.9714965820312,2815.39859375
2018-11-16,0,2726.39599609375,2812.6903955078124
2018-11-19,0,2723.1385009765627,2808.9623974609376
2018-11-20,0,2718.1984985351564,2804.0423974609375
2018-11-21,0,2717.889990234375,2799.26259765625
2018-11-23,0,2714.2394897460936,2793.8302001953125
2018-11-26,0,2714.977490234375,2789.199599609375
2018-11-27,0,2717.023486328125,2785.0669970703125
2018-11-28,0,2720.081494140625,2781.8565966796873
2018-11-29,0,2721.3844970703126,2778.4535986328124
2018-11-30,0,2722.3744873046876,2775.0419970703124
2018-12-03,0,2725.739990234375,2772.2560009765625
2018-12-04,0,2723.827490234375,2767.8697998046873
2018-12-06,0,2720.852490234375,2763.47759765625
2018-12-07,0,2711.8119995117186,2758.0197998046874
2018-12-10,0,2703.356494140625,2752.49419921875
2018-12-11,0,2696.1449951171876,2746.9502001953124
2018-12-12,0,2692.3875,2741.4797998046874
2018-12-13,0,2688.8055053710937,2736.022001953125
2018-12-14,0,2683.7239990234375,2729.51080078125
2018-12-17,0,2674.5109985351564,2722.3973974609376
2018-12-18,0,2665.0054931640625,2715.6091943359374
2018-12-19,0,2655.8169921875,2708.059794921875
2018-12-20,0,2647.0934936523436,2699.8013916015625
2018-12-21,0,2635.4280029296874,2692.4201953125
2018-12-24,0,2621.3550048828124,2684.874794921875
2018-12-26,0,2611.0675048828125,2678.8861962890624
2018-12-27,0,2601.4005126953125,2673.6469970703124
2018-12-28,0,2588.498010253906,2667.1633984375
2018-12-31,0,2576.9505126953127,2661.116201171875
2019-01-02,0,2564.4435180664063,2655.941201171875
2019-01-03,0,2547.3195068359373,2649.5433984375
2019-01-04,0,2538.9135009765623,2645.064599609375
2019-01-07,0,2531.6005004882813,2641.244599609375
2019-01-08,0,2528.6669921875,2639.6107958984376
2019-01-09,0,2526.0289916992188,2637.19859375
2019-01-10,0,2524.0219848632814,2635.9575927734377
2019-01-11,0,2521.2814819335936,2635.05779296875
2019-01-14,0,2517.8849853515626,2633.0573974609374
2019-01-15,0,2518.402490234375,2631.0285986328126
2019-01-16,0,2521.910498046875,2628.5431982421874
2019-01-17,0,2526.400500488281,2626.8011962890623
2019-01-18,0,2534.588000488281,2625.4491943359376
2019-01-22,0,2542.8619995117188,2622.998193359375
2019-01-23,0,2553.9659912109373,2619.49439453125
2019-01-24,0,2568.527490234375,2616.20439453125
2019-01-25,0,2578.3804931640625,2613.87939453125
2019-01-28,0,2586.131494140625,2612.2319970703124
2019-01-29,0,2593.8444946289064,2610.5883984375
2019-01-30,0,2602.5544921875,2610.1777978515624
2019-01-31,1,2612.2579956054688,2609.65580078125
2019-02-01,1,2625.1900024414062,2609.0610009765624
2019-02-04,1,2634.8365112304687,2609.7438037109373
2019-02-05,1,2644.23701171875,2611.6600048828127
2019-02-06,1,2652.097021484375,2613.2936083984373
2019-02-07,1,2658.1515258789063,2614.763408203125
2019-02-08,1,2663.713525390625,2615.4520068359375
2019-02-11,1,2669.39052734375,2616.004609375
2019-02-12,1,2677.4965209960938,2616.023408203125
2019-02-13,1,2684.633020019531,2616.3280078125
2019-02-14,1,2691.1145141601564,2616.039208984375
2019-02-15,1,2698.0965209960937,2615.74380859375
2019-02-19,1,2703.5490234375,2617.3378076171875
2019-02-20,1,2711.139025878906,2619.1128076171876
2019-02-21,1,2717.9480224609374,2621.9488037109377
2019-02-22,1,2725.4650146484373,2625.047802734375
2019-02-25,1,2732.03251953125,2628.234404296875
2019-02-26,1,2739.535009765625,2631.0910009765626
2019-02-27,1,2747.15400390625,2633.9277978515624
2019-02-28,1,2752.3260009765627,2637.6185986328123
2019-03-01,1,2757.3054931640627,2642.7735986328125
2019-03-04,1,2761.619494628906,2647.7066015625
2019-03-05,1,2764.8584838867187,2653.360400390625
2019-03-06,1,2766.5459838867187,2659.4410009765625
2019-03-07,1,2767.411975097656,2666.087197265625
2019-03-08,1,2769.262976074219,2673.9265966796875
2019-03-11,1,2773.033984375,2680.2385986328127
2019-03-12,1,2777.119982910156,2686.2923974609375
2019-03-13,1,2780.429479980469,2692.79599609375
2019-03-14,1,2783.2019775390627,2698.82859375
2019-03-15,1,2787.0394775390623,2705.0775927734376
2019-03-18,1,2789.9064697265626,2712.77859375
2019-03-19,1,2792.54697265625,2718.7911962890626
2019-03-20,1,2794.523474121094,2724.2819970703126
2019-03-21,1,2798.523474121094,2729.891396484375
2019-03-22,1,2798.9254760742188,2734.206396484375
2019-03-25,1,2799.037976074219,2738.24080078125
2019-03-26,1,2800.265979003906,2742.6847998046874
2019-03-27,1,2800.915490722656,2747.14
2019-03-28,1,2802.46298828125,2751.2427978515625
2019-03-29,1,2803.998486328125,2755.6087939453123
2019-04-01,1,2807.71748046875,2760.2333935546876
2019-04-02,1,2811.5969848632812,2764.163994140625
2019-04-03,1,2816.694482421875,2768.973994140625
2019-04-04,1,2823.21748046875,2773.78779296875
2019-04-05,1,2830.7009765625,2778.7959912109377
2019-04-08,1,2836.3244750976564,2783.41619140625
2019-04-09,1,2840.6584716796874,2788.1031884765625
2019-04-10,1,2844.5229736328124,2793.0673876953124
2019-04-11,1,2848.5149780273437,2797.2127880859375
2019-04-12,1,2852.761474609375,2801.278984375
2019-04-15,1,2856.3934814453123,2805.2599853515626
2019-04-16,1,2860.1179809570312,2808.9037841796876
2019-04-17,1,2863.9289794921874,2812.1587841796877
2019-04-18,1,2866.436486816406,2815.6271826171874
2019-04-22,1,2871.7994873046873,2819.6655810546877
2019-04-23,1,2878.565478515625,2824.18158203125
2019-04-24,1,2884.00498046875,2828.5305810546874
2019-04-25,1,2890.044970703125,2832.1593798828126
2019-04-26,1,2896.2669677734375,2835.896376953125
2019-04-29,1,2901.6984741210936,2839.8423779296877
2019-04-30,1,2905.630480957031,2843.2469775390623
2019-05-01,1,2908.45498046875,2846.126376953125
2019-05-02,1,2910.660986328125,2848.7827783203124
2019-05-03,1,2913.973486328125,2852.197978515625
2019-05-06,1,2915.9599853515624,2854.9939794921875
2019-05-07,1,2915.373986816406,2856.7527783203127
2019-05-08,1,2915.4349853515623,2858.4631787109374
2019-05-09,1,2914.5604858398438,2860.02998046875
2019-05-10,1,2914.2144775390625,2861.9681787109375
2019-05-13,1,2909.4374877929686,2862.1317822265623
2019-05-14,1,2905.8789794921877,2862.963779296875
2019-05-15,1,2903.073974609375,2864.18998046875
2019-05-16,1,2901.86748046875,2866.2873828125
2019-05-17,1,2899.59248046875,2868.499384765625
2019-05-20,1,2896.2054809570313,2870.4425830078126
2019-05-21,1,2892.7394897460936,2872.0637841796874
2019-05-22,1,2889.1904907226562,2873.3587841796875
2019-05-23,1,2883.993994140625,2873.585185546875
2019-05-24,1,2878.3030029296874,2873.936787109375
2019-05-28,0,2871.27099609375,2873.5349853515627
2019-05-29,0,2863.1304931640625,2872.5365869140624
2019-05-30,0,2856.386999511719,2871.6623876953126
2019-05-31,0,2848.1140014648436,2870.2189892578126
2019-06-03,0,2838.0545043945312,2868.010390625
2019-06-04,0,2831.5945068359374,2868.061591796875
2019-06-05,0,2828.699499511719,2868.6173876953126
2019-06-06,0,2826.9030029296873,2869.11798828125
2019-06-07,0,2827.0340087890627,2870.4773876953127
2019-06-10,0,2827.3005126953126,2871.9031884765627
2019-06-11,0,2830.9930053710937,2872.92958984375
2019-06-12,0,2833.264514160156,2873.1825927734376
2019-06-13,0,2835.2985107421873,2873.6705908203126
2019-06-14,0,2835.831506347656,2873.9421923828127
2019-06-17,0,2837.3385009765625,2874.14779296875
2019-06-18,0,2841.214501953125,2874.6479931640624
2019-06-19,0,2844.3194946289063,2875.2617919921877
2019-06-20,0,2849.214990234375,2876.7813916015625
2019-06-21,0,2855.6259887695314,2878.0263916015624
2019-06-24,0,2861.5904907226563,2879.1669921875
2019-06-25,0,2867.339990234375,2879.3663916015626
2019-06-26,0,2873.8779907226562,2879.530390625
2019-06-27,1,2880.6809814453127,2879.887587890625
2019-06-28,1,2890.165979003906,2880.7137890625
2019-07-01,1,2901.1599853515627,2881.8997900390623
2019-07-02,1,2909.6469848632814,2883.2005908203123
2019-07-03,1,2918.1304931640625,2884.4433935546876
2019-07-05,1,2925.4764892578123,2885.706591796875
2019-07-08,1,2930.606982421875,2886.7021923828124
2019-07-09,1,2935.2519775390624,2887.4971923828125
2019-07-10,1,2940.619482421875,2888.4979931640623
2019-07-11,1,2946.6229736328123,2889.57958984375
2019-07-12,1,2952.7294799804686,2891.380390625
2019-07-15,1,2959.0954833984374,2893.3159912109377
2019-07-16,1,2964.8139892578124,2894.483994140625
2019-07-17,1,2968.1474853515624,2895.5229931640624
2019-07-18,1,2971.5799926757813,2897.7441943359377
2019-07-19,1,2972.7015014648437,2899.687998046875
2019-07-22,1,2974.4300048828127,2901.97419921875
2019-07-23,1,2977.435998535156,2904.4556005859376
2019-07-24,1,2982.5450073242187,2908.6093994140624
2019-07-25,1,2987.039501953125,2911.994599609375
2019-07-26,1,2992.0865112304687,2915.4926025390623
2019-07-29,1,2996.047009277344,2918.3856005859375
2019-07-30,1,2998.489501953125,2921.4585986328125
2019-07-31,1,2998.8579956054687,2924.2615966796875
2019-08-01,1,2996.7449951171875,2926.045595703125
2019-08-02,1,2993.827001953125,2927.5611962890625
2019-08-05,1,2987.26650390625,2928.0111962890624
2019-08-06,1,2982.3735107421876,2929.1253955078123
2019-08-07,1,2976.9190063476562,2930.757197265625
2019-08-08,1,2973.828015136719,2933.8585986328126
2019-08-09,1,2969.0720092773436,2936.45439453125
2019-08-12,1,2962.4920043945312,2939.0671923828127
2019-08-13,1,2958.606005859375,2942.7045947265624
2019-08-14,1,2951.4150146484376,2943.4511962890624
2019-08-15,1,2944.039514160156,2943.8802001953127
2019-08-16,0,2939.6430053710938,2944.7839990234374
2019-08-19,0,2936.5739990234374,2945.7901953125
2019-08-20,0,2931.3260009765627,2946.0657958984375
2019-08-21,0,2926.5694946289063,2946.8399951171873
2019-08-22,0,2922.53349609375,2947.7021923828124
2019-08-23,0,2913.59599609375,2946.8115966796877
2019-08-26,0,2906.4664916992188,2946.6395947265623
2019-08-27,0,2899.265490722656,2946.22939453125
2019-08-28,0,2894.6434936523438,2945.633193359375
2019-08-29,0,2893.1944946289063,2945.595595703125
2019-08-30,0,2892.914990234375,2945.0411962890626
2019-09-03,0,2895.991491699219,2944.1573974609373
2019-09-04,0,2898.7919921875,2944.00599609375
2019-09-05,0,2903.3929931640623,2945.1783984375
2019-09-06,0,2905.4239868164063,2946.4769970703123
2019-09-09,0,2908.41298828125,2947.547197265625
2019-09-10,0,2913.2474853515623,2948.299794921875
2019-09-11,0,2916.977978515625,2949.0317919921877
2019-09-12,0,2925.426477050781,2949.7629931640627
2019-09-13,0,2933.415966796875,2949.9943896484374
2019-09-16,0,2938.8799682617187,2950.145390625
2019-09-17,0,2942.982470703125,2950.740390625
2019-09-18,0,2948.2934692382814,2951.282392578125
2019-09-19,1,2952.411474609375,2951.5567919921873
2019-09-20,1,2955.86748046875,2951.3999951171877
2019-09-23,1,2963.1009765625,2950.9601953125
2019-09-24,1,2967.5119873046874,2950.0061962890627
2019-09-25,1,2973.297497558594,2949.6227978515626
2019-09-26,1,2977.7815063476564,2949.4868017578124
2019-09-27,1,2979.6420043945313,2948.820400390625
2019-09-30,1,2982.156005859375,2948.822998046875
2019-10-01,1,2983.8550048828124,2947.9273974609373
2019-10-02,1,2981.3465087890627,2945.5702001953123
2019-10-03,1,2978.0780029296875,2943.3915966796876
2019-10-04,1,2976.7430053710937,2942.3583984375
2019-10-07,1,2974.7610107421874,2940.6169970703127
2019-10-08,1,2970.4445190429688,2938.058798828125
2019-10-09,1,2966.368017578125,2936.1831982421877
2019-10-10,1,2962.796008300781,2935.3381982421874
2019-10-11,1,2960.9400146484377,2935.6723974609376
2019-10-14,1,2959.34951171875,2936.35439453125
2019-10-15,1,2958.8485107421875,2939.373193359375
2019-10-16,1,2957.9965087890623,2941.531591796875
2019-10-17,1,2957.5545043945312,2943.8109912109376
2019-10-18,1,2957.2609985351564,2944.7731884765626
2019-10-21,1,2958.0079956054688,2946.53458984375
2019-10-22,1,2959.477490234375,2948.800390625
2019-10-23,1,2960.4599853515624,2950.3643896484373
2019-10-24,1,2962.0934814453126,2953.7581884765623
2019-10-25,1,2965.131481933594,2957.2571875
2019-10-28,1,2968.265478515625,2960.2719873046876
2019-10-29,1,2973.0974731445312,2962.536787109375
2019-10-30,1,2981.05546875,2965.4619873046877
2019-10-31,1,2987.4019775390625,2967.72458984375
2019-11-01,1,2993.14697265625,2970.6037890625
2019-11-04,1,3000.1209716796875,2975.2269873046876
2019-11-05,1,3009.198974609375,2979.1517919921876
2019-11-06,1,3017.067980957031,2983.3041943359376
2019-11-07,1,3024.4204833984377,2987.248994140625
2019-11-08,1,3030.560986328125,2990.618994140625
2019-11-11,1,3036.6039916992186,2993.8299951171875
2019-11-12,1,3041.411999511719,2997.541396484375
2019-11-13,1,3046.629504394531,3000.6665966796877
2019-11-14,1,3051.5635009765624,3003.0791943359377
2019-11-15,1,3058.276501464844,3005.9141943359373
2019-11-18,1,3064.0420043945314,3008.7861962890624
2019-11-19,1,3070.251501464844,3011.6019970703123
2019-11-20,1,3075.4484985351564,3013.75259765625
2019-11-21,1,3080.1109985351563,3015.6319970703125
2019-11-22,1,3084.497998046875,3017.69
2019-11-25,1,3089.2089965820314,3020.4035986328126
2019-11-26,1,3094.3905029296875,3023.1
2019-11-27,1,3099.73349609375,3026.037998046875
2019-11-29,1,3104.9044921875,3028.721796875
2019-12-02,1,3107.2525024414062,3031.1577978515625
2019-12-03,1,3107.9989990234376,3033.1861962890625
2019-12-04,1,3109.9059936523436,3036.10939453125
2019-12-05,1,3111.9384887695314,3038.7605908203127
2019-12-06,1,3114.974987792969,3042.12638671875
2019-12-09,1,3117.1189819335937,3045.60978515625
2019-12-10,1,3119.394482421875,3048.7253857421874
2019-12-11,1,3121.8839721679688,3052.7529833984377
2019-12-12,1,3125.6104736328125,3058.3721826171877
2019-12-13,1,3129.2189819335936,3063.5355859375
2019-12-16,1,3132.7684814453123,3068.324384765625
2019-12-17,1,3136.2929809570314,3073.398984375
2019-12-18,1,3139.8409790039063,3079.3605810546874
2019-12-19,1,3144.686486816406,3085.0799853515623
2019-12-20,1,3150.5704833984373,3090.741787109375
2019-12-23,1,3156.256481933594,3095.8165869140626
2019-12-24,1,3160.7434814453127,3100.9611865234374
2019-12-26,1,3165.7129760742187,3105.8457861328125
2019-12-27,1,3170.0324829101564,3110.8523876953127
2019-12-30,1,3174.047985839844,3115.319189453125
2019-12-31,1,3179.8934814453123,3120.210791015625
2020-01-02,1,3188.1259887695314,3125.2333935546876
2020-01-03,1,3194.2304931640624,3130.010595703125
2020-01-06,1,3200.672998046875,3134.8457958984377
2020-01-07,1,3205.2364990234373,3139.38359375
2020-01-08,1,3211.0910034179688,3143.99359375
2020-01-09,1,3218.2,3148.6991943359376
2020-01-10,1,3224.3860107421874,3153.2683984375
2020-01-13,1,3230.3640014648436,3158.095595703125
2020-01-14,1,3236.081494140625,3163.007392578125
2020-01-15,1,3240.973498535156,3167.4549951171875
2020-01-16,1,3247.1880004882814,3172.2257958984374
2020-01-17,1,3254.11201171875,3177.3257958984377
2020-01-21,1,3259.8830078125,3182.20599609375
2020-01-22,1,3264.9095092773437,3186.9373974609375
2020-01-23,1,3269.9860107421873,3191.5865966796873
2020-01-24,1,3273.5905151367188,3195.7557958984376
2020-01-27,1,3273.776513671875,3198.791591796875
2020-01-28,1,3275.587512207031,3202.4355908203124
2020-01-29,1,3278.193005371094,3205.9709912109374
2020-01-30,1,3280.8369995117187,3209.234990234375
2020-01-31,1,3279.220495605469,3211.3047900390625
2020-02-03,1,3279.9239868164063,3213.87958984375
2020-02-04,1,3282.4894897460936,3217.6621923828125
2020-02-05,1,3287.364990234375,3222.2851904296876
2020-02-06,1,3292.0014892578124,3226.994990234375
2020-02-07,1,3294.651989746094,3230.8763916015623
2020-02-10,1,3298.9889892578126,3235.10779296875
2020-02-11,1,3302.4699951171874,3239.1901953125
2020-02-12,1,3307.2849975585937,3243.9595947265625
2020-02-13,1,3311.5174926757813,3249.1609912109375
2020-02-14,1,3314.6849853515623,3254.9001904296874
2020-02-18,1,3316.7184814453126,3260.050791015625
2020-02-19,1,3319.986474609375,3265.4251904296875
2020-02-20,1,3322.5604736328123,3269.971591796875
2020-02-21,1,3323.1709716796877,3274.007392578125
2020-02-24,1,3319.6919677734377,3275.8747900390626
2020-02-25,1,3313.9209716796877,3275.6063916015623
2020-02-26,1,3305.928466796875,3274.5627880859374
2020-02-27,1,3291.1964721679688,3270.7619873046874
2020-02-28,1,3274.724475097656,3266.0173876953127
2020-03-02,1,3267.9599731445314,3263.9715869140623
2020-03-03,0,3255.682482910156,3260.21619140625
2020-03-04,0,3247.308984375,3258.71119140625
2020-03-05,0,3231.771484375,3254.7655908203124
2020-03-06,0,3213.1009887695313,3249.73279296875
2020-03-09,0,3184.043493652344,3240.196396484375
2020-03-10,0,3160.55048828125,3233.0427978515627
2020-03-11,0,3129.731982421875,3223.0699951171873
2020-03-12,0,3084.7914794921876,3208.2569921875
2020-03-13,0,3051.6454833984376,3197.8617919921876
2020-03-16,0,3001.943981933594,3180.4273876953125
2020-03-17,0,2959.8889770507812,3166.3141845703126
2020-03-18,0,2910.4864868164063,3149.3505859375
2020-03-19,0,2862.294482421875,3132.79478515625
2020-03-20,0,2810.652978515625,3113.8321826171873
2020-03-23,0,2761.228479003906,3093.086181640625
2020-03-24,0,2727.1844848632813,3076.72578125
2020-03-25,0,2695.1429931640623,3060.474384765625
2020-03-26,0,2677.70849609375,3047.4127880859373
2020-03-27,0,2657.07099609375,3032.45638671875
2020-03-30,0,2633.8919921875,3018.65318359375
2020-03-31,0,2612.952990722656,3003.7525830078125
2020-04-01,0,2579.9719848632812,2986.7467822265626
2020-04-02,0,2555.119982910156,2970.8497802734373
2020-04-03,0,2530.933972167969,2954.1119775390625
2020-04-06,0,2526.7899658203123,2941.4761767578125
2020-04-07,0,2515.648962402344,2929.79177734375
2020-04-08,0,2516.078967285156,2919.2665771484376
2020-04-09,0,2531.537976074219,2909.59498046875
2020-04-13,0,2534.068469238281,2899.1543798828125
2020-04-14,0,2557.064978027344,2891.5651806640626
2020-04-15,0,2569.773486328125,2882.253984375
2020-04-16,0,2589.845983886719,2872.29318359375
2020-04-17,0,2613.1044921875,2863.0905859375
2020-04-20,0,2639.016491699219,2852.63818359375
2020-04-21,0,2663.974499511719,2840.815185546875
2020-04-22,0,2681.5734985351564,2829.7595849609374
2020-04-23,0,2697.685498046875,2818.5605859375
2020-04-24,0,2708.018994140625,2807.70638671875
2020-04-27,0,2724.869494628906,2797.7971875
2020-04-28,0,2736.706494140625,2787.461787109375
2020-04-29,0,2754.452490234375,2778.8461865234376
2020-04-30,1,2776.5489868164063,2769.371787109375
2020-05-01,1,2791.7394897460936,2758.52138671875
2020-05-04,1,2809.443994140625,2748.6211865234377
2020-05-05,1,2819.681994628906,2741.4721875
2020-05-06,1,2829.1324951171873,2735.87638671875
2020-05-07,1,2835.6929931640625,2731.1723876953124
2020-05-08,1,2842.6919921875,2730.1931884765627
2020-05-11,1,2851.1199951171875,2729.712587890625
2020-05-12,1,2852.322998046875,2725.310390625
2020-05-13,1,2854.154992675781,2721.64298828125
2020-05-14,1,2856.802490234375,2716.0905859375
2020-05-15,1,2856.259484863281,2712.8857861328124
2020-05-18,1,2862.796984863281,2712.51658203125
2020-05-19,1,2872.1159790039064,2716.0441796875
2020-05-20,1,2880.7309814453124,2717.8317822265626
2020-05-21,1,2888.2664794921875,2721.974384765625
2020-05-22,1,2894.2019775390627,2731.4705859375
2020-05-26,1,2899.8664794921874,2737.0855859375
2020-05-27,1,2908.5034790039062,2750.0855859375
2020-05-28,1,2913.0144775390627,2760.09638671875
2020-05-29,1,2919.6084838867187,2773.0205859375
2020-06-01,1,2930.859484863281,2785.9473876953125
2020-06-02,1,2942.7634887695312,2801.465390625
2020-06-03,1,2955.484997558594,2819.174794921875
2020-06-04,1,2968.681506347656,2832.4751953125
2020-06-05,1,2984.318505859375,2846.8425927734374
2020-06-08,1,2999.447998046875,2858.8889892578127
2020-06-09,1,3013.297497558594,2872.2031884765624
2020-06-10,1,3029.298486328125,2883.47298828125
2020-06-11,1,3038.4034912109373,2891.8231884765623
2020-06-12,1,3047.843994140625,2903.2393896484373
2020-06-15,1,3057.9885009765626,2914.033193359375
2020-06-16,1,3066.5300048828126,2926.7549951171877
2020-06-17,1,3076.057507324219,2935.7511962890626
2020-06-18,1,3083.244006347656,2944.8697998046873
2020-06-19,1,3090.7055053710938,2951.825
2020-06-22,1,3098.8260131835937,2958.38580078125
2020-06-23,1,3105.8020141601564,2965.77900390625
2020-06-24,1,3106.5120239257812,2969.864404296875
2020-06-25,1,3109.213525390625,2975.87240234375
2020-06-26,1,3107.4505249023437,2980.06240234375
2020-06-29,1,3107.326025390625,2983.6360009765626
2020-06-30,1,3108.299523925781,2989.178603515625
2020-07-01,1,3107.9490234375,2996.7646044921876
2020-07-02,1,3108.8320190429686,3003.378603515625
2020-07-06,1,3108.1215209960938,3011.017001953125
2020-07-07,1,3103.768029785156,3017.188603515625
2020-07-08,1,3101.9060302734374,3023.017802734375
2020-07-09,1,3100.0015380859377,3028.791005859375
2020-07-10,1,3109.14853515625,3033.7016064453123
2020-07-13,1,3114.844030761719,3038.5574072265626
2020-07-14,1,3121.39052734375,3045.8936083984377
2020-07-15,1,3126.4815307617187,3053.570009765625
2020-07-16,1,3131.5855346679687,3060.5126123046875
2020-07-17,1,3137.055029296875,3068.0388134765626
2020-07-20,1,3144.7600341796874,3075.45181640625
2020-07-21,1,3151.73203125,3082.00181640625
2020-07-22,1,3158.9685302734374,3088.91841796875
2020-07-23,1,3168.2350219726563,3096.2292138671874
2020-07-24,1,3174.828515625,3104.1418115234374
2020-07-27,1,3186.3465087890627,3111.880009765625
2020-07-28,1,3194.6065063476562,3118.9748095703126
2020-07-29,1,3202.5140014648437,3125.06541015625
2020-07-30,1,3209.0319946289064,3131.5310107421874
2020-07-31,1,3216.0875,3137.5212109375
2020-08-03,1,3221.8320068359376,3144.443212890625
2020-08-04,1,3229.89150390625,3151.4644140625
2020-08-05,1,3237.7830078125,3158.1844140625
2020-08-06,1,3247.6385009765627,3164.4450146484373
2020-08-07,1,3255.9505004882812,3170.876015625
2020-08-10,1,3266.213000488281,3177.1992138671876
2020-08-11,1,3273.0214965820314,3182.7584130859377
2020-08-12,1,3280.7109985351562,3188.749013671875
2020-08-13,1,3288.6039916992186,3193.7602099609376
2020-08-14,1,3296.0099975585936,3198.9702099609376
2020-08-17,1,3302.5174926757813,3202.7314111328124
2020-08-18,1,3309.141491699219,3205.8792138671874
2020-08-19,1,3314.0829956054686,3209.2326171875
2020-08-20,1,3321.5755004882812,3213.14001953125
2020-08-21,1,3330.652001953125,3221.0412158203126
2020-08-24,1,3340.2455078125,3228.840615234375
2020-08-25,1,3351.5045166015625,3236.3812158203127
2020-08-26,1,3362.5190185546876,3243.461015625
2020-08-27,1,3374.4355224609376,3250.882216796875
2020-08-28,1,3386.2800170898436,3258.735615234375
2020-08-31,1,3396.5650146484377,3266.7870166015623
2020-09-01,1,3407.5720092773436,3274.9628125
2020-09-02,1,3420.2255126953123,3283.9538134765626
2020-09-03,1,3425.5205200195314,3292.0484130859377
2020-09-04,1,3429.3045166015627,3298.912412109375
2020-09-08,1,3427.8730224609376,3305.368212890625
2020-09-09,1,3431.1365234375,3312.2826123046875
2020-09-10,1,3429.078515625,3317.0606103515624
2020-09-11,1,3427.455517578125,3321.5628076171874
2020-09-14,1,3427.9900146484374,3326.633408203125
2020-09-15,1,3428.9505126953127,3331.0630078125
2020-09-16,1,3428.7360107421873,3335.86640625
2020-09-17,1,3427.8440063476564,3339.6078076171875
2020-09-18,1,3424.5420043945314,3342.9562060546873
2020-09-21,1,3418.73701171875,3344.8766064453125
2020-09-22,1,3412.951513671875,3348.0836083984377
2020-09-23,1,3402.61650390625,3348.8716064453124
2020-09-24,1,3391.0095092773436,3349.27220703125
2020-09-25,1,3381.7050048828123,3350.9300048828127
2020-09-28,1,3373.8845092773436,3353.4674072265625
2020-09-29,1,3365.6425048828123,3355.1400048828127
2020-09-30,1,3357.460009765625,3357.25400390625
2020-10-01,0,3347.4580078125,3359.3496044921876
2020-10-02,0,3342.1260009765624,3361.6048046875
2020-10-05,0,3341.2080078125,3365.464208984375
2020-10-06,0,3342.664501953125,3367.89541015625
2020-10-07,0,3343.6885009765624,3371.91541015625
2020-10-08,0,3349.0705078125,3375.683212890625
2020-10-09,0,3355.87900390625,3380.301611328125
2020-10-12,0,3363.4130004882813,3385.5636083984373
2020-10-13,0,3368.949499511719,3389.9100048828127
2020-10-14,0,3374.10849609375,3393.553203125
2020-10-15,0,3380.425,3396.6646044921877
2020-10-16,0,3388.6420043945313,3399.357607421875
2020-10-19,0,3395.9349975585938,3400.8704052734374
2020-10-20,0,3402.3125,3402.523408203125
2020-10-21,1,3412.2445068359375,3404.560810546875
2020-10-22,1,3422.589501953125,3406.0236083984373
2020-10-23,1,3430.935998535156,3407.8628076171876
2020-10-26,1,3433.4044921875,3408.425205078125
2020-10-27,1,3436.164990234375,3408.59900390625
2020-10-28,1,3431.5664916992187,3406.22400390625
2020-10-29,1,3428.0319946289064,3404.9292041015624
2020-10-30,1,3424.108996582031,3402.618203125
2020-11-02,1,3419.1909912109377,3400.8798046875
2020-11-03,1,3419.60048828125,3399.63740234375
2020-11-04,1,3420.80048828125,3399.633798828125
2020-11-05,1,3423.981481933594,3400.2681982421873
2020-11-06,1,3425.596484375,3400.76599609375
2020-11-09,1,3426.4104858398437,3401.6157958984377
2020-11-10,1,3428.0904907226563,3402.5201953125
2020-11-11,1,3432.289990234375,3403.4403955078124
2020-11-12,1,3434.973486328125,3402.5637939453127
2020-11-13,1,3440.040478515625,3405.1655908203124
2020-11-16,1,3450.0399780273438,3409.16458984375
2020-11-17,1,3458.3604736328125,3414.718388671875
2020-11-18,1,3464.97197265625,3418.094990234375
2020-11-19,1,3471.390979003906,3422.94859375
2020-11-20,1,3475.998486328125,3427.2799951171874
2020-11-23,1,3484.8294921875,3431.16099609375
2020-11-24,1,3497.0659912109377,3435.8451953125
2020-11-25,1,3514.9969848632813,3440.7283935546875
2020-11-27,1,3531.408984375,3446.3551953125
2020-11-30,1,3548.99248046875,3452.3983935546876
2020-12-01,1,3566.602978515625,3460.02619140625
2020-12-02,1,3581.5954833984374,3467.094990234375
2020-12-03,1,3592.759484863281,3475.6909912109377
2020-12-04,1,3602.1929931640625,3484.741591796875
2020-12-07,1,3611.318994140625,3492.611591796875
2020-12-08,1,3618.906494140625,3499.62458984375
2020-12-09,1,3625.27099609375,3506.371591796875
2020-12-10,1,3630.043005371094,3512.47359375
2020-12-11,1,3636.3655029296874,3518.1267919921875
2020-12-14,1,3639.4825073242187,3524.108193359375
2020-12-15,1,3642.868017578125,3529.82859375
2020-12-16,1,3647.4500122070312,3536.6325927734374
2020-12-17,1,3655.1845092773438,3542.6933935546876
2020-12-18,1,3661.5614990234376,3547.944990234375
2020-12-21,1,3668.4304931640627,3552.3005908203127
2020-12-22,1,3673.9139892578123,3555.3613916015624
2020-12-23,1,3676.643994140625,3558.9229931640625
2020-12-24,1,3680.314501953125,3563.2107958984375
2020-12-28,1,3685.165002441406,3568.2511962890626
2020-12-29,1,3690.435510253906,3573.1157958984377
2020-12-30,1,3693.9150146484376,3579.2181982421876
2020-12-31,1,3698.268017578125,3585.477197265625
2021-01-04,1,3699.9645141601563,3590.778994140625
2021-01-05,1,3701.351513671875,3596.246396484375
2021-01-06,1,3704.160510253906,3601.901396484375
2021-01-07,1,3709.237512207031,3609.9577978515626
2021-01-08,1,3716.8305053710938,3618.6377978515625
2021-01-11,1,3723.406005859375,3629.2093994140623
2021-01-12,1,3730.2925048828124,3639.03099609375
2021-01-13,1,3738.410009765625,3649.8285986328124
2021-01-14,1,3743.456005859375,3659.534599609375
2021-01-15,1,3746.810009765625,3667.5164013671874
2021-01-19,1,3750.6315063476563,3674.62580078125
2021-01-20,1,3757.753515625,3681.4538037109373
2021-01-21,1,3765.661022949219,3688.32640625
2021-01-22,1,3773.3715209960938,3694.1458056640627
2021-01-25,1,3781.639025878906,3700.3424072265625
2021-01-26,1,3788.9670288085936,3705.881611328125
2021-01-27,1,3789.7375244140626,3710.1568115234377
2021-01-28,1,3792.7545166015625,3714.2014111328126
2021-01-29,1,3791.8645141601564,3715.9480126953126
2021-02-01,1,3792.754016113281,3719.2346142578126
2021-02-02,1,3799.0370239257813,3724.4050146484374
2021-02-03,1,3804.2025146484375,3729.3710107421875
2021-02-04,1,3810.38251953125,3735.655009765625
2021-02-05,1,3814.534521484375,3741.8398095703124
2021-02-08,1,3819.080029296875,3747.4434130859377
2021-02-09,1,3824.661022949219,3753.0750146484374
2021-02-10,1,3830.0955200195312,3758.5056103515626
2021-02-11,1,3835.422509765625,3764.4006103515626
2021-02-12,1,3842.38701171875,3769.848212890625
2021-02-16,1,3850.6040161132814,3775.119814453125
2021-02-17,1,3857.2250244140623,3780.4120166015623
2021-02-18,1,3860.331018066406,3784.709013671875
2021-02-19,1,3863.0130126953127,3789.004013671875
2021-02-22,1,3864.764514160156,3792.489013671875
2021-02-23,1,3866.0650146484377,3796.6600146484375
2021-02-24,1,3869.855505371094,3801.806611328125
2021-02-25,1,3873.7840087890627,3805.1242138671873
2021-02-26,1,3874.972509765625,3808.397412109375
2021-03-01,1,3884.351513671875,3812.5414111328123
2021-03-02,1,3889.1730102539063,3815.9238134765624
2021-03-03,1,3888.843505859375,3817.86861328125
2021-03-04,1,3885.758508300781,3819.049814453125
2021-03-05,1,3884.268505859375,3821.99021484375
2021-03-08,1,3880.9945068359375,3824.6720166015625
2021-03-09,1,3878.9869995117188,3828.380615234375
2021-03-10,1,3878.366003417969,3832.295615234375
2021-03-11,1,3879.839013671875,3836.37521484375
2021-03-12,1,3881.1870239257814,3840.7012158203124
2021-03-15,1,3882.8925170898438,3845.4392138671874
2021-03-16,1,3884.3985107421877,3849.57201171875
2021-03-17,1,3886.5380126953123,3855.041416015625
2021-03-18,1,3886.612512207031,3858.8134130859376
2021-03-19,1,3886.932019042969,3862.1126171875
2021-03-22,1,3890.1365234375,3864.8486181640624
2021-03-23,1,3891.5940185546874,3866.565419921875
2021-03-24,1,3889.7795166015626,3868.356015625
2021-03-25,1,3893.7885131835938,3870.5226171875
2021-03-26,1,3901.9580200195314,3873.8166162109374
2021-03-29,1,3905.421520996094,3877.3276171875
2021-03-30,1,3909.834521484375,3881.1336181640627
2021-03-31,1,3917.493017578125,3884.6132177734376
2021-04-01,1,3930.063024902344,3887.9736181640624
2021-04-05,1,3941.8615234375,3892.4704150390626
2021-04-06,1,3954.491015625,3897.119814453125
2021-04-07,1,3964.716516113281,3901.611611328125
2021-04-08,1,3974.6345092773436,3906.562607421875
2021-04-09,1,3984.1074951171877,3914.123203125
2021-04-12,1,3993.3400024414063,3920.93541015625
2021-04-13,1,4001.9724975585937,3929.4824072265624
2021-04-14,1,4010.0700073242188,3936.498408203125
2021-04-15,1,4019.8849975585936,3943.38060546875
2021-04-16,1,4033.3855102539064,3950.486611328125
2021-04-19,1,4045.8934936523438,3956.3170068359377
2021-04-20,1,4055.610986328125,3961.2792041015623
2021-04-21,1,4068.7559814453125,3966.43580078125
2021-04-22,1,4081.047985839844,3970.91080078125
2021-04-23,1,4094.5804809570313,3976.3166015625
2021-04-26,1,4105.234484863281,3981.74140625
2021-04-27,1,4116.0159912109375,3986.779208984375
2021-04-28,1,4127.247497558594,3991.7910107421876
2021-04-29,1,4139.176513671875,3997.3938134765626
2021-04-30,1,4147.24150390625,4002.7378125
2021-05-03,1,4152.979016113281,4008.45681640625
2021-05-04,1,4157.515026855469,4014.22001953125
2021-05-05,1,4161.897021484375,4019.9444140625
2021-05-06,1,4167.11953125,4025.4682177734376
2021-05-07,1,4172.309545898437,4033.53341796875
2021-05-10,1,4175.33154296875,4041.0790234375
2021-05-11,1,4175.8570556640625,4046.0846240234373
2021-05-12,1,4172.776049804687,4049.9396240234373
2021-05-13,1,4169.880053710937,4055.795224609375
2021-05-14,1,4169.299047851562,4063.9028271484376
2021-05-17,1,4169.300561523438,4070.3298291015626
2021-05-18,1,4168.945068359375,4076.4594287109376
2021-05-19,1,4166.058081054687,4081.2642333984377
2021-05-20,1,4167.265087890625,4086.4704345703126
2021-05-21,1,4166.049584960938,4090.800830078125
2021-05-24,1,4166.521069335938,4095.8750244140624
2021-05-25,1,4166.591552734375,4100.258823242188
2021-05-26,1,4167.2320556640625,4104.924428710938
2021-05-27,1,4166.7025390625,4109.459624023438
2021-05-28,1,4167.849536132812,4115.232622070313
2021-06-01,1,4168.318530273437,4121.011420898438
2021-06-02,1,4170.491528320313,4126.362021484375
2021-06-03,1,4171.754541015625,4132.008623046875
2021-06-04,1,4173.168041992188,4138.823627929687
2021-06-07,1,4172.864038085938,4145.163627929687
2021-06-08,1,4174.805517578125,4150.218022460937
2021-06-09,1,4178.178002929688,4155.187216796875
2021-06-10,1,4186.985009765625,4160.799819335937
2021-06-11,1,4193.732006835938,4166.2908203125
2021-06-14,1,4197.7969970703125,4170.996416015625
2021-06-15,1,4201.961987304688,4174.370014648437
2021-06-16,1,4206.7554931640625,4177.365219726563
2021-06-17,1,4212.064477539063,4180.20341796875
2021-06-18,1,4212.430981445313,4181.5890234375
2021-06-21,1,4215.877490234375,4183.508828125
2021-06-22,1,4218.346997070313,4185.877822265625
2021-06-23,1,4221.032495117188,4187.882822265625
2021-06-24,1,4224.5574951171875,4190.719423828125
2021-06-25,1,4228.548510742187,4192.925029296875
2021-06-28,1,4232.873510742187,4195.027822265625
2021-06-29,1,4237.361499023437,4197.598623046875
2021-06-30,1,4241.830493164062,4200.84982421875
2021-07-01,1,4248.184985351562,4203.780224609375
2021-07-02,1,4254.307470703125,4208.127421875
2021-07-06,1,4260.158471679688,4211.39482421875
2021-07-07,1,4266.701977539063,4214.80501953125
2021-07-08,1,4271.765478515625,4217.48701171875
2021-07-09,1,4278.283959960938,4221.214404296875
2021-07-12,1,4285.14345703125,4224.67759765625
2021-07-13,1,4290.846459960938,4228.4383984375
2021-07-14,1,4297.231958007813,4232.07119140625
2021-07-15,1,4304.0484375,4235.978583984375
2021-07-16,1,4309.313452148437,4239.169990234375
2021-07-19,1,4313.915454101562,4240.307392578125
2021-07-20,1,4318.828955078125,4242.116591796875
2021-07-21,1,4324.441455078125,4245.521787109375
2021-07-22,1,4330.723461914063,4249.829384765625
2021-07-23,1,4337.988452148437,4256.804384765625
2021-07-26,1,4345.068432617188,4263.000380859375
2021-07-27,1,4350.6109375,4267.552578125
2021-07-28,1,4356.052954101562,4272.299580078125
2021-07-29,1,4362.13544921875,4278.1259765625
2021-07-30,1,4365.901440429688,4283.717568359375
2021-08-02,1,4367.6424560546875,4288.278369140625
2021-08-03,1,4371.62294921875,4293.624169921875
2021-08-04,1,4373.849462890625,4297.736376953125
2021-08-05,1,4379.2634765625,4302.55578125
2021-08-06,1,4382.611987304687,4307.366376953125
2021-08-09,1,4384.997998046875,4311.99578125
2021-08-10,1,4388.375,4316.648583984375
2021-08-11,1,4391.780517578125,4321.455986328125
2021-08-12,1,4396.820532226562,4326.510185546875
2021-08-13,1,4403.862524414062,4332.01318359375
2021-08-16,1,4414.923510742187,4337.009580078125
2021-08-17,1,4421.17451171875,4341.44078125
2021-08-18,1,4423.253515625,4344.900986328125
2021-08-19,1,4425.169506835938,4348.625986328125
2021-08-20,1,4426.663500976562,4352.67578125
2021-08-23,1,4429.525,4357.317578125
2021-08-24,1,4433.763500976563,4361.9391796875
2021-08-25,1,4438.540991210937,4366.931181640625
2021-08-26,1,4441.08349609375,4371.857177734375
2021-08-27,1,4446.789013671875,4377.6073828125
2021-08-30,1,4453.8705078125,4384.8541796875
2021-08-31,1,4458.847021484375,4390.811982421875
2021-09-01,1,4464.918505859375,4396.36498046875
2021-09-02,1,4470.311010742187,4402.2671875
2021-09-03,1,4475.256518554687,4407.645986328125
2021-09-07,1,4479.6405029296875,4412.432578125
2021-09-08,1,4483.506494140625,4416.90177734375
2021-09-09,1,4486.049975585937,4420.931376953125
2021-09-10,1,4485.937475585937,4424.152978515625
2021-09-13,1,4485.973974609375,4427.128779296875
2021-09-14,1,4484.140966796875,4428.942978515625
2021-09-15,1,4485.77197265625,4431.686181640625
2021-09-16,1,4489.445971679687,4433.998583984375
2021-09-17,1,4490.805493164063,4436.2419921875
2021-09-20,1,4486.60849609375,4436.005595703125
2021-09-21,1,4480.34150390625,4435.396796875
2021-09-22,1,4475.81201171875,4435.925400390625
2021-09-23,1,4473.451513671875,4437.41900390625
2021-09-24,1,4472.725512695312,4439.3280078125
2021-09-27,1,4469.4125,4441.647001953125
2021-09-28,1,4460.6044921875,4443.529794921875
2021-09-29,1,4452.4434814453125,4444.25779296875
2021-09-30,0,4441.615991210938,4443.234794921875
2021-10-01,0,4432.6204833984375,4443.02599609375
2021-10-04,0,4420.87197265625,4440.79939453125
2021-10-05,0,4412.156494140625,4439.267802734375
2021-10-06,0,4404.6304931640625,4438.509599609375
2021-10-07,0,4399.9544921875,4438.4919921875
2021-10-08,0,4396.59248046875,4437.935791015625
2021-10-11,0,4391.215478515625,4437.25439453125
2021-10-12,0,4386.595483398438,4436.524189453125
2021-10-13,0,4380.750463867187,4435.3371875
2021-10-14,0,4378.9759521484375,4436.0491796875
2021-10-15,0,4380.894946289062,4436.894580078125
2021-10-18,0,4387.3314453125,4437.89337890625
2021-10-19,0,4395.603442382812,4439.638974609375
2021-10-20,0,4402.630932617188,4441.6277734375
2021-10-21,0,4407.670922851563,4443.775166015625
2021-10-22,0,4412.141918945313,4445.4565625
2021-10-25,0,4418.3104248046875,4447.426162109375
2021-10-26,0,4429.418432617187,4449.327763671875
2021-10-27,0,4439.029443359375,4451.399765625
2021-10-28,0,4453.4734375,4455.322763671875
2021-10-29,1,4465.8904296875,4459.314365234375
2021-11-01,1,4481.550927734375,4462.754365234375
2021-11-02,1,4495.797412109375,4465.776767578125
2021-11-03,1,4510.648413085937,4469.263564453125
2021-11-04,1,4524.663427734375,4472.940966796875
2021-11-05,1,4539.972924804688,4477.4915625
2021-11-08,1,4556.9984375,4481.3381640625
2021-11-09,1,4573.728442382812,4484.46736328125
2021-11-10,1,4587.873950195312,4486.947958984375
2021-11-11,1,4598.424462890625,4489.4515625
2021-11-12,1,4608.998461914062,4492.369560546875
2021-11-15,1,4618.815454101563,4495.316953125
2021-11-16,1,4627.878955078125,4498.93435546875
2021-11-17,1,4635.502954101563,4502.426357421875
2021-11-18,1,4643.240966796875,4506.6515625
2021-11-19,1,4650.893969726562,4511.43916015625
2021-11-22,1,4656.716967773437,4515.723359375
2021-11-23,1,4662.512475585938,4520.6763671875
2021-11-24,1,4670.00146484375,4525.0915625
2021-11-26,1,4669.911474609375,4527.50896484375
2021-11-29,1,4672.405981445312,4531.954560546875
2021-11-30,1,4670.072485351562,4536.1399609375
2021-12-01,1,4664.1919921875,4539.316962890625
2021-12-02,1,4660.018505859375,4542.946162109375
2021-12-03,1,4652.93701171875,4544.735166015625
2021-12-06,1,4647.644018554687,4547.45896484375
2021-12-07,1,4646.896508789063,4552.331767578125
2021-12-08,1,4647.694506835937,4559.303369140625
2021-12-09,1,4648.731518554688,4565.463173828125
2021-12-10,1,4651.8690185546875,4573.5527734375
2021-12-13,1,4651.175024414062,4579.791376953125
2021-12-14,1,4648.739526367188,4586.463974609375
2021-12-15,1,4649.187036132813,4593.746572265625
2021-12-16,1,4648.187036132813,4599.848974609375
2021-12-17,1,4643.992041015625,4604.26658203125
2021-12-20,1,4637.495043945312,4607.800185546875
2021-12-21,1,4635.809545898437,4613.560986328125
2021-12-22,1,4636.1025390625,4620.479189453125
2021-12-23,1,4637.31904296875,4627.718994140625
2021-12-27,1,4647.147534179688,4634.77759765625
2021-12-28,1,4653.7015380859375,4641.077197265625
2021-12-29,1,4665.004541015625,4647.20919921875
2021-12-30,1,4678.289038085937,4652.391201171875
2021-12-31,1,4687.7430419921875,4656.991005859375
2022-01-03,1,4700.6495361328125,4661.926611328125
2022-01-04,1,4710.7430419921875,4666.8994140625
2022-01-05,1,4711.434545898437,4669.581416015625
2022-01-06,1,4711.176538085938,4672.006611328125
2022-01-07,1,4711.655517578125,4674.513603515625
2022-01-10,1,4709.569018554687,4675.991005859375
2022-01-11,1,4711.773999023438,4678.1448046875
2022-01-12,1,4716.38701171875,4680.398408203125
2022-01-13,1,4713.84599609375,4680.966005859375
2022-01-14,1,4713.555004882813,4681.011611328125
2022-01-18,1,4711.378491210938,4678.952607421875
2022-01-19,1,4709.615478515625,4675.65720703125
2022-01-20,1,4701.290478515625,4671.277802734375
2022-01-21,1,4686.35947265625,4665.5316015625
2022-01-24,1,4670.57646484375,4660.8
2022-01-25,0,4648.8394775390625,4654.943603515625
2022-01-26,0,4627.018481445312,4648.285205078125
2022-01-27,0,4603.690966796875,4641.159404296875
2022-01-28,0,4586.34697265625,4635.778408203125
2022-01-31,0,4573.815454101563,4632.316005859375
2022-02-01,0,4561.314453125,4629.156005859375
2022-02-02,0,4551.1064453125,4626.984404296875
2022-02-03,0,4539.949438476562,4622.874404296875
2022-02-04,0,4530.1734375,4619.07099609375
2022-02-07,0,4520.515454101563,4614.71919921875
2022-02-08,0,4513.077954101563,4613.25759765625
2022-02-09,0,4506.783471679688,4611.89580078125
2022-02-10,0,4495.669970703125,4610.63740234375
2022-02-11,0,4483.65048828125,4608.749404296875
2022-02-14,0,4470.591479492187,4605.24080078125
2022-02-15,0,4465.289477539062,4603.89359375
2022-02-16,0,4462.4019775390625,4601.560390625
2022-02-17,0,4457.278466796875,4595.4305859375
2022-02-18,0,4454.824975585938,4588.3837890625
2022-02-22,0,4449.556469726563,4581.12998046875
2022-02-23,0,4443.008959960937,4571.399580078125
2022-02-24,0,4439.9474609375,4563.7941796875
2022-02-25,0,4442.854467773437,4558.805380859375
2022-02-28,0,4439.958959960937,4552.087177734375
2022-03-01,0,4429.494458007813,4544.838974609375
2022-03-02,0,4421.494458007813,4540.15697265625
2022-03-03,0,4410.199975585938,4536.066376953125
2022-03-04,0,4402.771484375,4529.6591796875
2022-03-07,0,4387.799487304687,4519.749775390625
2022-03-08,0,4372.1409912109375,4508.647978515625
2022-03-09,0,4359.957983398437,4498.38177734375
2022-03-10,0,4343.574975585938,4487.84517578125
2022-03-11,0,4328.586474609375,4476.07017578125
2022-03-14,0,4316.3099609375,4463.9577734375
2022-03-15,0,4309.348974609375,4453.883173828125
2022-03-16,0,4303.6884765625,4445.109169921875
2022-03-17,0,4300.521484375,4437.471767578125
2022-03-18,0,4304.664501953125,4432.722568359375
2022-03-21,0,4310.280004882812,4428.02517578125
2022-03-22,0,4320.622509765625,4424.71677734375
2022-03-23,0,4332.159521484375,4420.43578125
2022-03-24,0,4343.73251953125,4416.577587890625
2022-03-25,0,4351.65302734375,4412.911787109375
2022-03-28,0,4361.73203125,4411.241591796875
2022-03-29,0,4377.999047851563,4410.616591796875
2022-03-30,0,4388.7945556640625,4411.1233984375
2022-03-31,0,4397.140551757812,4411.07640625
2022-04-01,0,4407.9900390625,4412.33900390625
2022-04-04,1,4427.067553710937,4416.0330078125
2022-04-05,1,4444.788549804687,4418.3328125
2022-04-06,1,4454.95205078125,4420.826806640625
2022-04-07,1,4466.986547851562,4423.83240234375
2022-04-08,1,4481.185034179687,4427.067802734375
2022-04-11,1,4493.156030273438,4426.681396484375
2022-04-12,1,4499.906030273438,4424.319404296875
2022-04-13,1,4504.342529296875,4422.320400390625
2022-04-14,1,4503.388525390625,4418.384599609375
2022-04-18,1,4499.8170166015625,4416.669599609375
2022-04-19,1,4499.868505859375,4415.903203125
2022-04-20,1,4497.260522460938,4415.4148046875
2022-04-21,1,4494.131518554687,4412.85720703125
2022-04-22,1,4481.7125,4406.54919921875
2022-04-25,1,4469.365502929688,4402.39
2022-04-26,1,4449.34951171875,4397.521201171875
2022-04-27,1,4426.967504882812,4393.167001953125
2022-04-28,1,4411.219995117188,4389.49560546875
2022-04-29,1,4391.29599609375,4382.634013671875
2022-05-02,0,4371.771997070313,4378.136416015625
2022-05-03,0,4351.413989257812,4374.66861328125
2022-05-04,0,4340.166479492187,4374.57681640625
2022-05-05,0,4323.452490234375,4373.00421875
2022-05-06,0,4304.608984375,4369.69701171875
2022-05-09,0,4279.756994628906,4361.828813476563
2022-05-10,0,4259.1830078125,4354.371015625
2022-05-11,0,4236.069494628906,4346.949418945313
2022-05-12,0,4210.244006347656,4337.820219726563
2022-05-13,0,4191.809008789062,4331.028212890625
2022-05-16,0,4172.625012207031,4324.611010742187
2022-05-17,0,4153.957019042969,4322.366215820312
2022-05-18,0,4127.168505859375,4317.425810546875
2022-05-19,0,4102.525,4309.884013671875
2022-05-20,0,4084.004016113281,4302.720815429688
2022-05-23,0,4067.8855102539064,4298.109614257813
2022-05-24,0,4056.199499511719,4293.477016601562
2022-05-25,0,4045.9380004882814,4287.8026123046875
2022-05-26,0,4034.4550048828123,4281.802216796875
2022-05-27,0,4035.7705078125,4276.733623046875
2022-05-31,0,4034.6090087890625,4270.11421875
2022-06-01,0,4030.8965087890624,4262.91521484375
2022-06-02,0,4024.72900390625,4256.2194140625
2022-06-03,0,4022.8125,4249.26541015625
2022-06-06,0,4022.7170166015626,4241.290810546875
2022-06-07,0,4031.1890258789062,4233.643212890625
2022-06-08,0,4036.9250244140626,4224.448212890625
2022-06-09,0,4041.05703125,4212.172612304687
2022-06-10,0,4039.5960327148437,4198.140810546875
2022-06-13,0,4025.8830322265626,4182.525205078125
2022-06-14,0,4012.2565307617188,4166.317607421875
2022-06-15,0,3997.313525390625,4150.464604492187
2022-06-16,0,3984.4680297851564,4133.297602539063
2022-06-17,0,3973.1705322265625,4117.17140625
2022-06-21,0,3966.3420288085936,4102.4630078125
2022-06-22,0,3955.6490234375,4087.8952099609373
2022-06-23,0,3948.3615234375,4075.5592138671873
2022-06-24,0,3945.0120239257812,4065.845009765625
2022-06-27,0,3937.125524902344,4054.9154150390623
2022-06-28,0,3920.291015625,4043.494619140625
2022-06-29,0,3904.6250244140624,4032.037421875
2022-06-30,0,3888.83251953125,4018.5008203125
2022-07-01,0,3871.2580322265626,4005.81841796875
2022-07-05,0,3857.400524902344,3994.5730126953126
2022-07-06,0,3843.5830200195314,3986.0390185546876
2022-07-07,0,3830.6800170898437,3978.1690185546877
2022-07-08,0,3819.8605102539063,3972.6526123046874
2022-07-11,0,3811.6910034179687,3966.06201171875
2022-07-12,0,3807.588000488281,3956.6880126953124
2022-07-13,0,3810.1955078125,3950.085009765625
2022-07-14,0,3812.9405029296877,3942.785009765625
2022-07-15,0,3816.5989990234375,3936.5386083984376
2022-07-18,0,3824.8030029296874,3927.1522119140627
2022-07-19,0,3837.8954956054686,3922.9486083984375
2022-07-20,0,3847.650988769531,3919.6798095703125
2022-07-21,0,3859.6039916992186,3919.8340087890624
2022-07-22,0,3867.8989868164062,3919.04560546875
2022-07-25,0,3870.6539916992188,3919.67880859375
2022-07-26,0,3871.7009887695312,3919.4982080078125
2022-07-27,0,3881.803991699219,3919.4926123046876
2022-07-28,0,3894.483984375,3920.7810107421874
2022-07-29,0,3911.7294921875,3921.6098095703123
2022-08-01,1,3926.394482421875,3925.50880859375
2022-08-02,1,3939.384484863281,3929.316806640625
2022-08-03,1,3954.8889770507812,3934.3930029296876
2022-08-04,1,3967.3549682617186,3937.9568017578126
2022-08-05,1,3979.645471191406,3942.0310009765626
2022-08-08,1,3993.9269775390626,3945.2576025390626
2022-08-09,1,4009.110485839844,3946.550205078125
2022-08-10,1,4029.53349609375,3947.590205078125
2022-08-11,1,4050.3780029296877,3949.092607421875
2022-08-12,1,4071.227502441406,3952.671005859375
2022-08-15,1,4094.5420043945314,3955.077412109375
2022-08-16,1,4112.967517089844,3959.010615234375
2022-08-17,1,4128.674523925782,3962.0628125
2022-08-18,1,4142.914038085937,3964.524013671875
2022-08-19,1,4156.25654296875,3966.778212890625
2022-08-22,1,4164.814050292969,3969.1816162109376
2022-08-23,1,4175.198046875,3973.739013671875
2022-08-24,1,4181.056042480469,3981.56181640625
2022-08-25,1,4187.390551757812,3990.834619140625
2022-08-26,1,4183.759045410156,3996.188017578125
2022-08-29,1,4179.358056640625,4003.4648193359376
2022-08-30,1,4174.106555175781,4009.6912158203127
2022-08-31,1,4164.098059082031,4013.4954150390627
2022-09-01,1,4154.843566894531,4017.634619140625
2022-09-02,1,4143.7970703125,4020.2052197265625
2022-09-06,1,4132.203564453125,4020.13421875
2022-09-07,1,4125.073559570313,4021.7294189453123
2022-09-08,1,4114.870544433594,4025.4220166015625
2022-09-09,1,4107.875048828125,4030.3926171875
2022-09-12,1,4099.3880615234375,4036.89322265625
2022-09-13,1,4081.1655517578124,4039.040419921875
2022-09-14,1,4063.2060424804686,4041.332822265625
2022-09-15,1,4044.5715454101564,4042.45822265625
2022-09-16,0,4024.0510375976564,4041.872421875
2022-09-19,0,4007.621533203125,4041.8826220703127
2022-09-20,0,3993.518518066406,4041.9126220703124
2022-09-21,0,3976.578515625,4041.3352197265626
2022-09-22,0,3957.4395141601562,4040.4594189453123
2022-09-23,0,3932.1450073242186,4038.5164208984374
2022-09-26,0,3912.014013671875,4034.3540234375
2022-09-27,0,3892.848010253906,4030.682822265625
2022-09-28,0,3879.4920166015627,4026.32982421875
2022-09-29,0,3863.765515136719,4019.9412255859374
2022-09-30,0,3844.7040161132813,4011.67462890625
2022-10-03,0,3832.4125122070313,4006.0106298828123
2022-10-04,0,3826.54951171875,4002.4924267578126
2022-10-05,0,3816.720007324219,3999.7370263671874
2022-10-06,0,3803.63701171875,3994.155224609375
2022-10-07,0,3782.252001953125,3985.49982421875
2022-10-10,0,3757.3509887695313,3975.1418212890626
2022-10-11,0,3740.15849609375,3964.546025390625
2022-10-12,0,3721.7094970703124,3954.2628271484373
2022-10-13,0,3710.137487792969,3944.557626953125
2022-10-14,0,3695.6244873046876,3933.1802294921877
2022-10-17,0,3684.527490234375,3923.8354296875
2022-10-18,0,3677.7299926757814,3915.433828125
2022-10-19,0,3672.991491699219,3906.8876220703123
2022-10-20,0,3668.380993652344,3895.99841796875
2022-10-21,0,3671.3569946289062,3886.908017578125
2022-10-24,0,3678.4719970703127,3877.2518212890627
2022-10-25,0,3689.0630004882814,3868.491220703125
2022-10-26,0,3694.641003417969,3858.99921875
2022-10-27,0,3702.9825073242187,3849.6644189453127
2022-10-28,0,3718.754504394531,3842.0108154296877
2022-10-31,0,3728.4320068359375,3834.8808154296876
2022-11-01,0,3731.6905151367187,3829.2430126953127
2022-11-02,0,3730.5110107421874,3821.8622119140623
2022-11-03,0,3729.279504394531,3813.444609375
2022-11-04,0,3735.824011230469,3804.8732080078125
2022-11-07,0,3745.5445190429687,3799.8560107421877
2022-11-08,0,3757.508020019531,3795.8060107421875
2022-11-09,0,3766.0850219726562,3791.0542138671876
2022-11-10,0,3780.4080322265627,3791.0816162109377
2022-11-11,1,3800.901025390625,3791.603212890625
2022-11-14,1,3814.8660278320312,3792.2630126953127
2022-11-15,1,3828.4535278320313,3793.9338134765626
2022-11-16,1,3841.6350341796874,3793.5122119140624
2022-11-17,1,3855.674035644531,3792.319814453125
2022-11-18,1,3866.3035400390627,3790.2794140625
2022-11-21,1,3873.9335327148438,3787.070009765625
2022-11-22,1,3881.15703125,3788.4878125
2022-11-23,1,3890.990026855469,3790.1128125
2022-11-25,1,3901.9310302734375,3792.608212890625
2022-11-28,1,3905.0750244140627,3794.42041015625
2022-11-29,1,3909.35751953125,3795.5752099609376
2022-11-30,1,3920.5580200195313,3800.0588134765626
2022-12-01,1,3936.4020263671873,3805.7916162109377
2022-12-02,1,3953.992529296875,3812.0658154296875
2022-12-05,1,3965.40703125,3818.178017578125
2022-12-06,1,3972.130029296875,3823.9024169921877
2022-12-07,1,3977.420520019531,3829.6350146484374
2022-12-08,1,3988.167517089844,3834.5244140625
2022-12-09,1,3987.068005371094,3840.4026123046874
2022-12-12,1,3986.94951171875,3848.5014111328123
2022-12-13,1,3990.0695068359373,3855.325810546875
2022-12-14,1,3990.2490112304686,3859.41361328125
2022-12-15,1,3987.0970092773437,3861.6630126953123
2022-12-16,1,3982.38701171875,3863.819814453125
2022-12-19,1,3975.0030029296877,3867.379814453125
2022-12-20,1,3968.58701171875,3871.5644189453124
2022-12-21,1,3962.3300048828123,3877.356416015625
2022-12-22,1,3952.0864990234377,3882.26361328125
2022-12-23,1,3943.0214965820314,3885.76181640625
2022-12-27,1,3936.286999511719,3890.6854150390627
2022-12-28,1,3927.56650390625,3892.7908154296874
2022-12-29,1,3916.025,3895.37681640625
2022-12-30,1,3904.171496582031,3898.2636181640623
2023-01-03,0,3891.793493652344,3901.4308154296873
2023-01-04,0,3884.4999877929686,3903.43521484375
2023-01-05,0,3877.8419921875,3903.6504150390624
2023-01-06,0,3875.9,3904.369814453125
2023-01-09,0,3872.32900390625,3905.5996142578124
2023-01-10,0,3871.572509765625,3907.83861328125
2023-01-11,0,3870.525012207031,3909.2096142578125
2023-01-12,0,3868.7010131835937,3911.4334130859374
2023-01-13,0,3868.889514160156,3914.293212890625
2023-01-17,0,3873.6505126953125,3918.9188134765627
2023-01-18,0,3877.4755126953123,3923.0982177734377
2023-01-19,0,3881.535021972656,3925.66421875
2023-01-20,0,3889.084521484375,3928.980419921875
2023-01-23,0,3896.15302734375,3932.8144189453124
2023-01-24,0,3905.8810302734373,3938.1820166015623
2023-01-25,0,3914.451025390625,3939.379013671875
2023-01-26,0,3926.0100219726564,3940.729013671875
2023-01-27,0,3940.3770263671877,3942.99521484375
2023-01-30,1,3948.8015258789064,3943.516015625
2023-01-31,1,3960.656530761719,3945.872216796875
2023-02-01,1,3975.4100341796875,3949.32521484375
2023-02-02,1,3991.7495239257814,3953.6136083984375
2023-02-03,1,4008.1685180664062,3957.3444091796873
2023-02-06,1,4018.9685180664064,3959.4944091796874
2023-02-07,1,4032.564013671875,3962.229208984375
2023-02-08,1,4042.4945068359375,3964.06400390625
2023-02-09,1,4048.089001464844,3966.415205078125
2023-02-10,1,4053.453503417969,3969.071806640625
2023-02-13,1,4060.3635009765626,3970.2154052734377
2023-02-14,1,4067.6214965820313,3971.4066015625
2023-02-15,1,4078.55849609375,3972.9246044921874
2023-02-16,1,4088.1364868164064,3974.7560009765625
2023-02-17,1,4093.460485839844,3977.5126025390623
2023-02-21,1,4092.3369873046877,3978.781005859375
2023-02-22,1,4091.0419921875,3979.331806640625
2023-02-23,1,4090.8469970703127,3980.8906103515624
2023-02-24,1,4086.327502441406,3980.4802099609374
2023-02-27,1,4081.9114990234375,3979.73201171875
2023-02-28,1,4079.5304931640626,3979.2286083984377
2023-03-01,1,4073.269982910156,3980.34140625
2023-03-02,1,4066.376989746094,3982.9212060546874
2023-03-03,1,4059.67099609375,3987.4808056640627
2023-03-06,1,4055.2679931640623,3992.0168017578126
2023-03-07,1,4049.0324951171874,3994.1754052734377
2023-03-08,1,4040.432995605469,3997.5678076171876
2023-03-09,1,4030.456005859375,3999.0378076171874
2023-03-10,1,4019.4605102539062,3999.684609375
2023-03-13,1,4007.7255126953123,4001.13541015625
2023-03-14,0,3996.8255126953127,4002.5356103515624
2023-03-15,0,3984.615515136719,4003.584208984375
2023-03-16,0,3975.24951171875,4006.30701171875
2023-03-17,0,3966.5610107421876,4007.58041015625
2023-03-20,0,3960.185009765625,4010.4498095703125
2023-03-21,0,3960.4615112304687,4012.6056103515625
2023-03-22,0,3957.7575073242188,4013.5032080078126
2023-03-23,0,3954.577502441406,4014.092607421875
2023-03-24,0,3954.625,4014.120205078125
2023-03-27,0,3954.389501953125,4014.0074072265625
2023-03-28,0,3954.4455078125,4013.451005859375
2023-03-29,0,3958.2665161132813,4014.1878076171874
2023-03-30,0,3961.740515136719,4016.62720703125
2023-03-31,0,3964.9240234375,4020.83640625
2023-04-03,0,3968.728515625,4023.8743994140623
2023-04-04,0,3974.4400146484377,4025.4902001953124
2023-04-05,0,3979.358508300781,4026.958798828125
2023-04-06,0,3988.693505859375,4028.7347998046876
2023-04-10,0,4001.0694946289063,4029.7083984375
2023-04-11,0,4013.7284912109376,4030.47599609375
2023-04-12,0,4022.3614868164063,4031.9595947265625
2023-04-13,1,4035.0760009765627,4033.3519970703123
2023-04-14,1,4043.9440063476563,4033.7206005859375
2023-04-17,1,4055.6780029296874,4033.1518017578123
2023-04-18,1,4065.8430053710936,4033.5196044921877
2023-04-19,1,4073.425500488281,4034.3884033203126
2023-04-20,1,4083.06650390625,4033.7042041015625
2023-04-21,1,4092.306506347656,4034.0174072265627
2023-04-24,1,4100.6090087890625,4035.1282080078126
2023-04-25,1,4105.314001464843,4034.7516064453125
2023-04-26,1,4109.55,4033.12560546875
2023-04-27,1,4114.927001953125,4033.110009765625
2023-04-28,1,4120.8594970703125,4033.547607421875
2023-05-01,1,4123.7875,4035.0968115234373
2023-05-02,1,4123.541015625,4035.906611328125
2023-05-03,1,4123.048510742187,4037.7748095703123
2023-05-04,1,4121.590515136719,4039.1782080078124
2023-05-05,1,4123.152014160156,4041.656806640625
2023-05-08,1,4124.602526855469,4045.018408203125
2023-05-09,1,4125.114025878906,4047.7570068359373
2023-05-10,1,4127.39853515625,4051.1068115234375
2023-05-11,1,4126.6185302734375,4054.691416015625
2023-05-12,1,4125.94052734375,4057.546015625
2023-05-15,1,4125.188525390625,4059.3588134765623
2023-05-16,1,4122.940014648438,4060.5884130859376
2023-05-17,1,4123.152514648437,4064.0364111328126
2023-05-18,1,4126.565502929688,4068.15720703125
2023-05-19,1,4129.488500976562,4073.6304052734376
2023-05-22,1,4132.267993164062,4080.251201171875
2023-05-23,1,4135.965502929687,4086.0476025390626
2023-05-24,1,4138.928015136718,4089.9666064453127
2023-05-25,1,4139.724499511719,4095.153603515625
2023-05-26,1,4141.523010253906,4100.0570068359375
2023-05-30,1,4143.405505371094,4105.834609375
2023-05-31,1,4146.418005371093,4110.399809570313
2023-06-01,1,4152.931506347656,4114.762807617188
2023-06-02,1,4163.989013671875,4121.670810546875
2023-06-05,1,4170.866015625,4128.172211914062
2023-06-06,1,4178.152514648437,4134.4294140625
2023-06-07,1,4185.57001953125,4140.229213867187
2023-06-08,1,4193.384521484375,4146.682416992187
2023-06-09,1,4201.7965087890625,4152.103413085937
2023-06-12,1,4212.539013671875,4157.865415039062
2023-06-13,1,4224.175512695312,4163.0594091796875
2023-06-14,1,4237.310009765625,4168.021010742187
2023-06-15,1,4250.663500976562,4174.525805664062
2023-06-16,1,4261.240502929688,4180.910004882812
2023-06-20,1,4271.077001953125,4186.583803710938
2023-06-21,1,4279.730004882813,4191.715405273438
2023-06-22,1,4291.5455078125,4197.174409179687
2023-06-23,1,4303.2,4202.30201171875
2023-06-26,1,4312.077001953125,4205.95400390625
2023-06-27,1,4320.725,4210.769404296875
2023-06-28,1,4329.2919921875,4215.280205078125
2023-06-29,1,4340.122485351562,4220.1116015625
2023-06-30,1,4351.590478515625,4226.028798828125
2023-07-03,1,4360.25146484375,4232.544794921875
2023-07-05,1,4368.9029541015625,4238.810791015625
2023-07-06,1,4375.28994140625,4244.301787109375
2023-07-07,1,4381.8614501953125,4250.848193359375
2023-07-10,1,4387.641430664063,4257.918989257812
2023-07-11,1,4394.66142578125,4263.997182617188
2023-07-12,1,4401.322924804687,4270.050786132812
2023-07-13,1,4408.374438476562,4276.894184570312
2023-07-14,1,4415.015942382813,4284.610981445312
2023-07-17,1,4419.863452148437,4293.251782226563
2023-07-18,1,4427.132958984375,4303.126982421875
2023-07-19,1,4435.983471679688,4311.71638671875
2023-07-20,1,4444.44248046875,4319.65138671875
2023-07-21,1,4452.164965820312,4327.99478515625
2023-07-24,1,4462.48046875,4336.33478515625
2023-07-25,1,4474.4124755859375,4345.07158203125
2023-07-26,1,4483.8294677734375,4353.92498046875
2023-07-27,1,4491.856982421875,4361.947587890625
2023-07-28,1,4501.146484375,4371.394189453125
2023-07-31,1,4508.07548828125,4379.99798828125
2023-08-01,1,4514.132495117187,4387.571591796875
2023-08-02,1,4517.461010742188,4393.999794921875
2023-08-03,1,4521.976025390625,4400.185
2023-08-04,1,4525.930004882813,4406.833994140625
2023-08-07,1,4531.375512695313,4414.89798828125
2023-08-08,1,4534.381518554687,4421.859990234375
2023-08-09,1,4534.159008789063,4427.105185546875
2023-08-10,1,4532.0985107421875,4432.37138671875
2023-08-11,1,4530.030004882812,4438.05578125
2023-08-14,1,4528.376513671875,4443.42978515625
2023-08-15,1,4522.5205078125,4446.539580078125
2023-08-16,1,4514.451000976563,4449.150380859375
2023-08-17,1,4506.22548828125,4450.880576171875
2023-08-18,1,4497.893994140625,4452.924375
2023-08-21,1,4490.15048828125,4455.041171875
2023-08-22,1,4481.15498046875,4456.814970703125
2023-08-23,1,4474.61796875,4458.7565625
2023-08-24,1,4466.562963867187,4458.902568359375
2023-08-25,0,4457.736962890625,4459.564970703125
2023-08-28,0,4449.9544677734375,4459.714375
2023-08-29,0,4445.999462890625,4461.47517578125
2023-08-30,0,4446.073461914062,4463.99837890625
2023-08-31,0,4446.361962890625,4466.837783203125
2023-09-01,0,4448.248974609375,4469.515380859375
2023-09-05,0,4447.168481445313,4472.485380859375
2023-09-06,0,4445.473486328125,4475.218583984375
2023-09-07,0,4444.644995117187,4476.67318359375
2023-09-08,0,4444.0780029296875,4478.285791015625
2023-09-11,0,4445.248510742187,4480.10619140625
2023-09-12,0,4443.857495117188,4480.336591796875
2023-09-13,0,4445.336499023438,4480.57359375
2023-09-14,0,4450.375,4481.73919921875
2023-09-15,0,4454.372998046875,4482.513798828125
2023-09-18,0,4458.563989257813,4483.605390625
2023-09-19,0,4460.772998046875,4484.293798828125
2023-09-20,0,4461.505517578125,4483.552607421875
2023-09-21,0,4456.205029296875,4480.709404296875
2023-09-22,0,4453.392529296875,4476.9098046875
2023-09-25,0,4449.979028320313,4473.550205078125
2023-09-26,0,4441.990014648438,4468.565
2023-09-27,0,4430.834008789063,4462.955595703125
2023-09-28,0,4420.075512695313,4457.6351953125
2023-09-29,0,4409.094995117188,4452.6987890625
2023-10-02,0,4397.726000976562,4447.739794921875
2023-10-03,0,4384.357006835938,4441.23599609375
2023-10-04,0,4374.2705078125,4435.161796875
2023-10-05,0,4364.622998046875,4428.990595703125
2023-10-06,0,4357.173486328125,4424.412392578125
2023-10-09,0,4349.58349609375,4419.48099609375
2023-10-10,0,4344.4005126953125,4414.8666015625
2023-10-11,0,4339.876025390625,4410.871005859375
2023-10-12,0,4332.101513671875,4407.595400390625
2023-10-13,0,4325.97451171875,4404.113193359375
2023-10-16,0,4321.979516601563,4402.0251953125
2023-10-17,0,4318.4420166015625,4399.120400390625
2023-10-18,0,4314.06201171875,4395.4248046875
2023-10-19,0,4311.46201171875,4391.63060546875
2023-10-20,0,4306.667016601563,4386.73720703125
2023-10-23,0,4300.647021484375,4381.79701171875
2023-10-24,0,4299.354541015625,4376.9562109375
2023-10-25,0,4294.967553710938,4371.9344140625
2023-10-26,0,4286.84404296875,4366.592412109375
2023-10-27,0,4278.31005859375,4361.5326171875
2023-10-30,0,4272.23154296875,4357.474814453125
2023-10-31,0,4270.4490234375,4353.35541015625
2023-11-01,0,4269.154516601562,4350.361611328125
2023-11-02,0,4272.134008789062,4347.99701171875
2023-11-03,0,4274.626000976563,4347.637607421875
2023-11-06,0,4276.1419921875,4346.8430078125
2023-11-07,0,4277.148974609375,4345.744404296875
2023-11-08,0,4277.440454101563,4343.44740234375
2023-11-09,0,4277.327465820313,4340.097001953125
2023-11-10,0,4281.70048828125,4338.248603515625
2023-11-13,0,4283.596484375,4336.16419921875
2023-11-14,0,4289.721484375,4336.1416015625
2023-11-15,0,4299.135473632812,4336.889599609375
2023-11-16,0,4310.647485351563,4338.0316015625
2023-11-17,0,4325.140478515625,4339.162197265625
2023-11-20,1,4341.657470703125,4340.360595703125
2023-11-21,1,4356.182958984375,4341.886396484375
2023-11-22,1,4374.675463867187,4343.67
2023-11-24,1,4395.78095703125,4344.754794921875
2023-11-27,1,4417.4339599609375,4346.757001953125
2023-11-28,1,4436.837475585938,4348.784208984375
2023-11-29,1,4454.676489257812,4350.916806640625
2023-11-30,1,4471.173486328125,4354.228798828125
2023-12-01,1,4485.0159912109375,4359.521396484375
2023-12-04,1,4495.58798828125,4364.515791015625
2023-12-05,1,4505.647998046875,4369.110595703125
2023-12-06,1,4514.19599609375,4374.626796875
2023-12-07,1,4524.336499023438,4380.8483984375
2023-12-08,1,4537.1875,4386.941796875
2023-12-11,1,4547.5474853515625,4393.629599609375
2023-12-12,1,4559.155004882812,4400.73580078125
2023-12-13,1,4569.7244873046875,4410.28859375
2023-12-14,1,4580.5579833984375,4419.40458984375
2023-12-15,1,4591.10546875,4428.62458984375
2023-12-18,1,4602.432470703125,4437.265791015625
2023-12-19,1,4613.481982421875,4445.919990234375
2023-12-20,1,4621.489990234375,4452.7221875
2023-12-21,1,4630.996484375,4460.11818359375
2023-12-22,1,4640.760986328125,4468.218583984375
2023-12-26,1,4651.976977539062,4477.15798828125
2023-12-27,1,4663.311474609375,4485.3169921875
2023-12-28,1,4674.949975585938,4493.519990234375
2023-12-29,1,4685.051489257812,4502.62458984375
2024-01-02,1,4692.461499023438,4511.92119140625
2024-01-03,1,4699.2130126953125,4521.534189453125
2024-01-04,1,4705.288012695312,4530.9669921875
2024-01-05,1,4712.683032226562,4539.958193359375
2024-01-08,1,4721.580541992187,4551.49359375
2024-01-09,1,4729.187036132813,4563.878994140625
2024-01-10,1,4737.237548828125,4577.200595703125
2024-01-11,1,4744.06455078125,4589.46900390625
2024-01-12,1,4747.9015625,4601.269609375
2024-01-16,1,4750.223071289062,4611.83201171875
2024-01-17,1,4751.224072265625,4620.260615234375
2024-01-18,1,4753.24306640625,4628.7126171875
2024-01-19,1,4756.8150634765625,4638.18921875
2024-01-22,1,4764.4190673828125,4647.630224609375
2024-01-23,1,4770.311572265625,4657.266630859375
2024-01-24,1,4776.007568359375,4667.690625
2024-01-25,1,4781.978076171875,4677.2690234375
2024-01-26,1,4787.447583007813,4686.857431640625
2024-01-29,1,4794.676586914063,4695.50203125
2024-01-30,1,4802.43359375,4703.943837890625
2024-01-31,1,4807.5745849609375,4710.69203125
2024-02-01,1,4817.643579101563,4718.5354296875
2024-02-02,1,4831.140063476562,4726.760029296875
2024-02-05,1,4843.4185546875,4734.852431640625
2024-02-06,1,4852.953051757812,4742.80462890625
2024-02-07,1,4864.8810546875,4751.519033203125
2024-02-08,1,4875.604052734375,4760.4686328125
2024-02-09,1,4887.922534179687,4769.90302734375
2024-02-12,1,4899.823022460938,4779.32822265625
2024-02-13,1,4909.18251953125,4787.035625
2024-02-14,1,4922.25302734375,4795.1554296875
2024-02-15,1,4934.692529296875,4804.35443359375
2024-02-16,1,4942.980517578125,4813.1222265625
2024-02-20,1,4949.2344970703125,4821.645625
2024-02-21,1,4955.094482421875,4829.56982421875
2024-02-22,1,4966.018481445312,4839.223017578125
2024-02-23,1,4975.750463867187,4848.55021484375
2024-02-26,1,4984.678442382812,4857.066806640625
2024-02-27,1,4992.190942382813,4864.48861328125
2024-02-28,1,4999.430419921875,4871.4928125
2024-02-29,1,5011.96142578125,4879.0344140625
2024-03-01,1,5023.505932617188,4886.964814453125
2024-03-04,1,5032.12294921875,4894.216416015625
2024-03-05,1,5038.91494140625,4901.822412109375
2024-03-06,1,5046.441430664063,4908.982607421875
2024-03-07,1,5054.556420898438,4917.03720703125
2024-03-08,1,5060.84541015625,4924.016005859375
2024-03-11,1,5065.4119140625,4930.743203125
2024-03-12,1,5073.083422851562,4938.5816015625
2024-03-13,1,5083.6904296875,4946.491201171875
2024-03-14,1,5091.183422851563,4954.64419921875
2024-03-15,1,5095.551416015625,4962.889794921875
2024-03-18,1,5102.743920898438,4972.10458984375
2024-03-19,1,5112.8939208984375,4981.72998046875
2024-03-20,1,5125.034936523438,4990.95158203125
2024-03-21,1,5132.759936523437,5000.652177734375
2024-03-22,1,5140.028955078125,5009.66677734375
2024-03-25,1,5147.461962890625,5018.425771484375
2024-03-26,1,5153.731958007813,5026.820771484375
2024-03-27,1,5162.668481445313,5036.4709765625
2024-03-28,1,5170.572485351562,5046.773779296875
2024-04-01,1,5175.906982421875,5056.030380859375
2024-04-02,1,5179.649975585938,5063.350380859375
2024-04-03,1,5186.2919921875,5070.57158203125
2024-04-04,1,5188.414501953125,5076.223779296875
2024-04-05,1,5190.763500976563,5082.939580078125
2024-04-08,1,5194.698510742188,5089.1041796875
2024-04-09,1,5199.297021484375,5095.482978515625
2024-04-10,1,5198.56552734375,5100.137177734375
2024-04-11,1,5200.25302734375,5105.618974609375
2024-04-12,1,5198.8995361328125,5111.1741796875
2024-04-15,1,5196.13603515625,5114.28677734375
2024-04-16,1,5191.235546875,5116.142783203125
2024-04-17,1,5183.420556640625,5117.73078125
2024-04-18,1,5172.745556640625,5118.868583984375
2024-04-19,1,5159.03056640625,5118.311982421875
2024-04-22,1,5147.8515625,5118.56578125
2024-04-23,1,5140.469555664063,5119.444580078125
2024-04-24,1,5133.872045898437,5120.440380859375
2024-04-25,1,5123.8685302734375,5122.345380859375
2024-04-26,0,5116.1490234375,5124.332177734375
2024-04-29,0,5109.769018554687,5126.0609765625
2024-04-30,0,5101.263012695313,5126.66337890625
2024-05-01,0,5091.6080078125,5127.520986328125
2024-05-02,0,5087.45751953125,5129.168994140625
2024-05-03,0,5083.630029296875,5129.98419921875
2024-05-06,0,5082.547534179687,5131.8230078125
2024-05-07,0,5081.437036132813,5134.186416015625
2024-05-08,0,5082.788525390625,5136.3762109375
2024-05-09,0,5083.539526367187,5139.2626171875
2024-05-10,0,5088.50302734375,5141.7908203125
2024-05-13,0,5096.4830322265625,5143.4776171875
2024-05-14,0,5106.246533203125,5145.792216796875
2024-05-15,0,5120.543530273438,5150.382216796875
2024-05-16,0,5134.842529296875,5154.2290234375
2024-05-17,0,5151.64453125,5157.1472265625
2024-05-20,1,5166.521020507813,5160.836025390625
2024-05-21,1,5179.064038085938,5164.9054296875
2024-05-22,1,5190.833032226563,5167.540224609375
2024-05-23,1,5201.804028320313,5169.5908203125
2024-05-24,1,5212.042041015625,5172.675625
2024-05-28,1,5221.535546875,5176.45462890625
2024-05-29,1,5233.098559570312,5178.805234375
2024-05-30,1,5243.953051757812,5179.944638671875
2024-05-31,1,5254.6185302734375,5181.002431640625
2024-06-03,1,5262.3990234375,5181.839833984375
2024-06-04,1,5267.92900390625,5182.98302734375
2024-06-05,1,5276.2454833984375,5185.69982421875
2024-06-06,1,5284.509985351562,5188.687421875
2024-06-07,1,5291.155493164062,5190.657421875
2024-06-10,1,5298.060986328125,5192.786220703125
2024-06-11,1,5305.7559814453125,5195.417216796875
2024-06-12,1,5314.473461914063,5199.721611328125
2024-06-13,1,5320.752978515625,5204.166611328125
2024-06-14,1,5327.477978515625,5209.8544140625
2024-06-17,1,5335.9759765625,5215.232216796875
2024-06-18,1,5344.920971679688,5220.925009765625
2024-06-20,1,5352.508959960937,5226.190205078125
2024-06-21,1,5360.389477539063,5232.2698046875
2024-06-24,1,5369.3909912109375,5237.246005859375
2024-06-25,1,5377.619970703125,5244.163798828125
2024-06-26,1,5386.212963867188,5252.485400390625
2024-06-27,1,5397.008959960937,5261.114599609375
2024-06-28,1,5408.258959960937,5269.88
2024-07-01,1,5418.137963867188,5279.15939453125
2024-07-02,1,5429.41845703125,5289.994990234375
2024-07-03,1,5441.702465820313,5300.523388671875
2024-07-05,1,5452.3604736328125,5310.45619140625
2024-07-08,1,5463.35498046875,5320.480595703125
2024-07-09,1,5474.854467773437,5331.051796875
2024-07-10,1,5488.510473632812,5341.73080078125
2024-07-11,1,5498.971484375,5351.098203125
2024-07-12,1,5508.6875,5362.69140625
2024-07-15,1,5518.561499023437,5374.9480078125
2024-07-16,1,5530.34150390625,5387.0080078125
2024-07-17,1,5536.093505859375,5396.217607421875
2024-07-18,1,5538.971508789063,5403.494599609375
2024-07-19,1,5540.563012695313,5409.840595703125
2024-07-22,1,5545.552514648438,5417.375400390625
2024-07-23,1,5550.946020507812,5424.208603515625
2024-07-24,1,5548.8375244140625,5428.29759765625
2024-07-25,1,5544.903540039062,5431.853603515625
2024-07-26,1,5543.7150390625,5436.102001953125
2024-07-29,1,5543.8680419921875,5439.2098046875
2024-07-30,1,5541.935546875,5441.9966015625
2024-07-31,1,5542.600048828125,5446.377197265625
2024-08-01,1,5538.083056640625,5449.148203125
2024-08-02,1,5527.0515625,5449.651201171875
2024-08-05,1,5507.725561523437,5447.237607421875
2024-08-06,1,5490.8780517578125,5446.68140625
2024-08-07,1,5469.157543945313,5444.577001953125
2024-08-08,1,5455.896044921875,5444.84240234375
2024-08-09,0,5442.3365478515625,5446.3866015625
2024-08-12,0,5427.995043945312,5448.5648046875
2024-08-13,0,5416.35654296875,5451.703212890625
2024-08-14,0,5409.703540039062,5455.1394140625
2024-08-15,0,5409.63505859375,5460.177021484375
2024-08-16,0,5412.09755859375,5464.18142578125
2024-08-19,0,5414.28955078125,5469.2872265625
2024-08-20,0,5416.358544921875,5474.28982421875
2024-08-21,0,5426.0445556640625,5479.491025390625
2024-08-22,0,5434.615551757813,5483.397431640625
2024-08-23,0,5443.391040039062,5487.669033203125
2024-08-26,0,5451.0560302734375,5491.331025390625
2024-08-27,0,5460.5240234375,5495.21501953125
2024-08-28,0,5464.018041992187,5497.5940234375
2024-08-29,0,5471.28203125,5499.692626953125
2024-08-30,0,5486.3740234375,5503.1972265625
2024-09-03,0,5503.5040283203125,5504.483427734375
2024-09-04,1,5517.506030273437,5505.927421875
2024-09-05,1,5532.7015380859375,5506.60962890625
2024-09-06,1,5537.15703125,5505.220029296875
2024-09-09,1,5543.501513671875,5504.983623046875
2024-09-10,1,5551.0580078125,5505.684423828125
2024-09-11,1,5557.042993164063,5507.265224609375
2024-09-12,1,5564.070483398437,5509.000224609375
2024-09-13,1,5568.210473632813,5510.780224609375
2024-09-16,1,5572.1524658203125,5512.09822265625
2024-09-17,1,5573.468969726562,5513.332822265625
2024-09-18,1,5574.525952148438,5514.15841796875
2024-09-19,1,5579.165454101562,5515.753017578125
2024-09-20,1,5585.7609375,5518.113212890625
2024-09-23,1,5589.958935546875,5520.177607421875
2024-09-24,1,5595.763452148438,5522.211806640625
2024-09-25,1,5600.586450195313,5523.312998046875
2024-09-26,1,5608.245947265625,5526.455
2024-09-27,1,5615.5564453125,5530.3266015625
2024-09-30,1,5621.26044921875,5535.476201171875
2024-10-01,1,5630.251440429687,5538.362998046875
2024-10-02,1,5639.724951171875,5541.438994140625
2024-10-03,1,5649.551440429687,5546.8951953125
2024-10-04,1,5666.683935546875,5553.9321875
2024-10-07,1,5677.928442382812,5558.668984375
2024-10-08,1,5690.708935546875,5564.42078125
2024-10-09,1,5702.604443359375,5571.532783203125
2024-10-10,1,5711.8189453125,5576.687783203125
2024-10-11,1,5721.26943359375,5584.054775390625
2024-10-14,1,5732.607446289063,5594.320576171875
2024-10-15,1,5741.641430664063,5606.899169921875
2024-10-16,1,5752.851953125,5618.947978515625
2024-10-17,1,5759.24345703125,5631.7873828125
2024-10-18,1,5767.349462890625,5642.694580078125
2024-10-21,1,5774.119970703125,5652.8909765625
2024-10-22,1,5780.033471679688,5663.027177734375
2024-10-23,1,5783.791479492187,5670.28697265625
2024-10-24,1,5787.015966796875,5677.379970703125
2024-10-25,1,5790.5134765625,5682.67796875
2024-10-28,1,5793.565478515625,5688.063369140625
2024-10-29,1,5799.773974609375,5692.556767578125
2024-10-30,1,5804.98046875,5696.887763671875
2024-10-31,1,5805.2559814453125,5698.579765625
2024-11-01,1,5804.14248046875,5701.742958984375
2024-11-04,1,5804.97998046875,5703.304560546875
2024-11-05,1,5806.561474609375,5706.622958984375
2024-11-06,1,5813.411474609375,5712.687763671875
2024-11-07,1,5823.063989257813,5720.306162109375
2024-11-08,1,5832.089501953125,5728.377763671875
2024-11-11,1,5839.164501953125,5735.436767578125
2024-11-12,1,5847.601025390625,5744.53796875
2024-11-13,1,5854.746508789062,5753.844169921875
2024-11-14,1,5860.131494140625,5762.759365234375
2024-11-15,1,5860.42900390625,5772.003369140625
2024-11-18,1,5862.4110107421875,5780.454775390625
2024-11-19,1,5865.7,5788.883974609375
2024-11-20,1,5871.684497070312,5796.14357421875
2024-11-21,1,5878.627001953125,5803.202578125
2024-11-22,1,5886.68798828125,5810.068974609375
2024-11-25,1,5894.8804931640625,5817.154580078125
2024-11-26,1,5904.315991210938,5824.895576171875
2024-11-27,1,5913.569506835937,5832.505185546875
2024-11-29,1,5929.915991210937,5838.87998046875
2024-12-02,1,5945.83349609375,5845.771982421875
2024-12-03,1,5962.6929931640625,5852.39818359375
2024-12-04,1,5977.8795166015625,5859.469384765625
2024-12-05,1,5985.1830078125,5866.52638671875
2024-12-06,1,5991.04150390625,5873.424384765625
2024-12-09,1,5993.907006835938,5879.71798828125
2024-12-10,1,5995.585009765625,5885.166591796875
2024-12-11,1,6000.594995117188,5892.675390625
2024-12-12,1,6003.888500976563,5899.50958984375
2024-12-13,1,6008.9844970703125,5906.532587890625
2024-12-16,1,6019.157495117188,5912.99279296875
2024-12-17,1,6027.006982421875,5920.08619140625
2024-12-18,1,6024.7659912109375,5922.506796875
2024-12-19,1,6022.264501953125,5924.00759765625
2024-12-20,1,6021.371508789062,5927.023603515625
2024-12-23,1,6021.6080078125,5930.204404296875
2024-12-24,1,6024.24150390625,5933.808203125
2024-12-26,1,6025.039501953125,5938.2548046875
2024-12-27,1,6023.644482421875,5940.822197265625
2024-12-30,1,6017.372485351562,5942.131591796875
2024-12-31,1,6009.096484375,5942.470791015625
2025-01-02,1,6000.02998046875,5942.7621875
2025-01-03,1,5992.8289794921875,5944.587587890625
2025-01-06,1,5987.84248046875,5948.146787109375
2025-01-07,1,5978.78046875,5950.130185546875
2025-01-08,1,5972.050463867187,5952.332783203125
2025-01-10,1,5961.656958007812,5952.40318359375
2025-01-13,0,5949.258471679687,5952.469189453125
2025-01-14,0,5938.841479492187,5953.053994140625
2025-01-15,0,5933.782495117188,5957.943193359375
2025-01-16,0,5926.945483398437,5962.113994140625
2025-01-17,0,5924.247998046875,5967.7933984375
2025-01-21,0,5933.102001953125,5973.1230078125
2025-01-22,0,5944.06650390625,5976.269609375
2025-01-23,0,5953.459497070313,5979.181806640625
2025-01-24,0,5959.818017578125,5981.295810546875
2025-01-27,0,5958.430004882813,5981.514404296875
2025-01-28,0,5959.935522460937,5983.188603515625
2025-01-29,0,5963.359033203125,5984.26720703125
2025-01-30,0,5971.570532226562,5986.70720703125
2025-01-31,0,5979.51552734375,5990.105400390625
2025-02-03,0,5985.8165283203125,5992.12439453125
2025-02-04,0,5990.58701171875,5994.542392578125
2025-02-05,0,5994.892016601562,5997.429794921875
2025-02-06,1,6003.6190185546875,6000.1269921875
2025-02-07,1,6009.006030273437,6001.26
2025-02-10,1,6020.976025390625,6002.841396484375
2025-02-11,1,6032.590014648437,6003.778798828125
2025-02-12,1,6043.043017578125,6004.8433984375
2025-02-13,1,6051.301000976562,6006.497197265625
2025-02-14,1,6060.165502929687,6007.846796875
2025-02-18,1,6066.811499023437,6009.44080078125
2025-02-19,1,6071.556982421875,6010.593994140625
2025-02-20,1,6073.114477539062,6011.442197265625
2025-02-21,1,6067.835473632813,6009.89939453125
2025-02-24,1,6061.935961914062,6008.507392578125
2025-02-25,1,6059.08447265625,6006.914189453125
2025-02-26,1,6053.502465820313,6004.351591796875
2025-02-27,1,6044.615454101562,6000.55798828125
2025-02-28,1,6038.781958007812,5998.62619140625
2025-03-03,1,6029.241479492188,5994.138994140625
2025-03-04,1,6018.420483398438,5988.689794921875
2025-03-05,1,6008.657983398438,5988.099189453125
2025-03-06,1,5992.509985351562,5985.52798828125
2025-03-07,0,5976.84150390625,5982.314990234375
2025-03-10,0,5956.269995117187,5975.124794921875
2025-03-11,0,5931.551489257812,5965.765390625
2025-03-12,0,5908.091479492187,5956.99958984375
2025-03-13,0,5881.5689697265625,5948.013193359375
2025-03-14,0,5857.762475585938,5942.653193359375
2025-03-17,0,5835.7869873046875,5938.522998046875
2025-03-18,0,5810.040991210937,5933.445205078125
2025-03-19,0,5786.597998046875,5928.1016015625
2025-03-20,0,5763.86650390625,5921.851806640625
2025-03-21,0,5746.5880126953125,5917.022412109375
2025-03-24,0,5735.80400390625,5914.00880859375
2025-03-25,0,5726.873999023437,5913.001005859375
2025-03-26,0,5714.681005859375,5910.52060546875
2025-03-27,0,5706.268017578125,5907.528603515625
2025-03-28,0,5687.590014648437,5900.14919921875
2025-03-31,0,5675.696508789062,5893.639404296875
2025-04-01,0,5668.4425048828125,5886.36759765625
2025-04-02,0,5659.859521484375,5878.802197265625
2025-04-03,0,5642.759521484375,5865.0051953125
2025-04-04,0,5607.953515625,5844.11259765625
2025-04-07,0,5580.3380126953125,5823.33279296875
2025-04-08,0,5550.873022460937,5802.74259765625
2025-04-09,0,5543.75302734375,5790.526591796875
2025-04-10,0,5531.079516601562,5775.10138671875
2025-04-11,0,5517.300512695312,5760.945185546875
2025-04-14,0,5503.843017578125,5748.253994140625
2025-04-15,0,5492.94150390625,5736.2951953125
2025-04-16,0,5472.96201171875,5721.0516015625
2025-04-17,0,5453.9525146484375,5705.476005859375
2025-04-21,0,5428.484521484375,5686.96861328125
2025-04-22,0,5404.4940185546875,5672.20400390625
2025-04-23,0,5384.454516601562,5658.39240234375
2025-04-24,0,5373.0830078125,5646.717802734375
2025-04-25,0,5364.678002929688,5636.18259765625
2025-04-28,0,5362.068505859375,5624.456201171875
2025-04-29,0,5359.517504882812,5613.380205078125
2025-04-30,0,5356.3170166015625,5602.1698046875
2025-05-01,0,5352.975512695312,5591.369609375
2025-05-02,0,5367.4830078125,5582.752607421875
2025-05-05,0,5396.297998046875,5575.497607421875
2025-05-06,0,5423.531005859375,5567.970810546875
2025-05-07,0,5455.956494140625,5561.49140625
2025-05-08,0,5466.30849609375,5555.64900390625
2025-05-09,0,5485.901513671875,5551.615810546875
2025-05-12,0,5509.943017578125,5549.409609375
2025-05-13,0,5533.971997070313,5550.146201171875
2025-05-14,1,5558.769506835937,5552.4348046875
2025-05-15,1,5590.831005859375,5553.920810546875
2025-05-16,1,5624.614990234375,5558.3180078125
2025-05-19,1,5664.884985351562,5562.186005859375
2025-05-20,1,5697.519995117187,5568.70400390625
2025-05-21,1,5720.957495117187,5574.1548046875
2025-05-22,1,5738.819482421875,5579.00900390625
2025-05-23,1,5752.699975585938,5584.635
2025-05-27,1,5772.3394775390625,5590.287001953125
2025-05-28,1,5788.7254638671875,5594.555595703125
2025-05-29,1,5805.88095703125,5600.505791015625
2025-05-30,1,5821.258447265625,5605.2337890625
2025-06-02,1,5833.721948242188,5610.69478515625
2025-06-03,1,5849.721459960938,5616.750986328125
2025-06-04,1,5867.916455078125,5620.815791015625
2025-06-05,1,5883.317456054688,5624.0687890625
2025-06-06,1,5900.138452148438,5629.831982421875
2025-06-09,1,5917.436938476562,5636.08337890625
2025-06-10,1,5927.167944335937,5645.24078125
2025-06-11,1,5933.952465820313,5653.448583984375
2025-06-12,1,5941.586450195313,5661.6923828125
2025-06-13,1,5944.588452148438,5667.8123828125
2025-06-16,1,5948.324951171875,5680.5441796875
2025-06-17,1,5949.28095703125,5698.716982421875
2025-06-18,1,5951.30146484375,5717.089384765625
2025-06-20,1,5957.462963867188,5736.79078125
2025-06-23,1,5966.6209716796875,5748.156181640625
2025-06-24,1,5981.0889892578125,5764.6387890625
2025-06-25,1,5989.6199951171875,5779.214794921875
2025-06-26,1,6002.243505859375,5793.915791015625
2025-06-27,1,6015.288500976562,5809.44458984375
2025-06-30,1,6029.951513671875,5828.02958984375
2025-07-01,1,6043.055004882813,5846.33578125
2025-07-02,1,6055.907495117188,5867.72017578125
2025-07-03,1,6071.334497070313,5887.551982421875
2025-07-07,1,6085.868505859375,5904.634384765625
2025-07-08,1,6097.126513671875,5919.449384765625
2025-07-09,1,6109.9955078125,5934.210380859375
2025-07-10,1,6122.0780029296875,5949.244580078125
2025-07-11,1,6133.9534912109375,5963.222978515625
2025-07-14,1,6145.118505859375,5977.212978515625
2025-07-15,1,6158.457983398437,5990.00537109375
2025-07-16,1,6169.9875,6001.5459765625
2025-07-17,1,6185.719482421875,6014.485576171875
2025-07-18,1,6201.515478515625,6028.283173828125
2025-07-21,1,6218.403491210937,6041.769580078125
2025-07-22,1,6232.626000976563,6054.68318359375
2025-07-23,1,6245.9625,6068.66318359375
2025-07-24,1,6259.521997070313,6079.04638671875
2025-07-25,1,6271.903002929687,6089.088193359375
2025-07-28,1,6282.738012695312,6099.0319921875
2025-07-29,1,6291.03349609375,6108.1105859375
2025-07-30,1,6299.278002929687,6116.200986328125
2025-07-31,1,6304.876513671875,6123.716787109375
2025-08-01,1,6302.809497070312,6129.667783203125
2025-08-04,1,6307.8074951171875,6139.374384765625
2025-08-05,1,6311.490991210938,6148.51798828125
2025-08-06,1,6315.581005859375,6159.36279296875
2025-08-07,1,6318.5580078125,6167.7319921875
2025-08-08,1,6325.043017578125,6177.75
2025-08-11,1,6330.287524414062,6186.97560546875
2025-08-12,1,6340.387524414063,6197.657001953125
2025-08-13,1,6350.531518554688,6208.2698046875
2025-08-14,1,6359.09052734375,6218.233203125
2025-08-15,1,6366.741015625,6227.812998046875
2025-08-18,1,6373.918505859375,6238.01
2025-08-19,1,6379.006005859375,6246.230205078125
2025-08-20,1,6380.8494873046875,6254.028203125
2025-08-21,1,6381.190478515625,6260.655400390625
2025-08-22,1,6385.103979492187,6269.548798828125
2025-08-25,1,6387.581469726562,6277.43
2025-08-26,1,6392.335473632813,6287.20939453125
2025-08-27,1,6398.260473632812,6296.1751953125
2025-08-28,1,6406.383959960937,6306.55798828125
2025-08-29,1,6417.4964599609375,6316.14578125
2025-09-02,1,6421.77646484375,6325.09978515625
2025-09-03,1,6429.229956054687,6333.56158203125
2025-09-04,1,6437.08095703125,6341.759580078125
2025-09-05,1,6444.15595703125,6349.546376953125
2025-09-08,1,6449.440942382813,6356.628974609375
2025-09-09,1,6456.39892578125,6363.419775390625
2025-09-10,1,6460.712939453125,6369.961572265625
2025-09-11,1,6466.7574462890625,6377.75078125
2025-09-12,1,6472.544946289063,6384.88818359375
2025-09-15,1,6480.8189453125,6391.60677734375
2025-09-16,1,6488.699438476562,6399.142373046875
2025-09-17,1,6498.1484375,6406.638974609375
2025-09-18,1,6509.957446289062,6414.012978515625
2025-09-19,1,6524.666943359375,6421.6909765625
2025-09-22,1,6536.008935546875,6430.3709765625
2025-09-23,1,6546.888940429688,6438.138173828125
2025-09-24,1,6555.490454101562,6446.0223828125
2025-09-25,1,6561.656469726562,6452.842783203125
2025-09-26,1,6568.748486328125,6459.76958984375
2025-09-29,1,6578.79599609375,6467.05798828125
2025-09-30,1,6592.4419921875,6474.715185546875
2025-10-01,1,6605.589013671875,6482.746787109375
2025-10-02,1,6616.252514648438,6489.8755859375
2025-10-03,1,6627.967016601562,6496.924384765625
2025-10-06,1,6640.2235107421875,6503.957177734375
2025-10-07,1,6650.322509765625,6510.45357421875
2025-10-08,1,6661.406518554688,6518.11078125
2025-10-09,1,6668.788500976562,6525.55498046875
2025-10-10,1,6667.199487304688,6529.817373046875
2025-10-13,1,6669.1715087890625,6538.15158203125
2025-10-14,1,6671.0490234375,6544.438984375
2025-10-15,1,6674.584521484375,6551.87638671875
2025-10-16,1,6674.440014648438,6557.55658203125
2025-10-17,1,6674.422509765625,6564.03677734375
2025-10-20,1,6676.49150390625,6570.95037109375
2025-10-21,1,6680.413012695312,6578.188369140625
2025-10-22,1,6683.4844970703125,6583.261171875
2025-10-23,1,6690.170483398438,6588.698369140625
